user_id,destination_id,name,category,district,estimated_cost_lkr,duration_hours,sustainability_score,crowd_score,seasonality_score,weather_temp_c,weather_rain_risk,weather_suitability,content_similarity,content_similarity_normalized,preference_score,budget_score,crowd_fit_score,weather_fit_score,context_score,hybrid_score,rank,explanation
U001,D051,Viharamahadevi Park,nature;city,colombo,2000,2.0,58,29,56,28.4,0.197,0.803,0.09443082711082199,0.9704804094697665,1.0,1.0,0.5857142857142857,0.803,0.9083071428571428,0.9456111028247169,1.0,matches your interests; fits your budget; has suitable weather
U001,D032,Ravana Falls,nature,badulla,3000,2.0,65,33,59,30.1,0.104,0.896,0.08712964606758515,0.8954450276432596,1.0,1.0,0.5285714285714286,0.896,0.9136857142857142,0.9027413023002415,2.0,matches your interests; fits your budget; has suitable weather
U001,D070,Brief Garden,nature,kalutara,4000,2.5,59,37,67,26.8,0.056,0.944,0.07694736638503763,0.7908001435731726,1.0,1.0,0.4714285714285714,0.944,0.9123142857142856,0.8394058004296179,3.0,matches your interests; fits your budget; has suitable weather
U001,D034,Lipton's Seat,nature,badulla,4000,4.0,67,37,64,30.8,0.48,0.52,0.0803864305891952,0.8261439453713585,1.0,1.0,0.4714285714285714,0.52,0.8487142857142856,0.8351720815085293,4.0,matches your interests; fits your budget
U001,D097,Haputale,nature;city,badulla,4000,3.0,61,28,52,25.1,0.164,0.836,0.07601560503648168,0.7812242861679053,1.0,1.0,0.6,0.836,0.9153999999999999,0.8348945717007432,5.0,matches your interests; fits your budget; matches your preferred crowd level; has suitable weather
U001,D093,Riverston,nature;adventure,matale,6000,5.0,57,34,58,24.8,0.299,0.701,0.08027312366448278,0.8249794723485646,1.0,0.8333333333333334,0.5142857142857142,0.701,0.8406261904761905,0.831238159599615,6.0,matches your interests; fits your budget; has suitable weather
U001,D027,Ramboda Falls,nature,nuwara eliya,3000,2.0,65,30,58,26.9,0.607,0.393,0.07960392487724377,0.8181020115349025,1.0,1.0,0.5714285714285714,0.393,0.8446642857142856,0.8287269212066557,7.0,matches your interests; fits your budget
U001,D066,Bopath Ella,nature,ratnapura,3000,3.0,57,34,56,28.7,0.611,0.389,0.080031795476752,0.8224993047421674,1.0,1.0,0.5142857142857142,0.389,0.8354928571428571,0.8276967257024432,8.0,matches your interests; fits your budget
U001,D024,Hakgala Botanical Garden,nature,nuwara eliya,3500,3.0,62,31,57,25.1,0.054,0.946,0.06908053969052744,0.7099515327402278,1.0,1.0,0.5571428571428572,0.946,0.9254714285714286,0.7961594910727081,9.0,matches your interests; fits your budget; has suitable weather
U001,D021,Gregory Lake,nature,nuwara eliya,3000,2.5,61,39,53,24.2,0.417,0.583,0.07341059771785886,0.75445221769622,1.0,1.0,0.44285714285714284,0.583,0.8538785714285714,0.7942227591891605,10.0,matches your interests; fits your budget
U002,D088,Tangalle Beach,beach,hambantota,5000,4.0,55,37,61,28.8,0.061,0.939,0.20003613017738486,1.0,1.0,1.0,0.74,0.939,0.9518499999999999,0.98074,1.0,matches your interests; fits your budget; matches your preferred crowd level; has suitable weather
U002,D012,Casuarina Beach,beach,jaffna,4000,3.0,58,43,50,29.1,0.134,0.866,0.1977206455133242,0.9884246677737297,1.0,1.0,0.86,0.866,0.9589,0.9766148006642378,2.0,matches your interests; fits your budget; matches your preferred crowd level; has suitable weather
U002,D047,Marble Beach,beach,trincomalee,5000,3.0,52,33,61,28.9,0.259,0.741,0.19949329315773737,0.9972863051331471,1.0,1.0,0.6599999999999999,0.741,0.9101499999999999,0.9624317830798883,3.0,matches your interests; fits your budget; matches your preferred crowd level; has suitable weather
U002,D079,Mirissa Beach,beach,matara,6000,4.0,56,36,63,24.2,0.301,0.699,0.18674344659014466,0.9335485865705724,1.0,1.0,0.72,0.699,0.9128499999999999,0.9252691519423434,4.0,matches your interests; fits your budget; matches your preferred crowd level
U002,D041,Pasikuda Beach,beach,batticaloa,7000,4.0,58,35,51,27.2,0.249,0.751,0.18283800939723166,0.9140249275723215,1.0,1.0,0.7,0.751,0.91765,0.9154749565433928,5.0,matches your interests; fits your budget; matches your preferred crowd level; has suitable weather
U002,D055,Negombo Beach,beach,gampaha,5000,3.0,57,32,52,25.6,0.253,0.747,0.18271758356330287,0.9134229071581992,1.0,1.0,0.64,0.747,0.9080499999999999,0.9112737442949195,6.0,matches your interests; fits your budget; matches your preferred crowd level; has suitable weather
U002,D043,Nilaveli Beach,beach,trincomalee,7000,4.0,57,31,48,25.4,0.608,0.392,0.1882391896889922,0.9410259512722449,1.0,1.0,0.62,0.392,0.8517999999999999,0.9053355707633468,7.0,matches your interests; fits your budget; matches your preferred crowd level
U002,D054,Mount Lavinia Beach,beach,colombo,5000,3.0,59,37,62,25.7,0.332,0.668,0.16704709098776785,0.835084596165885,1.0,1.0,0.74,0.668,0.9111999999999999,0.865530757699531,8.0,matches your interests; fits your budget; matches your preferred crowd level
U002,D075,Unawatuna Beach,beach,galle,6000,4.0,58,44,54,29.4,0.624,0.376,0.1302554002735927,0.6511593688504516,1.0,1.0,0.88,0.376,0.8884,0.7460556213102709,9.0,matches your interests; fits your budget; matches your preferred crowd level
U002,D081,Polhena Beach,beach;marine,matara,5000,3.0,57,45,55,24.6,0.007,0.993,0.11717177519529219,0.5857530591668039,1.0,1.0,0.9,0.993,0.98395,0.7450318355000823,10.0,matches your interests; fits your budget; matches your preferred crowd level; has suitable weather
U003,D037,Buduruwagala,heritage,monaragala,3000,2.5,62,31,48,27.3,0.274,0.726,0.16376219103642325,1.0,1.0,1.0,0.5571428571428572,0.726,0.8924714285714286,0.9569885714285714,1.0,matches your interests; fits your budget; has suitable weather
U003,D010,Jaffna Fort,heritage,jaffna,3000,2.0,54,30,63,27.2,0.058,0.942,0.14382696702796505,0.8782672368860508,1.0,1.0,0.5714285714285714,0.942,0.9270142857142857,0.8977660564173447,2.0,matches your interests; fits your budget; has suitable weather
U003,D045,Fort Frederick,heritage,trincomalee,3000,2.0,57,42,51,29.9,0.48,0.52,0.14648675976468203,0.8945090367782214,1.0,1.0,0.4,0.52,0.838,0.8719054220669329,3.0,matches your interests; fits your budget
U003,D008,Mihintale,heritage;religious,anuradhapura,3000,3.0,61,37,57,27.4,0.192,0.808,0.13845368607078556,0.8454557501614723,1.0,1.0,0.4714285714285714,0.808,0.8919142857142857,0.8640391643825978,4.0,matches your interests; fits your budget; has suitable weather
U003,D002,Dambulla Cave Temple,heritage,matale,5000,2.0,55,41,47,28.9,0.246,0.754,0.13555326673949342,0.8277445842755259,1.0,1.0,0.4142857142857143,0.754,0.8752428571428571,0.8467438934224584,5.0,matches your interests; fits your budget; has suitable weather
U003,D074,Galle Fort,heritage;coastal,galle,5000,4.0,55,34,49,29.6,0.379,0.621,0.1336120220421842,0.8158905373491663,1.0,1.0,0.5142857142857142,0.621,0.8702928571428571,0.8376514652666426,6.0,matches your interests; fits your budget
U003,D007,Ritigala Monastery,heritage;nature,anuradhapura,5000,3.0,60,29,53,25.4,0.564,0.436,0.13405585776806514,0.8186007827548487,1.0,1.0,0.5857142857142857,0.436,0.8532571428571428,0.8324633267957664,7.0,matches your interests; fits your budget
U003,D042,Batticaloa Fort,heritage,batticaloa,3000,2.0,57,39,49,27.5,0.582,0.418,0.1322378254710358,0.8074991219531501,1.0,1.0,0.44285714285714284,0.418,0.8291285714285713,0.8161509017433186,8.0,matches your interests; fits your budget
U003,D095,Aluvihare Rock Temple,heritage;religious,matale,3000,2.0,53,32,50,28.5,0.205,0.795,0.12003049709418209,0.7329561013719305,1.0,1.0,0.5428571428571428,0.795,0.9006785714285713,0.8000450893945869,9.0,matches your interests; fits your budget; has suitable weather
U003,D005,Polonnaruwa Ancient City,heritage,polonnaruwa,5000,4.0,58,32,62,27.1,0.533,0.467,0.1240956138330234,0.75777939369059,1.0,1.0,0.5428571428571428,0.467,0.8514785714285713,0.7952590647857825,10.0,matches your interests; fits your budget
U004,D003,Minneriya National Park,wildlife;nature,polonnaruwa,15000,4.0,70,35,59,24.1,0.618,0.382,0.12810747919212162,1.0,1.0,0.9333333333333333,0.7,0.382,0.8456333333333333,0.9382533333333334,1.0,matches your interests; fits your budget; matches your preferred crowd level
U004,D073,Kanneliya Forest Reserve,nature;wildlife,galle,7000,5.0,62,38,63,24.6,0.353,0.647,0.12231581586669979,0.9547905917597822,1.0,1.0,0.76,0.647,0.9110499999999999,0.9372943550558692,2.0,matches your interests; fits your budget; matches your preferred crowd level
U004,D004,Kaudulla National Park,wildlife;nature,polonnaruwa,15000,4.0,64,33,66,28.4,0.634,0.366,0.12810747919212162,1.0,1.0,0.9333333333333333,0.6599999999999999,0.366,0.8372333333333333,0.9348933333333334,3.0,matches your interests; fits your budget; matches your preferred crowd level
U004,D059,Pinnawala Elephant Orphanage,wildlife;family,kegalle,8000,4.0,62,37,50,27.6,0.216,0.784,0.11315200507419677,0.8832583841924151,1.0,1.0,0.74,0.784,0.9286,0.901395030515449,4.0,matches your interests; fits your budget; matches your preferred crowd level; has suitable weather
U004,D089,Kalametiya Bird Sanctuary,wildlife;nature,hambantota,5000,4.0,69,36,53,26.4,0.543,0.457,0.11369049951327286,0.887461842432886,1.0,1.0,0.72,0.457,0.8765499999999999,0.8830971054597316,5.0,matches your interests; fits your budget; matches your preferred crowd level
U004,D022,Horton Plains National Park,nature;wildlife,nuwara eliya,7000,6.0,65,27,64,26.4,0.371,0.629,0.11059790566474544,0.8633212234149324,1.0,1.0,0.54,0.629,0.87535,0.8681327340489594,6.0,matches your interests; fits your budget
U004,D057,Kalpitiya Lagoon,marine;nature,puttalam,7000,4.0,72,39,61,29.7,0.004,0.996,0.09891162944078409,0.7720987881780674,1.0,1.0,0.78,0.996,0.9663999999999999,0.8498192729068405,7.0,matches your interests; fits your budget; matches your preferred crowd level; has suitable weather
U004,D064,Udawalawe National Park,wildlife;nature,ratnapura,15000,5.0,64,25,66,29.9,0.244,0.756,0.10468444869890692,0.8171611006560562,1.0,0.9333333333333333,0.5,0.756,0.8717333333333332,0.8389899937269669,8.0,matches your interests; fits your budget; has suitable weather
U004,D065,Udawalawe Elephant Transit Home,wildlife,ratnapura,5000,2.0,65,31,57,26.5,0.236,0.764,0.09045045587926043,0.7060513285380684,1.0,1.0,0.62,0.764,0.9076,0.786670797122841,9.0,matches your interests; fits your budget; matches your preferred crowd level; has suitable weather
U004,D058,Wilpattu Wildlife Area,wildlife;nature,puttalam,16000,5.0,68,30,53,27.9,0.43,0.57,0.08927618987705589,0.6968850721289208,1.0,0.875,0.6,0.57,0.84425,0.7558310432773525,10.0,matches your interests; fits your budget; matches your preferred crowd level
U005,D093,Riverston,nature;adventure,matale,6000,5.0,57,34,58,24.8,0.299,0.701,0.1563094240362292,1.0,1.0,1.0,0.4857142857142857,0.701,0.8780071428571428,0.9512028571428571,1.0,matches your interests; fits your budget; has suitable weather
U005,D029,Ella Rock,nature;adventure,badulla,5000,6.0,61,29,59,29.2,0.607,0.393,0.1432337783311284,0.9163476816211023,1.0,1.0,0.4142857142857143,0.393,0.8210928571428571,0.8782457518298042,2.0,matches your interests; fits your budget
U005,D023,World's End,nature;adventure,nuwara eliya,7000,5.0,63,30,58,28.9,0.539,0.461,0.1356905330742826,0.8680892653205122,1.0,1.0,0.42857142857142855,0.461,0.8334357142857143,0.8542278449065931,3.0,matches your interests; fits your budget
U005,D030,Little Adam's Peak,nature;adventure,badulla,3000,3.0,63,39,64,27.0,0.252,0.748,0.12859231759764103,0.8226779568187526,1.0,1.0,0.5571428571428572,0.748,0.8957714285714286,0.851915345519823,4.0,matches your interests; fits your budget; has suitable weather
U005,D019,Hanthana Mountain Range,nature;adventure,kandy,5000,5.0,62,32,68,27.3,0.216,0.784,0.12137608097680067,0.7765116001493825,1.0,1.0,0.45714285714285713,0.784,0.8861714285714285,0.8203755315182009,5.0,matches your interests; fits your budget; has suitable weather
U005,D018,Knuckles Mountain Range,nature;adventure,matale,10000,7.0,63,40,62,29.3,0.476,0.524,0.12013934705592066,0.7685995121322623,1.0,1.0,0.5714285714285714,0.524,0.8643142857142857,0.8068854215650716,6.0,matches your interests; fits your budget
U005,D091,Madulsima Mini World's End,nature;adventure,badulla,5000,4.0,65,30,58,25.3,0.596,0.404,0.11835525451876107,0.7571856607400003,1.0,1.0,0.42857142857142855,0.404,0.8248857142857142,0.7842656821582858,7.0,matches your interests; fits your budget
U005,D098,Ohiya,nature;adventure,badulla,5000,4.0,63,38,66,27.9,0.175,0.825,0.09451495277841487,0.6046657350391639,1.0,1.0,0.5428571428571428,0.825,0.9051785714285714,0.7248708695949269,8.0,matches your interests; fits your budget; has suitable weather
U005,D035,Diyaluma Falls,nature;adventure,badulla,5000,5.0,67,26,62,25.3,0.167,0.833,0.08355493971762573,0.5345483180736401,1.0,1.0,0.37142857142857144,0.833,0.8806642857142857,0.6729947051298983,9.0,matches your interests; fits your budget; has suitable weather
U005,D080,Weligama Bay,beach;adventure,matara,6000,4.0,53,25,47,29.9,0.049,0.951,0.09988540665950542,0.6390235731170893,0.5,1.0,0.35714285714285715,0.951,0.6712214285714286,0.651902715298825,10.0,matches your interests; fits your budget; has suitable weather
U006,D074,Galle Fort,heritage;coastal,galle,5000,4.0,55,34,49,29.6,0.379,0.621,0.12704823451703973,1.0,0.5,1.0,0.5142857142857142,0.621,0.6452928571428571,0.8581171428571428,1.0,matches your interests; fits your budget
U006,D053,Dutch Hospital Colombo,heritage;city,colombo,5000,2.5,60,30,63,24.3,0.327,0.673,0.07093672022027733,0.558344793140461,1.0,1.0,0.5714285714285714,0.673,0.8866642857142857,0.6896725901699909,2.0,matches your interests; fits your budget
U006,D049,Galle Face Green,city;coastal,colombo,2000,2.0,55,27,55,30.9,0.548,0.452,0.09156846315209162,0.7207377851426219,0.5,1.0,0.6142857142857143,0.452,0.6349428571428571,0.686419813942716,3.0,matches your interests; fits your budget; matches your preferred crowd level
U006,D055,Negombo Beach,beach,gampaha,5000,3.0,57,32,52,25.6,0.253,0.747,0.05629291671226227,0.443083030049601,0.5,1.0,0.5428571428571428,0.747,0.6684785714285714,0.5332412466011891,4.0,matches your interests; fits your budget; has suitable weather
U006,D079,Mirissa Beach,beach,matara,6000,4.0,56,36,63,24.2,0.301,0.699,0.05753323287475391,0.45284559123123863,0.5,1.0,0.4857142857142857,0.699,0.6527071428571428,0.5327902118816004,5.0,matches your interests; fits your budget
U006,D068,Ratnapura Gem Museum Area,culture;heritage,ratnapura,4000,2.5,56,23,62,29.8,0.086,0.914,0.04663013340711379,0.3670270081624767,0.5,1.0,0.6714285714285714,0.914,0.7128142857142856,0.5053419191832003,6.0,matches your interests; fits your budget; matches your preferred crowd level; has suitable weather
U006,D054,Mount Lavinia Beach,beach,colombo,5000,3.0,59,37,62,25.7,0.332,0.668,0.05146504127634892,0.4050826953399846,0.5,1.0,0.4714285714285714,0.668,0.6459142857142857,0.501415331489705,7.0,matches your interests; fits your budget
U006,D048,Colombo National Museum,heritage;culture,colombo,3000,2.5,58,26,53,30.8,0.564,0.436,0.05041172892571996,0.3967920460867068,0.5,1.0,0.6285714285714286,0.436,0.6346857142857143,0.49194951336630977,8.0,matches your interests; fits your budget; matches your preferred crowd level
U006,D100,Pekoe Trail - Tea Country Section,nature;adventure;culture,nuwara eliya,7000,6.0,59,39,62,27.1,0.034,0.966,0.044871018655512955,0.35318096962217016,0.5,1.0,0.44285714285714284,0.966,0.6863285714285714,0.4864400103447307,9.0,matches your interests; fits your budget; has suitable weather
U006,D020,Nuwara Eliya City,city;nature,nuwara eliya,5000,3.0,67,34,57,26.2,0.466,0.534,0.0446987115796319,0.35182473608979514,0.5,1.0,0.5142857142857142,0.534,0.6322428571428571,0.46399198451102,10.0,matches your interests; fits your budget
U007,D036,Dunhinda Falls,nature,badulla,3000,3.0,57,40,52,24.9,0.476,0.524,0.1268636190381462,1.0,1.0,1.0,0.8,0.524,0.8986,0.95944,1.0,matches your interests; fits your budget; matches your preferred crowd level
U007,D098,Ohiya,nature;adventure,badulla,5000,4.0,63,38,66,27.9,0.175,0.825,0.12134125431031623,0.9564700678594904,1.0,1.0,0.76,0.825,0.93775,0.9489820407156943,2.0,matches your interests; fits your budget; matches your preferred crowd level; has suitable weather
U007,D067,Bambarakanda Falls,nature,badulla,3000,3.0,62,28,53,25.0,0.643,0.357,0.1268636190381462,1.0,1.0,1.0,0.56,0.357,0.8375499999999999,0.93502,3.0,matches your interests; fits your budget
U007,D099,Baker's Falls,nature,nuwara eliya,3000,3.0,64,34,58,30.5,0.544,0.456,0.11613512336369469,0.9154328423247521,1.0,1.0,0.6799999999999999,0.456,0.8704,0.8974197053948513,4.0,matches your interests; fits your budget; matches your preferred crowd level
U007,D035,Diyaluma Falls,nature;adventure,badulla,5000,5.0,67,26,62,25.3,0.167,0.833,0.10727044653906884,0.8455572003413685,1.0,1.0,0.52,0.833,0.9029499999999999,0.8685143202048211,5.0,matches your interests; fits your budget; has suitable weather
U007,D078,Rumassala Sanctuary,nature;wildlife,galle,4000,3.0,72,37,58,27.1,0.504,0.496,0.10399921804632975,0.8197718056195337,1.0,1.0,0.74,0.496,0.8854,0.8460230833717202,6.0,matches your interests; fits your budget; matches your preferred crowd level
U007,D017,Udawattakele Forest Reserve,nature,kandy,3000,3.0,72,24,67,26.1,0.296,0.704,0.10150894079456124,0.8001422438062314,1.0,1.0,0.48,0.704,0.8775999999999999,0.8311253462837389,7.0,matches your interests; fits your budget; has suitable weather
U007,D026,Lover's Leap Waterfall,nature,nuwara eliya,3000,2.5,60,26,63,27.1,0.543,0.457,0.09948187662730837,0.7841639500871838,1.0,1.0,0.52,0.457,0.8465499999999999,0.8091183700523101,8.0,matches your interests; fits your budget
U007,D007,Ritigala Monastery,heritage;nature,anuradhapura,5000,3.0,60,29,53,25.4,0.564,0.436,0.09686160542895139,0.7635097135280873,1.0,1.0,0.5800000000000001,0.436,0.8523999999999999,0.7990658281168523,9.0,matches your interests; fits your budget
U007,D073,Kanneliya Forest Reserve,nature;wildlife,galle,7000,5.0,62,38,63,24.6,0.353,0.647,0.09605717067457385,0.7571687722836501,1.0,0.7142857142857143,0.76,0.647,0.8396214285714285,0.7901498347987614,10.0,matches your interests; matches your preferred crowd level
U008,D080,Weligama Bay,beach;adventure,matara,6000,4.0,53,25,47,29.9,0.049,0.951,0.1728862554553532,0.8143978331350502,1.0,1.0,0.6428571428571429,0.951,0.9390785714285714,0.8642701284524588,1.0,matches your interests; fits your budget; matches your preferred crowd level; has suitable weather
U008,D071,Bentota Beach,beach;adventure,galle,7000,4.0,58,33,49,25.4,0.36,0.64,0.21228722427934524,1.0,0.5,1.0,0.5285714285714286,0.64,0.6502857142857142,0.8601142857142856,2.0,matches your interests; fits your budget
U008,D040,Arugam Bay,beach;adventure,ampara,8000,5.0,51,30,57,25.0,0.255,0.745,0.1690735994670963,0.7964379394052237,1.0,1.0,0.5714285714285714,0.745,0.8974642857142857,0.8368484779288485,3.0,matches your interests; fits your budget; has suitable weather
U008,D055,Negombo Beach,beach,gampaha,5000,3.0,57,32,52,25.6,0.253,0.747,0.1366262978409858,0.6435917107343281,0.5,1.0,0.5428571428571428,0.747,0.6684785714285714,0.6535464550120254,4.0,matches your interests; fits your budget; has suitable weather
U008,D041,Pasikuda Beach,beach,batticaloa,7000,4.0,58,35,51,27.2,0.249,0.751,0.13671634574734073,0.6440158903177233,0.5,1.0,0.5,0.751,0.66265,0.651469534190634,5.0,matches your interests; fits your budget; has suitable weather
U008,D043,Nilaveli Beach,beach,trincomalee,7000,4.0,57,31,48,25.4,0.608,0.392,0.14075505539336272,0.6630406321962431,0.5,1.0,0.5571428571428572,0.392,0.6173714285714285,0.6447729507463172,6.0,matches your interests; fits your budget
U008,D088,Tangalle Beach,beach,hambantota,5000,4.0,55,37,61,28.8,0.061,0.939,0.11063430534340733,0.5211538552024473,0.5,1.0,0.4714285714285714,0.939,0.6865642857142857,0.5873180274071826,7.0,matches your interests; fits your budget; has suitable weather
U008,D047,Marble Beach,beach,trincomalee,5000,3.0,52,33,61,28.9,0.259,0.741,0.11033407759689909,0.5197396026607437,0.5,1.0,0.5285714285714286,0.741,0.6654357142857142,0.5780180473107319,8.0,matches your interests; fits your budget; has suitable weather
U008,D012,Casuarina Beach,beach,jaffna,4000,3.0,58,43,50,29.1,0.134,0.866,0.10935367650343475,0.5151213261874773,0.5,1.0,0.38571428571428573,0.866,0.6627571428571428,0.5741756528553434,9.0,matches your interests; fits your budget; has suitable weather
U008,D079,Mirissa Beach,beach,matara,6000,4.0,56,36,63,24.2,0.301,0.699,0.10328249937955503,0.4865224449100493,0.5,1.0,0.4857142857142857,0.699,0.6527071428571428,0.5529963240888867,10.0,matches your interests; fits your budget
U009,D048,Colombo National Museum,heritage;culture,colombo,3000,2.5,58,26,53,30.8,0.564,0.436,0.20461001954302835,1.0,1.0,1.0,0.52,0.436,0.8433999999999999,0.93736,1.0,matches your interests; fits your budget
U009,D050,Gangaramaya Temple,heritage;religious,colombo,3000,2.0,62,33,58,26.3,0.211,0.789,0.14563395932231882,0.7117635766204148,1.0,1.0,0.6599999999999999,0.789,0.9173499999999999,0.7939981459722488,2.0,matches your interests; fits your budget; matches your preferred crowd level; has suitable weather
U009,D046,Koneswaram Temple,heritage;religious,trincomalee,3000,2.0,62,40,53,28.5,0.229,0.771,0.14304669438318507,0.6991187171706571,1.0,1.0,0.8,0.771,0.93565,0.7937312303023942,3.0,matches your interests; fits your budget; matches your preferred crowd level; has suitable weather
U009,D033,Demodara Railway Loop,heritage;nature,badulla,3000,2.0,55,37,54,26.2,0.512,0.488,0.12192498306852816,0.5958896017938555,1.0,1.0,0.74,0.488,0.8842,0.7112137610763133,4.0,matches your interests; fits your budget; matches your preferred crowd level
U009,D010,Jaffna Fort,heritage,jaffna,3000,2.0,54,30,63,27.2,0.058,0.942,0.08927736067122988,0.43632936877001444,1.0,1.0,0.6,0.942,0.9312999999999999,0.6343176212620086,5.0,matches your interests; fits your budget; matches your preferred crowd level; has suitable weather
U009,D045,Fort Frederick,heritage,trincomalee,3000,2.0,57,42,51,29.9,0.48,0.52,0.09092836729657597,0.44439840971450684,1.0,1.0,0.84,0.52,0.9039999999999999,0.628239045828704,6.0,matches your interests; fits your budget; matches your preferred crowd level
U009,D002,Dambulla Cave Temple,heritage,matale,5000,2.0,55,41,47,28.9,0.246,0.754,0.08414164697300584,0.41122935798024945,1.0,1.0,0.8200000000000001,0.754,0.9360999999999999,0.6211776147881496,7.0,matches your interests; fits your budget; matches your preferred crowd level; has suitable weather
U009,D068,Ratnapura Gem Museum Area,culture;heritage,ratnapura,4000,2.5,56,23,62,29.8,0.086,0.914,0.11879372783177483,0.5805860734341661,0.5,1.0,0.45999999999999996,0.914,0.6810999999999999,0.6207916440604997,8.0,matches your interests; fits your budget; has suitable weather
U009,D074,Galle Fort,heritage;coastal,galle,5000,4.0,55,34,49,29.6,0.379,0.621,0.08293666291073962,0.4053401837112796,1.0,1.0,0.6799999999999999,0.621,0.8951499999999999,0.6012641102267677,9.0,matches your interests; fits your budget; matches your preferred crowd level
U009,D069,Kalutara Bodhiya,religious;heritage,kalutara,3000,2.0,55,43,63,26.5,0.156,0.844,0.07233198877173831,0.35351146993330546,1.0,1.0,0.86,0.844,0.9556,0.5943468819599833,10.0,matches your interests; fits your budget; matches your preferred crowd level; has suitable weather
U010,D058,Wilpattu Wildlife Area,wildlife;nature,puttalam,16000,5.0,68,30,53,27.9,0.43,0.57,0.17369112335947723,1.0,1.0,0.875,0.42857142857142855,0.57,0.8185357142857143,0.9274142857142857,1.0,matches your interests; fits your budget
U010,D090,Lunugamvehera National Park,wildlife;nature,monaragala,12000,5.0,71,32,57,25.8,0.202,0.798,0.16295141530160565,0.9381677782367478,1.0,1.0,0.45714285714285713,0.798,0.8882714285714285,0.9182092383706201,2.0,matches your interests; fits your budget; has suitable weather
U010,D009,Wilpattu National Park,wildlife;nature,puttalam,16000,5.0,63,28,68,27.6,0.173,0.827,0.16056125880371494,0.9244068188298359,1.0,0.875,0.4,0.827,0.8528,0.8957640912979015,3.0,matches your interests; fits your budget; has suitable weather
U010,D096,Wasgamuwa National Park,wildlife;nature,matale,14000,5.0,65,30,57,26.5,0.396,0.604,0.1598483391122548,0.9203022930620759,1.0,1.0,0.42857142857142855,0.604,0.8548857142857142,0.8941356615515312,4.0,matches your interests; fits your budget
U010,D064,Udawalawe National Park,wildlife;nature,ratnapura,15000,5.0,64,25,66,29.9,0.244,0.756,0.16016010178691756,0.9220972188397021,1.0,0.9333333333333333,0.35714285714285715,0.756,0.8503047619047619,0.8933802360657259,5.0,matches your interests; fits your budget; has suitable weather
U010,D085,Yala National Park,wildlife;nature,hambantota,16000,6.0,66,34,63,26.6,0.632,0.368,0.1629222009838504,0.9379995812835001,1.0,0.875,0.4857142857142857,0.368,0.7968071428571428,0.8815226059129573,6.0,matches your interests; fits your budget
U010,D086,Bundala National Park,wildlife;nature,hambantota,12000,5.0,66,29,57,27.8,0.235,0.765,0.15053030580462917,0.8666551456005405,1.0,1.0,0.4142857142857143,0.765,0.8768928571428571,0.8707502302174671,7.0,matches your interests; fits your budget; has suitable weather
U010,D038,Gal Oya National Park,wildlife;nature,ampara,15000,6.0,65,36,65,26.3,0.374,0.626,0.14297860395483825,0.823177380567254,1.0,0.9333333333333333,0.5142857142857142,0.626,0.8543761904761905,0.8356569045308286,8.0,matches your interests; fits your budget
U010,D078,Rumassala Sanctuary,nature;wildlife,galle,4000,3.0,72,37,58,27.1,0.504,0.496,0.12420683164439392,0.7151017809202092,1.0,1.0,0.5285714285714286,0.496,0.8536857142857143,0.7705353542664113,9.0,matches your interests; fits your budget
U010,D039,Kumana National Park,wildlife;nature,ampara,15000,6.0,69,38,65,27.2,0.154,0.846,0.11560417197646644,0.6655732874569992,1.0,0.9333333333333333,0.5428571428571428,0.846,0.8916619047619048,0.7560087343789614,10.0,matches your interests; fits your budget; has suitable weather
U011,D051,Viharamahadevi Park,nature;city,colombo,2000,2.0,58,29,56,28.4,0.197,0.803,0.09427140956614483,0.9704804094697665,1.0,1.0,0.5857142857142857,0.803,0.9083071428571428,0.9456111028247169,1.0,matches your interests; fits your budget; has suitable weather
U011,D032,Ravana Falls,nature,badulla,3000,2.0,65,33,59,30.1,0.104,0.896,0.08698255433208246,0.8954450276432596,1.0,1.0,0.5285714285714286,0.896,0.9136857142857142,0.9027413023002415,2.0,matches your interests; fits your budget; has suitable weather
U011,D093,Riverston,nature;adventure,matale,6000,5.0,57,34,58,24.8,0.299,0.701,0.08013760706815837,0.8249794723485646,1.0,1.0,0.5142857142857142,0.701,0.8822928571428571,0.8479048262662816,3.0,matches your interests; fits your budget; has suitable weather
U011,D070,Brief Garden,nature,kalutara,4000,2.5,59,37,67,26.8,0.056,0.944,0.0768174643118081,0.7908001435731727,1.0,1.0,0.4714285714285714,0.944,0.9123142857142856,0.8394058004296179,4.0,matches your interests; fits your budget; has suitable weather
U011,D034,Lipton's Seat,nature,badulla,4000,4.0,67,37,64,30.8,0.48,0.52,0.08025072270881362,0.8261439453713587,1.0,1.0,0.4714285714285714,0.52,0.8487142857142856,0.8351720815085295,5.0,matches your interests; fits your budget
U011,D097,Haputale,nature;city,badulla,4000,3.0,61,28,52,25.1,0.164,0.836,0.07588727595706102,0.7812242861679055,1.0,1.0,0.6,0.836,0.9153999999999999,0.8348945717007432,6.0,matches your interests; fits your budget; matches your preferred crowd level; has suitable weather
U011,D027,Ramboda Falls,nature,nuwara eliya,3000,2.0,65,30,58,26.9,0.607,0.393,0.07946953801821835,0.8181020115349024,1.0,1.0,0.5714285714285714,0.393,0.8446642857142856,0.8287269212066557,7.0,matches your interests; fits your budget
U011,D066,Bopath Ella,nature,ratnapura,3000,3.0,57,34,56,28.7,0.611,0.389,0.07989668628919787,0.8224993047421674,1.0,1.0,0.5142857142857142,0.389,0.8354928571428571,0.8276967257024432,8.0,matches your interests; fits your budget
U011,D024,Hakgala Botanical Garden,nature,nuwara eliya,3500,3.0,62,31,57,25.1,0.054,0.946,0.0689639183460007,0.7099515327402279,1.0,1.0,0.5571428571428572,0.946,0.9254714285714286,0.7961594910727082,9.0,matches your interests; fits your budget; has suitable weather
U011,D021,Gregory Lake,nature,nuwara eliya,3000,2.5,61,39,53,24.2,0.417,0.583,0.07328666639585817,0.75445221769622,1.0,1.0,0.44285714285714284,0.583,0.8538785714285714,0.7942227591891605,10.0,matches your interests; fits your budget
U012,D041,Pasikuda Beach,beach,batticaloa,7000,4.0,58,35,51,27.2,0.249,0.751,0.22087898452185403,0.9713068235117017,1.0,1.0,0.7,0.751,0.91765,0.949844094107021,1.0,matches your interests; fits your budget; matches your preferred crowd level; has suitable weather
U012,D055,Negombo Beach,beach,gampaha,5000,3.0,57,32,52,25.6,0.253,0.747,0.22073350308724377,0.970667074508703,1.0,1.0,0.64,0.747,0.9080499999999999,0.9456202447052218,2.0,matches your interests; fits your budget; matches your preferred crowd level; has suitable weather
U012,D043,Nilaveli Beach,beach,trincomalee,7000,4.0,57,31,48,25.4,0.608,0.392,0.22740392549007252,1.0,1.0,1.0,0.62,0.392,0.8517999999999999,0.94072,3.0,matches your interests; fits your budget; matches your preferred crowd level
U012,D088,Tangalle Beach,beach,hambantota,5000,4.0,55,37,61,28.8,0.061,0.939,0.20239407842142104,0.8900201611966312,1.0,1.0,0.74,0.939,0.9518499999999999,0.9147520967179786,4.0,matches your interests; fits your budget; matches your preferred crowd level; has suitable weather
U012,D012,Casuarina Beach,beach,jaffna,4000,3.0,58,43,50,29.1,0.134,0.866,0.2000512997230633,0.8797178821427015,1.0,1.0,0.86,0.866,0.9589,0.9113907292856209,5.0,matches your interests; fits your budget; matches your preferred crowd level; has suitable weather
U012,D047,Marble Beach,beach,trincomalee,5000,3.0,52,33,61,28.9,0.259,0.741,0.2018448426497274,0.8876049180537963,1.0,1.0,0.6599999999999999,0.741,0.9101499999999999,0.8966229508322778,6.0,matches your interests; fits your budget; matches your preferred crowd level; has suitable weather
U012,D079,Mirissa Beach,beach,matara,6000,4.0,56,36,63,24.2,0.301,0.699,0.18894470584057121,0.830877063504428,1.0,1.0,0.72,0.699,0.9128499999999999,0.8636662381026567,7.0,matches your interests; fits your budget; matches your preferred crowd level
U012,D054,Mount Lavinia Beach,beach,colombo,5000,3.0,59,37,62,25.7,0.332,0.668,0.16901617724491885,0.7432421268923846,1.0,1.0,0.74,0.668,0.9111999999999999,0.8104252761354307,8.0,matches your interests; fits your budget; matches your preferred crowd level
U012,D071,Bentota Beach,beach;adventure,galle,7000,4.0,58,33,49,25.4,0.36,0.64,0.15327137512119915,0.6740049662330492,1.0,1.0,0.6599999999999999,0.64,0.8949999999999999,0.7624029797398295,9.0,matches your interests; fits your budget; matches your preferred crowd level
U012,D081,Polhena Beach,beach;marine,matara,5000,3.0,57,45,55,24.6,0.007,0.993,0.11855295059259338,0.5213320321410586,1.0,1.0,0.9,0.993,0.98395,0.7063792192846352,10.0,matches your interests; fits your budget; matches your preferred crowd level; has suitable weather
U013,D037,Buduruwagala,heritage,monaragala,3000,2.5,62,31,48,27.3,0.274,0.726,0.1640118660631464,1.0,1.0,1.0,0.5571428571428572,0.726,0.8924714285714286,0.9569885714285714,1.0,matches your interests; fits your budget; has suitable weather
U013,D010,Jaffna Fort,heritage,jaffna,3000,2.0,54,30,63,27.2,0.058,0.942,0.14404624842380462,0.8782672368860507,1.0,1.0,0.5714285714285714,0.942,0.9270142857142857,0.8977660564173446,2.0,matches your interests; fits your budget; has suitable weather
U013,D045,Fort Frederick,heritage,trincomalee,3000,2.0,57,42,51,29.9,0.48,0.52,0.14671009633234372,0.8945090367782211,1.0,1.0,0.4,0.52,0.838,0.8719054220669327,3.0,matches your interests; fits your budget
U013,D008,Mihintale,heritage;religious,anuradhapura,3000,3.0,61,37,57,27.4,0.192,0.808,0.13866477525780038,0.8454557501614723,1.0,1.0,0.4714285714285714,0.808,0.8919142857142857,0.8640391643825978,4.0,matches your interests; fits your budget; has suitable weather
U013,D002,Dambulla Cave Temple,heritage,matale,5000,2.0,55,41,47,28.9,0.246,0.754,0.13575993389069235,0.8277445842755259,1.0,1.0,0.4142857142857143,0.754,0.8752428571428571,0.8467438934224584,5.0,matches your interests; fits your budget; has suitable weather
U013,D074,Galle Fort,heritage;coastal,galle,5000,4.0,55,34,49,29.6,0.379,0.621,0.1338157295339,0.8158905373491662,1.0,1.0,0.5142857142857142,0.621,0.8702928571428571,0.8376514652666425,6.0,matches your interests; fits your budget
U013,D007,Ritigala Monastery,heritage;nature,anuradhapura,5000,3.0,60,29,53,25.4,0.564,0.436,0.13426024194037503,0.8186007827548485,1.0,1.0,0.5857142857142857,0.436,0.8532571428571428,0.8324633267957662,7.0,matches your interests; fits your budget
U013,D042,Batticaloa Fort,heritage,batticaloa,3000,2.0,57,39,49,27.5,0.582,0.418,0.13243943783588835,0.8074991219531499,1.0,1.0,0.44285714285714284,0.418,0.8291285714285713,0.8161509017433184,8.0,matches your interests; fits your budget
U013,D095,Aluvihare Rock Temple,heritage;religious,matale,3000,2.0,53,32,50,28.5,0.205,0.795,0.12021349792837902,0.7329561013719305,1.0,1.0,0.5428571428571428,0.795,0.9006785714285713,0.8000450893945869,9.0,matches your interests; fits your budget; has suitable weather
U013,D005,Polonnaruwa Ancient City,heritage,polonnaruwa,5000,4.0,58,32,62,27.1,0.533,0.467,0.12428481242339333,0.7577793936905899,1.0,1.0,0.5428571428571428,0.467,0.8514785714285713,0.7952590647857825,10.0,matches your interests; fits your budget
U014,D073,Kanneliya Forest Reserve,nature;wildlife,galle,7000,5.0,62,38,63,24.6,0.353,0.647,0.12088917541798666,0.9547905917597821,1.0,1.0,0.76,0.647,0.9110499999999999,0.9372943550558692,1.0,matches your interests; fits your budget; matches your preferred crowd level
U014,D003,Minneriya National Park,wildlife;nature,polonnaruwa,15000,4.0,70,35,59,24.1,0.618,0.382,0.12661328720800952,1.0,1.0,0.5333333333333333,0.7,0.382,0.7456333333333334,0.8982533333333333,2.0,matches your interests; matches your preferred crowd level
U014,D004,Kaudulla National Park,wildlife;nature,polonnaruwa,15000,4.0,64,33,66,28.4,0.634,0.366,0.12661328720800952,1.0,1.0,0.5333333333333333,0.6599999999999999,0.366,0.7372333333333333,0.8948933333333333,3.0,matches your interests; matches your preferred crowd level
U014,D089,Kalametiya Bird Sanctuary,wildlife;nature,hambantota,5000,4.0,69,36,53,26.4,0.543,0.457,0.11236446114210424,0.8874618424328857,1.0,1.0,0.72,0.457,0.8765499999999999,0.8830971054597314,4.0,matches your interests; fits your budget; matches your preferred crowd level
U014,D022,Horton Plains National Park,nature;wildlife,nuwara eliya,7000,6.0,65,27,64,26.4,0.371,0.629,0.10930793801300498,0.8633212234149323,1.0,1.0,0.54,0.629,0.87535,0.8681327340489594,5.0,matches your interests; fits your budget
U014,D057,Kalpitiya Lagoon,marine;nature,puttalam,7000,4.0,72,39,61,29.7,0.004,0.996,0.09775796562054573,0.7720987881780672,1.0,1.0,0.78,0.996,0.9663999999999999,0.8498192729068403,6.0,matches your interests; fits your budget; matches your preferred crowd level; has suitable weather
U014,D058,Wilpattu Wildlife Area,wildlife;nature,puttalam,16000,5.0,68,30,53,27.9,0.43,0.57,0.08823490978843346,0.6968850721289206,1.0,0.5,0.6,0.57,0.7505,0.7183310432773524,7.0,matches your interests; matches your preferred crowd level
U014,D078,Rumassala Sanctuary,nature;wildlife,galle,4000,3.0,72,37,58,27.1,0.504,0.496,0.06917666142690053,0.5463617836037389,1.0,1.0,0.74,0.496,0.8854,0.6819770701622434,8.0,matches your interests; fits your budget; matches your preferred crowd level
U014,D090,Lunugamvehera National Park,wildlife;nature,monaragala,12000,5.0,71,32,57,25.8,0.202,0.798,0.06816633389815277,0.5383821508888255,1.0,0.6666666666666666,0.64,0.798,0.8323666666666667,0.6559759571999619,9.0,matches your interests; matches your preferred crowd level; has suitable weather
U014,D063,Sinharaja Forest Reserve,nature;wildlife,ratnapura,8000,6.0,69,26,67,29.4,0.261,0.739,0.0619096286471057,0.48896628475806064,1.0,1.0,0.52,0.739,0.8888499999999999,0.6489197708548363,10.0,matches your interests; fits your budget; has suitable weather
U015,D093,Riverston,nature;adventure,matale,6000,5.0,57,34,58,24.8,0.299,0.701,0.15375189786797466,1.0,1.0,1.0,0.4857142857142857,0.701,0.8780071428571428,0.9512028571428571,1.0,matches your interests; fits your budget; has suitable weather
U015,D029,Ella Rock,nature;adventure,badulla,5000,6.0,61,29,59,29.2,0.607,0.393,0.14089019515616308,0.9163476816211023,1.0,1.0,0.4142857142857143,0.393,0.8210928571428571,0.8782457518298042,2.0,matches your interests; fits your budget
U015,D023,World's End,nature;adventure,nuwara eliya,7000,5.0,63,30,58,28.9,0.539,0.461,0.13347037206184453,0.8680892653205121,1.0,1.0,0.42857142857142855,0.461,0.8334357142857143,0.854227844906593,3.0,matches your interests; fits your budget
U015,D030,Little Adam's Peak,nature;adventure,badulla,3000,3.0,63,39,64,27.0,0.252,0.748,0.1264882971950309,0.8226779568187526,1.0,1.0,0.5571428571428572,0.748,0.8957714285714286,0.851915345519823,4.0,matches your interests; fits your budget; has suitable weather
U015,D019,Hanthana Mountain Range,nature;adventure,kandy,5000,5.0,62,32,68,27.3,0.216,0.784,0.11939013223946542,0.7765116001493824,1.0,1.0,0.45714285714285713,0.784,0.8861714285714285,0.8203755315182009,5.0,matches your interests; fits your budget; has suitable weather
U015,D018,Knuckles Mountain Range,nature;adventure,matale,10000,7.0,63,40,62,29.3,0.476,0.524,0.11817363369073475,0.7685995121322623,1.0,1.0,0.5714285714285714,0.524,0.8643142857142857,0.8068854215650716,6.0,matches your interests; fits your budget
U015,D091,Madulsima Mini World's End,nature;adventure,badulla,5000,4.0,65,30,58,25.3,0.596,0.404,0.11641873237719143,0.7571856607400003,1.0,1.0,0.42857142857142855,0.404,0.8248857142857142,0.7842656821582858,7.0,matches your interests; fits your budget
U015,D098,Ohiya,nature;adventure,badulla,5000,4.0,63,38,66,27.9,0.175,0.825,0.09296850433800534,0.6046657350391638,1.0,1.0,0.5428571428571428,0.825,0.9051785714285714,0.7248708695949269,8.0,matches your interests; fits your budget; has suitable weather
U015,D035,Diyaluma Falls,nature;adventure,badulla,5000,5.0,67,26,62,25.3,0.167,0.833,0.08218781840595596,0.5345483180736402,1.0,1.0,0.37142857142857144,0.833,0.8806642857142857,0.6729947051298983,9.0,matches your interests; fits your budget; has suitable weather
U015,D080,Weligama Bay,beach;adventure,matara,6000,4.0,53,25,47,29.9,0.049,0.951,0.09825108714912695,0.6390235731170892,0.5,1.0,0.35714285714285715,0.951,0.6712214285714286,0.651902715298825,10.0,matches your interests; fits your budget; has suitable weather
U016,D074,Galle Fort,heritage;coastal,galle,5000,4.0,55,34,49,29.6,0.379,0.621,0.12845297109349318,1.0,0.5,1.0,0.5142857142857142,0.621,0.6452928571428571,0.8581171428571428,1.0,matches your interests; fits your budget
U016,D049,Galle Face Green,city;coastal,colombo,2000,2.0,55,27,55,30.9,0.548,0.452,0.12266487520135484,0.9549399609610778,0.5,1.0,0.6142857142857143,0.452,0.6349428571428571,0.8269411194337895,2.0,matches your interests; fits your budget; matches your preferred crowd level
U016,D055,Negombo Beach,beach,gampaha,5000,3.0,57,32,52,25.6,0.253,0.747,0.09164152804009207,0.7134247441687567,0.5,1.0,0.5428571428571428,0.747,0.6684785714285714,0.6954462750726825,3.0,matches your interests; fits your budget; has suitable weather
U016,D053,Dutch Hospital Colombo,heritage;city,colombo,5000,2.5,60,30,63,24.3,0.327,0.673,0.07172104757347408,0.5583447931404611,1.0,1.0,0.5714285714285714,0.673,0.8866642857142857,0.6896725901699909,4.0,matches your interests; fits your budget
U016,D071,Bentota Beach,beach;adventure,galle,7000,4.0,58,33,49,25.4,0.36,0.64,0.07772858942715137,0.6051132080905891,0.0,1.0,0.5285714285714286,0.64,0.42528571428571427,0.5331822105686392,5.0,fits your budget
U016,D079,Mirissa Beach,beach,matara,6000,4.0,56,36,63,24.2,0.301,0.699,0.058169361640242126,0.45284559123123863,0.5,1.0,0.4857142857142857,0.699,0.6527071428571428,0.5327902118816004,6.0,matches your interests; fits your budget
U016,D025,Ambewela Farm,nature;family,nuwara eliya,4000,3.0,58,27,61,28.7,0.015,0.985,0.06789757819134506,0.5285792739034935,0.0,1.0,0.6142857142857143,0.985,0.48989285714285713,0.513104707199239,7.0,fits your budget; matches your preferred crowd level; has suitable weather
U016,D068,Ratnapura Gem Museum Area,culture;heritage,ratnapura,4000,2.5,56,23,62,29.8,0.086,0.914,0.04714570967002591,0.36702700816247674,0.5,1.0,0.6714285714285714,0.914,0.7128142857142856,0.5053419191832003,8.0,matches your interests; fits your budget; matches your preferred crowd level; has suitable weather
U016,D054,Mount Lavinia Beach,beach,colombo,5000,3.0,59,37,62,25.7,0.332,0.668,0.05203407575498135,0.4050826953399846,0.5,1.0,0.4714285714285714,0.668,0.6459142857142857,0.501415331489705,9.0,matches your interests; fits your budget
U016,D048,Colombo National Museum,heritage;culture,colombo,3000,2.5,58,26,53,30.8,0.564,0.436,0.050969117226103776,0.3967920460867069,0.5,1.0,0.6285714285714286,0.436,0.6346857142857143,0.4919495133663098,10.0,matches your interests; fits your budget; matches your preferred crowd level
U017,D036,Dunhinda Falls,nature,badulla,3000,3.0,57,40,52,24.9,0.476,0.524,0.12706064124503075,1.0,1.0,1.0,0.8,0.524,0.8986,0.95944,1.0,matches your interests; fits your budget; matches your preferred crowd level
U017,D098,Ohiya,nature;adventure,badulla,5000,4.0,63,38,66,27.9,0.175,0.825,0.12152970015390488,0.9564700678594901,1.0,1.0,0.76,0.825,0.93775,0.948982040715694,2.0,matches your interests; fits your budget; matches your preferred crowd level; has suitable weather
U017,D067,Bambarakanda Falls,nature,badulla,3000,3.0,62,28,53,25.0,0.643,0.357,0.12706064124503075,1.0,1.0,1.0,0.56,0.357,0.8375499999999999,0.93502,3.0,matches your interests; fits your budget
U017,D099,Baker's Falls,nature,nuwara eliya,3000,3.0,64,34,58,30.5,0.544,0.456,0.1163154839625441,0.9154328423247519,1.0,1.0,0.6799999999999999,0.456,0.8704,0.8974197053948512,4.0,matches your interests; fits your budget; matches your preferred crowd level
U017,D035,Diyaluma Falls,nature;adventure,badulla,5000,5.0,67,26,62,25.3,0.167,0.833,0.10743704008472718,0.8455572003413683,1.0,1.0,0.52,0.833,0.9029499999999999,0.8685143202048209,5.0,matches your interests; fits your budget; has suitable weather
U017,D078,Rumassala Sanctuary,nature;wildlife,galle,4000,3.0,72,37,58,27.1,0.504,0.496,0.10416073129661461,0.8197718056195334,1.0,1.0,0.74,0.496,0.8854,0.84602308337172,6.0,matches your interests; fits your budget; matches your preferred crowd level
U017,D017,Udawattakele Forest Reserve,nature,kandy,3000,3.0,72,24,67,26.1,0.296,0.704,0.10166658658525748,0.8001422438062313,1.0,1.0,0.48,0.704,0.8775999999999999,0.8311253462837388,7.0,matches your interests; fits your budget; has suitable weather
U017,D073,Kanneliya Forest Reserve,nature;wildlife,galle,7000,5.0,62,38,63,24.6,0.353,0.647,0.09620634973707322,0.7571687722836499,1.0,1.0,0.76,0.647,0.9110499999999999,0.8187212633701899,8.0,matches your interests; fits your budget; matches your preferred crowd level
U017,D026,Lover's Leap Waterfall,nature,nuwara eliya,3000,2.5,60,26,63,27.1,0.543,0.457,0.09963637433931383,0.7841639500871835,1.0,1.0,0.52,0.457,0.8465499999999999,0.8091183700523101,9.0,matches your interests; fits your budget
U017,D007,Ritigala Monastery,heritage;nature,anuradhapura,5000,3.0,60,29,53,25.4,0.564,0.436,0.09701203379768847,0.763509713528087,1.0,1.0,0.5800000000000001,0.436,0.8523999999999999,0.7990658281168521,10.0,matches your interests; fits your budget
U018,D080,Weligama Bay,beach;adventure,matara,6000,4.0,53,25,47,29.9,0.049,0.951,0.1709041586133745,0.9624254665239261,1.0,1.0,0.6428571428571429,0.951,0.9390785714285714,0.9530867084857843,1.0,matches your interests; fits your budget; matches your preferred crowd level; has suitable weather
U018,D040,Arugam Bay,beach;adventure,ampara,8000,5.0,51,30,57,25.0,0.255,0.745,0.16713521375399815,0.941201123336385,1.0,1.0,0.5714285714285714,0.745,0.8974642857142857,0.9237063882875451,2.0,matches your interests; fits your budget; has suitable weather
U018,D071,Bentota Beach,beach;adventure,galle,7000,4.0,58,33,49,25.4,0.36,0.64,0.17757651325524829,1.0,0.5,1.0,0.5285714285714286,0.64,0.6502857142857142,0.8601142857142856,3.0,matches your interests; fits your budget
U018,D088,Tangalle Beach,beach,hambantota,5000,4.0,55,37,61,28.8,0.061,0.939,0.10936591123851967,0.6158804969963412,0.5,1.0,0.4714285714285714,0.939,0.6865642857142857,0.644154012483519,4.0,matches your interests; fits your budget; has suitable weather
U018,D047,Marble Beach,beach,trincomalee,5000,3.0,52,33,61,28.9,0.259,0.741,0.109069125526583,0.6142091852530472,0.5,1.0,0.5285714285714286,0.741,0.6654357142857142,0.6346997968661141,5.0,matches your interests; fits your budget; has suitable weather
U018,D012,Casuarina Beach,beach,jaffna,4000,3.0,58,43,50,29.1,0.134,0.866,0.108099964481705,0.6087514756319279,0.5,1.0,0.38571428571428573,0.866,0.6627571428571428,0.6303537425220138,6.0,matches your interests; fits your budget; has suitable weather
U018,D079,Mirissa Beach,beach,matara,6000,4.0,56,36,63,24.2,0.301,0.699,0.1020983918557227,0.5749543674673158,0.5,1.0,0.4857142857142857,0.699,0.6527071428571428,0.6060554776232465,7.0,matches your interests; fits your budget
U018,D055,Negombo Beach,beach,gampaha,5000,3.0,57,32,52,25.6,0.253,0.747,0.09989732858749419,0.5625593540284344,0.5,1.0,0.5428571428571428,0.747,0.6684785714285714,0.6049270409884892,8.0,matches your interests; fits your budget; has suitable weather
U018,D041,Pasikuda Beach,beach,batticaloa,7000,4.0,58,35,51,27.2,0.249,0.751,0.09996316909866886,0.5629301266602859,0.5,1.0,0.5,0.751,0.66265,0.6028180759961715,9.0,matches your interests; fits your budget; has suitable weather
U018,D043,Nilaveli Beach,beach,trincomalee,7000,4.0,57,31,48,25.4,0.608,0.392,0.10291616065998385,0.5795595305560047,0.5,1.0,0.5571428571428572,0.392,0.6173714285714285,0.5946842897621742,10.0,matches your interests; fits your budget
U019,D048,Colombo National Museum,heritage;culture,colombo,3000,2.5,58,26,53,30.8,0.564,0.436,0.20429230884420885,1.0,1.0,1.0,0.52,0.436,0.8433999999999999,0.93736,1.0,matches your interests; fits your budget
U019,D050,Gangaramaya Temple,heritage;religious,colombo,3000,2.0,62,33,58,26.3,0.211,0.789,0.14540782441899647,0.7117635766204147,1.0,1.0,0.6599999999999999,0.789,0.9173499999999999,0.7939981459722487,2.0,matches your interests; fits your budget; matches your preferred crowd level; has suitable weather
U019,D046,Koneswaram Temple,heritage;religious,trincomalee,3000,2.0,62,40,53,28.5,0.229,0.771,0.14282457688699499,0.6991187171706571,1.0,1.0,0.8,0.771,0.93565,0.7937312303023942,3.0,matches your interests; fits your budget; matches your preferred crowd level; has suitable weather
U019,D033,Demodara Railway Loop,heritage;nature,badulla,3000,2.0,55,37,54,26.2,0.512,0.488,0.12173566256672297,0.5958896017938555,1.0,1.0,0.74,0.488,0.8842,0.7112137610763133,4.0,matches your interests; fits your budget; matches your preferred crowd level
U019,D010,Jaffna Fort,heritage,jaffna,3000,2.0,54,30,63,27.2,0.058,0.942,0.08913873416256249,0.43632936877001444,1.0,1.0,0.6,0.942,0.9312999999999999,0.6343176212620086,5.0,matches your interests; fits your budget; matches your preferred crowd level; has suitable weather
U019,D045,Fort Frederick,heritage,trincomalee,3000,2.0,57,42,51,29.9,0.48,0.52,0.09078717716727129,0.44439840971450684,1.0,1.0,0.84,0.52,0.9039999999999999,0.628239045828704,6.0,matches your interests; fits your budget; matches your preferred crowd level
U019,D002,Dambulla Cave Temple,heritage,matale,5000,2.0,55,41,47,28.9,0.246,0.754,0.08401099500630685,0.4112293579802495,1.0,1.0,0.8200000000000001,0.754,0.9360999999999999,0.6211776147881497,7.0,matches your interests; fits your budget; matches your preferred crowd level; has suitable weather
U019,D068,Ratnapura Gem Museum Area,culture;heritage,ratnapura,4000,2.5,56,23,62,29.8,0.086,0.914,0.11860926942465919,0.5805860734341661,0.5,1.0,0.45999999999999996,0.914,0.6810999999999999,0.6207916440604997,8.0,matches your interests; fits your budget; has suitable weather
U019,D074,Galle Fort,heritage;coastal,galle,5000,4.0,55,34,49,29.6,0.379,0.621,0.08280788199771308,0.40534018371127956,1.0,1.0,0.6799999999999999,0.621,0.8951499999999999,0.6012641102267677,9.0,matches your interests; fits your budget; matches your preferred crowd level
U019,D069,Kalutara Bodhiya,religious;heritage,kalutara,3000,2.0,55,43,63,26.5,0.156,0.844,0.07221967439558509,0.35351146993330546,1.0,1.0,0.86,0.844,0.9556,0.5943468819599833,10.0,matches your interests; fits your budget; matches your preferred crowd level; has suitable weather
U020,D064,Udawalawe National Park,wildlife;nature,ratnapura,15000,5.0,64,25,66,29.9,0.244,0.756,0.19465325315507426,1.0,1.0,0.5333333333333333,0.35714285714285715,0.756,0.750304761904762,0.9001219047619048,1.0,matches your interests; has suitable weather
U020,D058,Wilpattu Wildlife Area,wildlife;nature,puttalam,16000,5.0,68,30,53,27.9,0.43,0.57,0.17284832945475873,0.8879806869554643,1.0,0.5,0.42857142857142855,0.57,0.7247857142857143,0.8227026978875642,2.0,matches your interests
U020,D090,Lunugamvehera National Park,wildlife;nature,monaragala,12000,5.0,71,32,57,25.8,0.202,0.798,0.16216073321650443,0.833074868198149,1.0,0.6666666666666666,0.45714285714285713,0.798,0.8049380952380952,0.8218201590141274,3.0,matches your interests; has suitable weather
U020,D009,Wilpattu National Park,wildlife;nature,puttalam,16000,5.0,63,28,68,27.6,0.173,0.827,0.15978217437132491,0.820855402010833,1.0,0.5,0.4,0.827,0.75905,0.7961332412064998,4.0,matches your interests; has suitable weather
U020,D096,Wasgamuwa National Park,wildlife;nature,matale,14000,5.0,65,30,57,26.5,0.396,0.604,0.1590727139491636,0.8172106623999511,1.0,0.5714285714285714,0.42857142857142855,0.604,0.7477428571428572,0.7894235402971135,5.0,matches your interests
U020,D085,Yala National Park,wildlife;nature,hambantota,16000,6.0,66,34,63,26.6,0.632,0.368,0.16213166065411616,0.8329255125520603,1.0,0.5,0.4857142857142857,0.368,0.7030571428571428,0.7809781646740933,6.0,matches your interests
U020,D086,Bundala National Park,wildlife;nature,hambantota,12000,5.0,66,29,57,27.8,0.235,0.765,0.14979989413042416,0.769573031543856,1.0,0.6666666666666666,0.4142857142857143,0.765,0.7935595238095239,0.7791676284501232,7.0,matches your interests; has suitable weather
U020,D038,Gal Oya National Park,wildlife;nature,ampara,15000,6.0,65,36,65,26.3,0.374,0.626,0.14228483507599404,0.7309656158823099,1.0,0.5333333333333333,0.5142857142857142,0.626,0.7543761904761905,0.7403298457198622,8.0,matches your interests
U020,D078,Rumassala Sanctuary,nature;wildlife,galle,4000,3.0,72,37,58,27.1,0.504,0.496,0.12360414822218102,0.6349965706646032,1.0,1.0,0.5285714285714286,0.496,0.8536857142857143,0.7224722281130477,9.0,matches your interests; fits your budget
U020,D073,Kanneliya Forest Reserve,nature;wildlife,galle,7000,5.0,62,38,63,24.6,0.353,0.647,0.11416494263037759,0.586504159472875,1.0,1.0,0.5428571428571428,0.647,0.8784785714285713,0.7032939242551536,10.0,matches your interests; fits your budget
U021,D051,Viharamahadevi Park,nature;city,colombo,2000,2.0,58,29,56,28.4,0.197,0.803,0.09443082711082199,0.9704804094697665,1.0,1.0,0.5857142857142857,0.803,0.9083071428571428,0.9456111028247169,1.0,matches your interests; fits your budget; has suitable weather
U021,D032,Ravana Falls,nature,badulla,3000,2.0,65,33,59,30.1,0.104,0.896,0.08712964606758515,0.8954450276432596,1.0,1.0,0.5285714285714286,0.896,0.9136857142857142,0.9027413023002415,2.0,matches your interests; fits your budget; has suitable weather
U021,D093,Riverston,nature;adventure,matale,6000,5.0,57,34,58,24.8,0.299,0.701,0.08027312366448278,0.8249794723485646,1.0,1.0,0.5142857142857142,0.701,0.8822928571428571,0.8479048262662816,3.0,matches your interests; fits your budget; has suitable weather
U021,D070,Brief Garden,nature,kalutara,4000,2.5,59,37,67,26.8,0.056,0.944,0.07694736638503763,0.7908001435731726,1.0,1.0,0.4714285714285714,0.944,0.9123142857142856,0.8394058004296179,4.0,matches your interests; fits your budget; has suitable weather
U021,D034,Lipton's Seat,nature,badulla,4000,4.0,67,37,64,30.8,0.48,0.52,0.0803864305891952,0.8261439453713585,1.0,1.0,0.4714285714285714,0.52,0.8487142857142856,0.8351720815085293,5.0,matches your interests; fits your budget
U021,D097,Haputale,nature;city,badulla,4000,3.0,61,28,52,25.1,0.164,0.836,0.07601560503648168,0.7812242861679053,1.0,1.0,0.6,0.836,0.9153999999999999,0.8348945717007432,6.0,matches your interests; fits your budget; matches your preferred crowd level; has suitable weather
U021,D027,Ramboda Falls,nature,nuwara eliya,3000,2.0,65,30,58,26.9,0.607,0.393,0.07960392487724377,0.8181020115349025,1.0,1.0,0.5714285714285714,0.393,0.8446642857142856,0.8287269212066557,7.0,matches your interests; fits your budget
U021,D066,Bopath Ella,nature,ratnapura,3000,3.0,57,34,56,28.7,0.611,0.389,0.080031795476752,0.8224993047421674,1.0,1.0,0.5142857142857142,0.389,0.8354928571428571,0.8276967257024432,8.0,matches your interests; fits your budget
U021,D024,Hakgala Botanical Garden,nature,nuwara eliya,3500,3.0,62,31,57,25.1,0.054,0.946,0.06908053969052744,0.7099515327402278,1.0,1.0,0.5571428571428572,0.946,0.9254714285714286,0.7961594910727081,9.0,matches your interests; fits your budget; has suitable weather
U021,D021,Gregory Lake,nature,nuwara eliya,3000,2.5,61,39,53,24.2,0.417,0.583,0.07341059771785886,0.75445221769622,1.0,1.0,0.44285714285714284,0.583,0.8538785714285714,0.7942227591891605,10.0,matches your interests; fits your budget
U022,D088,Tangalle Beach,beach,hambantota,5000,4.0,55,37,61,28.8,0.061,0.939,0.20003613017738486,1.0,1.0,1.0,0.74,0.939,0.9518499999999999,0.98074,1.0,matches your interests; fits your budget; matches your preferred crowd level; has suitable weather
U022,D012,Casuarina Beach,beach,jaffna,4000,3.0,58,43,50,29.1,0.134,0.866,0.1977206455133242,0.9884246677737297,1.0,1.0,0.86,0.866,0.9589,0.9766148006642378,2.0,matches your interests; fits your budget; matches your preferred crowd level; has suitable weather
U022,D047,Marble Beach,beach,trincomalee,5000,3.0,52,33,61,28.9,0.259,0.741,0.19949329315773737,0.9972863051331471,1.0,1.0,0.6599999999999999,0.741,0.9101499999999999,0.9624317830798883,3.0,matches your interests; fits your budget; matches your preferred crowd level; has suitable weather
U022,D079,Mirissa Beach,beach,matara,6000,4.0,56,36,63,24.2,0.301,0.699,0.18674344659014466,0.9335485865705724,1.0,1.0,0.72,0.699,0.9128499999999999,0.9252691519423434,4.0,matches your interests; fits your budget; matches your preferred crowd level
U022,D041,Pasikuda Beach,beach,batticaloa,7000,4.0,58,35,51,27.2,0.249,0.751,0.18283800939723166,0.9140249275723215,1.0,1.0,0.7,0.751,0.91765,0.9154749565433928,5.0,matches your interests; fits your budget; matches your preferred crowd level; has suitable weather
U022,D055,Negombo Beach,beach,gampaha,5000,3.0,57,32,52,25.6,0.253,0.747,0.18271758356330287,0.9134229071581992,1.0,1.0,0.64,0.747,0.9080499999999999,0.9112737442949195,6.0,matches your interests; fits your budget; matches your preferred crowd level; has suitable weather
U022,D043,Nilaveli Beach,beach,trincomalee,7000,4.0,57,31,48,25.4,0.608,0.392,0.1882391896889922,0.9410259512722449,1.0,1.0,0.62,0.392,0.8517999999999999,0.9053355707633468,7.0,matches your interests; fits your budget; matches your preferred crowd level
U022,D054,Mount Lavinia Beach,beach,colombo,5000,3.0,59,37,62,25.7,0.332,0.668,0.16704709098776785,0.835084596165885,1.0,1.0,0.74,0.668,0.9111999999999999,0.865530757699531,8.0,matches your interests; fits your budget; matches your preferred crowd level
U022,D075,Unawatuna Beach,beach,galle,6000,4.0,58,44,54,29.4,0.624,0.376,0.1302554002735927,0.6511593688504516,1.0,1.0,0.88,0.376,0.8884,0.7460556213102709,9.0,matches your interests; fits your budget; matches your preferred crowd level
U022,D081,Polhena Beach,beach;marine,matara,5000,3.0,57,45,55,24.6,0.007,0.993,0.11717177519529219,0.5857530591668039,1.0,1.0,0.9,0.993,0.98395,0.7450318355000823,10.0,matches your interests; fits your budget; matches your preferred crowd level; has suitable weather
U023,D037,Buduruwagala,heritage,monaragala,3000,2.5,62,31,48,27.3,0.274,0.726,0.16376219103642325,1.0,1.0,1.0,0.5571428571428572,0.726,0.8924714285714286,0.9569885714285714,1.0,matches your interests; fits your budget; has suitable weather
U023,D010,Jaffna Fort,heritage,jaffna,3000,2.0,54,30,63,27.2,0.058,0.942,0.14382696702796505,0.8782672368860508,1.0,1.0,0.5714285714285714,0.942,0.9270142857142857,0.8977660564173447,2.0,matches your interests; fits your budget; has suitable weather
U023,D045,Fort Frederick,heritage,trincomalee,3000,2.0,57,42,51,29.9,0.48,0.52,0.14648675976468203,0.8945090367782214,1.0,1.0,0.4,0.52,0.838,0.8719054220669329,3.0,matches your interests; fits your budget
U023,D008,Mihintale,heritage;religious,anuradhapura,3000,3.0,61,37,57,27.4,0.192,0.808,0.13845368607078556,0.8454557501614723,1.0,1.0,0.4714285714285714,0.808,0.8919142857142857,0.8640391643825978,4.0,matches your interests; fits your budget; has suitable weather
U023,D002,Dambulla Cave Temple,heritage,matale,5000,2.0,55,41,47,28.9,0.246,0.754,0.13555326673949342,0.8277445842755259,1.0,1.0,0.4142857142857143,0.754,0.8752428571428571,0.8467438934224584,5.0,matches your interests; fits your budget; has suitable weather
U023,D074,Galle Fort,heritage;coastal,galle,5000,4.0,55,34,49,29.6,0.379,0.621,0.1336120220421842,0.8158905373491663,1.0,1.0,0.5142857142857142,0.621,0.8702928571428571,0.8376514652666426,6.0,matches your interests; fits your budget
U023,D007,Ritigala Monastery,heritage;nature,anuradhapura,5000,3.0,60,29,53,25.4,0.564,0.436,0.13405585776806514,0.8186007827548487,1.0,1.0,0.5857142857142857,0.436,0.8532571428571428,0.8324633267957664,7.0,matches your interests; fits your budget
U023,D042,Batticaloa Fort,heritage,batticaloa,3000,2.0,57,39,49,27.5,0.582,0.418,0.1322378254710358,0.8074991219531501,1.0,1.0,0.44285714285714284,0.418,0.8291285714285713,0.8161509017433186,8.0,matches your interests; fits your budget
U023,D095,Aluvihare Rock Temple,heritage;religious,matale,3000,2.0,53,32,50,28.5,0.205,0.795,0.12003049709418209,0.7329561013719305,1.0,1.0,0.5428571428571428,0.795,0.9006785714285713,0.8000450893945869,9.0,matches your interests; fits your budget; has suitable weather
U023,D005,Polonnaruwa Ancient City,heritage,polonnaruwa,5000,4.0,58,32,62,27.1,0.533,0.467,0.1240956138330234,0.75777939369059,1.0,1.0,0.5428571428571428,0.467,0.8514785714285713,0.7952590647857825,10.0,matches your interests; fits your budget
U024,D003,Minneriya National Park,wildlife;nature,polonnaruwa,15000,4.0,70,35,59,24.1,0.618,0.382,0.12810747919212162,1.0,1.0,1.0,0.7,0.382,0.8623,0.94492,1.0,matches your interests; fits your budget; matches your preferred crowd level
U024,D004,Kaudulla National Park,wildlife;nature,polonnaruwa,15000,4.0,64,33,66,28.4,0.634,0.366,0.12810747919212162,1.0,1.0,1.0,0.6599999999999999,0.366,0.8538999999999999,0.94156,2.0,matches your interests; fits your budget; matches your preferred crowd level
U024,D073,Kanneliya Forest Reserve,nature;wildlife,galle,7000,5.0,62,38,63,24.6,0.353,0.647,0.12231581586669979,0.9547905917597822,1.0,1.0,0.76,0.647,0.9110499999999999,0.9372943550558692,3.0,matches your interests; fits your budget; matches your preferred crowd level
U024,D059,Pinnawala Elephant Orphanage,wildlife;family,kegalle,8000,4.0,62,37,50,27.6,0.216,0.784,0.11315200507419677,0.8832583841924151,1.0,1.0,0.74,0.784,0.9286,0.901395030515449,4.0,matches your interests; fits your budget; matches your preferred crowd level; has suitable weather
U024,D089,Kalametiya Bird Sanctuary,wildlife;nature,hambantota,5000,4.0,69,36,53,26.4,0.543,0.457,0.11369049951327286,0.887461842432886,1.0,1.0,0.72,0.457,0.8765499999999999,0.8830971054597316,5.0,matches your interests; fits your budget; matches your preferred crowd level
U024,D022,Horton Plains National Park,nature;wildlife,nuwara eliya,7000,6.0,65,27,64,26.4,0.371,0.629,0.11059790566474544,0.8633212234149324,1.0,1.0,0.54,0.629,0.87535,0.8681327340489594,6.0,matches your interests; fits your budget
U024,D057,Kalpitiya Lagoon,marine;nature,puttalam,7000,4.0,72,39,61,29.7,0.004,0.996,0.09891162944078409,0.7720987881780674,1.0,1.0,0.78,0.996,0.9663999999999999,0.8498192729068405,7.0,matches your interests; fits your budget; matches your preferred crowd level; has suitable weather
U024,D064,Udawalawe National Park,wildlife;nature,ratnapura,15000,5.0,64,25,66,29.9,0.244,0.756,0.10468444869890692,0.8171611006560562,1.0,1.0,0.5,0.756,0.8883999999999999,0.8456566603936336,8.0,matches your interests; fits your budget; has suitable weather
U024,D065,Udawalawe Elephant Transit Home,wildlife,ratnapura,5000,2.0,65,31,57,26.5,0.236,0.764,0.09045045587926043,0.7060513285380684,1.0,1.0,0.62,0.764,0.9076,0.786670797122841,9.0,matches your interests; fits your budget; matches your preferred crowd level; has suitable weather
U024,D058,Wilpattu Wildlife Area,wildlife;nature,puttalam,16000,5.0,68,30,53,27.9,0.43,0.57,0.08927618987705589,0.6968850721289208,1.0,1.0,0.6,0.57,0.8755,0.7683310432773525,10.0,matches your interests; fits your budget; matches your preferred crowd level
U025,D093,Riverston,nature;adventure,matale,6000,5.0,57,34,58,24.8,0.299,0.701,0.1563094240362292,1.0,1.0,0.8333333333333334,0.4857142857142857,0.701,0.8363404761904761,0.9345361904761904,1.0,matches your interests; fits your budget; has suitable weather
U025,D029,Ella Rock,nature;adventure,badulla,5000,6.0,61,29,59,29.2,0.607,0.393,0.1432337783311284,0.9163476816211023,1.0,1.0,0.4142857142857143,0.393,0.8210928571428571,0.8782457518298042,2.0,matches your interests; fits your budget
U025,D030,Little Adam's Peak,nature;adventure,badulla,3000,3.0,63,39,64,27.0,0.252,0.748,0.12859231759764103,0.8226779568187526,1.0,1.0,0.5571428571428572,0.748,0.8957714285714286,0.851915345519823,3.0,matches your interests; fits your budget; has suitable weather
U025,D023,World's End,nature;adventure,nuwara eliya,7000,5.0,63,30,58,28.9,0.539,0.461,0.1356905330742826,0.8680892653205122,1.0,0.7142857142857143,0.42857142857142855,0.461,0.7620071428571429,0.8256564163351645,4.0,matches your interests
U025,D019,Hanthana Mountain Range,nature;adventure,kandy,5000,5.0,62,32,68,27.3,0.216,0.784,0.12137608097680067,0.7765116001493825,1.0,1.0,0.45714285714285713,0.784,0.8861714285714285,0.8203755315182009,5.0,matches your interests; fits your budget; has suitable weather
U025,D091,Madulsima Mini World's End,nature;adventure,badulla,5000,4.0,65,30,58,25.3,0.596,0.404,0.11835525451876107,0.7571856607400003,1.0,1.0,0.42857142857142855,0.404,0.8248857142857142,0.7842656821582858,6.0,matches your interests; fits your budget
U025,D018,Knuckles Mountain Range,nature;adventure,matale,10000,7.0,63,40,62,29.3,0.476,0.524,0.12013934705592066,0.7685995121322623,1.0,0.5,0.5714285714285714,0.524,0.7393142857142857,0.7568854215650717,7.0,matches your interests
U025,D098,Ohiya,nature;adventure,badulla,5000,4.0,63,38,66,27.9,0.175,0.825,0.09451495277841487,0.6046657350391639,1.0,1.0,0.5428571428571428,0.825,0.9051785714285714,0.7248708695949269,8.0,matches your interests; fits your budget; has suitable weather
U025,D035,Diyaluma Falls,nature;adventure,badulla,5000,5.0,67,26,62,25.3,0.167,0.833,0.08355493971762573,0.5345483180736401,1.0,1.0,0.37142857142857144,0.833,0.8806642857142857,0.6729947051298983,9.0,matches your interests; fits your budget; has suitable weather
U025,D080,Weligama Bay,beach;adventure,matara,6000,4.0,53,25,47,29.9,0.049,0.951,0.09988540665950542,0.6390235731170893,0.5,0.8333333333333334,0.35714285714285715,0.951,0.6295547619047619,0.6352360486321583,10.0,matches your interests; fits your budget; has suitable weather
U026,D074,Galle Fort,heritage;coastal,galle,5000,4.0,55,34,49,29.6,0.379,0.621,0.12704823451703973,1.0,0.5,1.0,0.5142857142857142,0.621,0.6452928571428571,0.8581171428571428,1.0,matches your interests; fits your budget
U026,D053,Dutch Hospital Colombo,heritage;city,colombo,5000,2.5,60,30,63,24.3,0.327,0.673,0.07093672022027733,0.558344793140461,1.0,1.0,0.5714285714285714,0.673,0.8866642857142857,0.6896725901699909,2.0,matches your interests; fits your budget
U026,D049,Galle Face Green,city;coastal,colombo,2000,2.0,55,27,55,30.9,0.548,0.452,0.09156846315209162,0.7207377851426219,0.5,1.0,0.6142857142857143,0.452,0.6349428571428571,0.686419813942716,3.0,matches your interests; fits your budget; matches your preferred crowd level
U026,D055,Negombo Beach,beach,gampaha,5000,3.0,57,32,52,25.6,0.253,0.747,0.05629291671226227,0.443083030049601,0.5,1.0,0.5428571428571428,0.747,0.6684785714285714,0.5332412466011891,4.0,matches your interests; fits your budget; has suitable weather
U026,D079,Mirissa Beach,beach,matara,6000,4.0,56,36,63,24.2,0.301,0.699,0.05753323287475391,0.45284559123123863,0.5,1.0,0.4857142857142857,0.699,0.6527071428571428,0.5327902118816004,5.0,matches your interests; fits your budget
U026,D068,Ratnapura Gem Museum Area,culture;heritage,ratnapura,4000,2.5,56,23,62,29.8,0.086,0.914,0.04663013340711379,0.3670270081624767,0.5,1.0,0.6714285714285714,0.914,0.7128142857142856,0.5053419191832003,6.0,matches your interests; fits your budget; matches your preferred crowd level; has suitable weather
U026,D054,Mount Lavinia Beach,beach,colombo,5000,3.0,59,37,62,25.7,0.332,0.668,0.05146504127634892,0.4050826953399846,0.5,1.0,0.4714285714285714,0.668,0.6459142857142857,0.501415331489705,7.0,matches your interests; fits your budget
U026,D048,Colombo National Museum,heritage;culture,colombo,3000,2.5,58,26,53,30.8,0.564,0.436,0.05041172892571996,0.3967920460867068,0.5,1.0,0.6285714285714286,0.436,0.6346857142857143,0.49194951336630977,8.0,matches your interests; fits your budget; matches your preferred crowd level
U026,D100,Pekoe Trail - Tea Country Section,nature;adventure;culture,nuwara eliya,7000,6.0,59,39,62,27.1,0.034,0.966,0.044871018655512955,0.35318096962217016,0.5,1.0,0.44285714285714284,0.966,0.6863285714285714,0.4864400103447307,9.0,matches your interests; fits your budget; has suitable weather
U026,D020,Nuwara Eliya City,city;nature,nuwara eliya,5000,3.0,67,34,57,26.2,0.466,0.534,0.0446987115796319,0.35182473608979514,0.5,1.0,0.5142857142857142,0.534,0.6322428571428571,0.46399198451102,10.0,matches your interests; fits your budget
U027,D036,Dunhinda Falls,nature,badulla,3000,3.0,57,40,52,24.9,0.476,0.524,0.1268636190381462,1.0,1.0,1.0,0.8,0.524,0.8986,0.95944,1.0,matches your interests; fits your budget; matches your preferred crowd level
U027,D098,Ohiya,nature;adventure,badulla,5000,4.0,63,38,66,27.9,0.175,0.825,0.12134125431031623,0.9564700678594904,1.0,1.0,0.76,0.825,0.93775,0.9489820407156943,2.0,matches your interests; fits your budget; matches your preferred crowd level; has suitable weather
U027,D067,Bambarakanda Falls,nature,badulla,3000,3.0,62,28,53,25.0,0.643,0.357,0.1268636190381462,1.0,1.0,1.0,0.56,0.357,0.8375499999999999,0.93502,3.0,matches your interests; fits your budget
U027,D099,Baker's Falls,nature,nuwara eliya,3000,3.0,64,34,58,30.5,0.544,0.456,0.11613512336369469,0.9154328423247521,1.0,1.0,0.6799999999999999,0.456,0.8704,0.8974197053948513,4.0,matches your interests; fits your budget; matches your preferred crowd level
U027,D035,Diyaluma Falls,nature;adventure,badulla,5000,5.0,67,26,62,25.3,0.167,0.833,0.10727044653906884,0.8455572003413685,1.0,1.0,0.52,0.833,0.9029499999999999,0.8685143202048211,5.0,matches your interests; fits your budget; has suitable weather
U027,D078,Rumassala Sanctuary,nature;wildlife,galle,4000,3.0,72,37,58,27.1,0.504,0.496,0.10399921804632975,0.8197718056195337,1.0,1.0,0.74,0.496,0.8854,0.8460230833717202,6.0,matches your interests; fits your budget; matches your preferred crowd level
U027,D017,Udawattakele Forest Reserve,nature,kandy,3000,3.0,72,24,67,26.1,0.296,0.704,0.10150894079456124,0.8001422438062314,1.0,1.0,0.48,0.704,0.8775999999999999,0.8311253462837389,7.0,matches your interests; fits your budget; has suitable weather
U027,D073,Kanneliya Forest Reserve,nature;wildlife,galle,7000,5.0,62,38,63,24.6,0.353,0.647,0.09605717067457385,0.7571687722836501,1.0,1.0,0.76,0.647,0.9110499999999999,0.81872126337019,8.0,matches your interests; fits your budget; matches your preferred crowd level
U027,D026,Lover's Leap Waterfall,nature,nuwara eliya,3000,2.5,60,26,63,27.1,0.543,0.457,0.09948187662730837,0.7841639500871838,1.0,1.0,0.52,0.457,0.8465499999999999,0.8091183700523101,9.0,matches your interests; fits your budget
U027,D007,Ritigala Monastery,heritage;nature,anuradhapura,5000,3.0,60,29,53,25.4,0.564,0.436,0.09686160542895139,0.7635097135280873,1.0,1.0,0.5800000000000001,0.436,0.8523999999999999,0.7990658281168523,10.0,matches your interests; fits your budget
U028,D080,Weligama Bay,beach;adventure,matara,6000,4.0,53,25,47,29.9,0.049,0.951,0.1728862554553532,0.8143978331350502,1.0,1.0,0.6428571428571429,0.951,0.9390785714285714,0.8642701284524588,1.0,matches your interests; fits your budget; matches your preferred crowd level; has suitable weather
U028,D071,Bentota Beach,beach;adventure,galle,7000,4.0,58,33,49,25.4,0.36,0.64,0.21228722427934524,1.0,0.5,1.0,0.5285714285714286,0.64,0.6502857142857142,0.8601142857142856,2.0,matches your interests; fits your budget
U028,D040,Arugam Bay,beach;adventure,ampara,8000,5.0,51,30,57,25.0,0.255,0.745,0.1690735994670963,0.7964379394052237,1.0,1.0,0.5714285714285714,0.745,0.8974642857142857,0.8368484779288485,3.0,matches your interests; fits your budget; has suitable weather
U028,D055,Negombo Beach,beach,gampaha,5000,3.0,57,32,52,25.6,0.253,0.747,0.1366262978409858,0.6435917107343281,0.5,1.0,0.5428571428571428,0.747,0.6684785714285714,0.6535464550120254,4.0,matches your interests; fits your budget; has suitable weather
U028,D041,Pasikuda Beach,beach,batticaloa,7000,4.0,58,35,51,27.2,0.249,0.751,0.13671634574734073,0.6440158903177233,0.5,1.0,0.5,0.751,0.66265,0.651469534190634,5.0,matches your interests; fits your budget; has suitable weather
U028,D043,Nilaveli Beach,beach,trincomalee,7000,4.0,57,31,48,25.4,0.608,0.392,0.14075505539336272,0.6630406321962431,0.5,1.0,0.5571428571428572,0.392,0.6173714285714285,0.6447729507463172,6.0,matches your interests; fits your budget
U028,D088,Tangalle Beach,beach,hambantota,5000,4.0,55,37,61,28.8,0.061,0.939,0.11063430534340733,0.5211538552024473,0.5,1.0,0.4714285714285714,0.939,0.6865642857142857,0.5873180274071826,7.0,matches your interests; fits your budget; has suitable weather
U028,D047,Marble Beach,beach,trincomalee,5000,3.0,52,33,61,28.9,0.259,0.741,0.11033407759689909,0.5197396026607437,0.5,1.0,0.5285714285714286,0.741,0.6654357142857142,0.5780180473107319,8.0,matches your interests; fits your budget; has suitable weather
U028,D012,Casuarina Beach,beach,jaffna,4000,3.0,58,43,50,29.1,0.134,0.866,0.10935367650343475,0.5151213261874773,0.5,1.0,0.38571428571428573,0.866,0.6627571428571428,0.5741756528553434,9.0,matches your interests; fits your budget; has suitable weather
U028,D079,Mirissa Beach,beach,matara,6000,4.0,56,36,63,24.2,0.301,0.699,0.10328249937955503,0.4865224449100493,0.5,1.0,0.4857142857142857,0.699,0.6527071428571428,0.5529963240888867,10.0,matches your interests; fits your budget
U029,D048,Colombo National Museum,heritage;culture,colombo,3000,2.5,58,26,53,30.8,0.564,0.436,0.20461001954302835,1.0,1.0,1.0,0.52,0.436,0.8433999999999999,0.93736,1.0,matches your interests; fits your budget
U029,D050,Gangaramaya Temple,heritage;religious,colombo,3000,2.0,62,33,58,26.3,0.211,0.789,0.14563395932231882,0.7117635766204148,1.0,1.0,0.6599999999999999,0.789,0.9173499999999999,0.7939981459722488,2.0,matches your interests; fits your budget; matches your preferred crowd level; has suitable weather
U029,D046,Koneswaram Temple,heritage;religious,trincomalee,3000,2.0,62,40,53,28.5,0.229,0.771,0.14304669438318507,0.6991187171706571,1.0,1.0,0.8,0.771,0.93565,0.7937312303023942,3.0,matches your interests; fits your budget; matches your preferred crowd level; has suitable weather
U029,D033,Demodara Railway Loop,heritage;nature,badulla,3000,2.0,55,37,54,26.2,0.512,0.488,0.12192498306852816,0.5958896017938555,1.0,1.0,0.74,0.488,0.8842,0.7112137610763133,4.0,matches your interests; fits your budget; matches your preferred crowd level
U029,D010,Jaffna Fort,heritage,jaffna,3000,2.0,54,30,63,27.2,0.058,0.942,0.08927736067122988,0.43632936877001444,1.0,1.0,0.6,0.942,0.9312999999999999,0.6343176212620086,5.0,matches your interests; fits your budget; matches your preferred crowd level; has suitable weather
U029,D045,Fort Frederick,heritage,trincomalee,3000,2.0,57,42,51,29.9,0.48,0.52,0.09092836729657597,0.44439840971450684,1.0,1.0,0.84,0.52,0.9039999999999999,0.628239045828704,6.0,matches your interests; fits your budget; matches your preferred crowd level
U029,D002,Dambulla Cave Temple,heritage,matale,5000,2.0,55,41,47,28.9,0.246,0.754,0.08414164697300584,0.41122935798024945,1.0,1.0,0.8200000000000001,0.754,0.9360999999999999,0.6211776147881496,7.0,matches your interests; fits your budget; matches your preferred crowd level; has suitable weather
U029,D068,Ratnapura Gem Museum Area,culture;heritage,ratnapura,4000,2.5,56,23,62,29.8,0.086,0.914,0.11879372783177483,0.5805860734341661,0.5,1.0,0.45999999999999996,0.914,0.6810999999999999,0.6207916440604997,8.0,matches your interests; fits your budget; has suitable weather
U029,D074,Galle Fort,heritage;coastal,galle,5000,4.0,55,34,49,29.6,0.379,0.621,0.08293666291073962,0.4053401837112796,1.0,1.0,0.6799999999999999,0.621,0.8951499999999999,0.6012641102267677,9.0,matches your interests; fits your budget; matches your preferred crowd level
U029,D069,Kalutara Bodhiya,religious;heritage,kalutara,3000,2.0,55,43,63,26.5,0.156,0.844,0.07233198877173831,0.35351146993330546,1.0,1.0,0.86,0.844,0.9556,0.5943468819599833,10.0,matches your interests; fits your budget; matches your preferred crowd level; has suitable weather
U030,D058,Wilpattu Wildlife Area,wildlife;nature,puttalam,16000,5.0,68,30,53,27.9,0.43,0.57,0.17369112335947723,1.0,1.0,1.0,0.42857142857142855,0.57,0.8497857142857143,0.9399142857142857,1.0,matches your interests; fits your budget
U030,D090,Lunugamvehera National Park,wildlife;nature,monaragala,12000,5.0,71,32,57,25.8,0.202,0.798,0.16295141530160565,0.9381677782367478,1.0,1.0,0.45714285714285713,0.798,0.8882714285714285,0.9182092383706201,2.0,matches your interests; fits your budget; has suitable weather
U030,D009,Wilpattu National Park,wildlife;nature,puttalam,16000,5.0,63,28,68,27.6,0.173,0.827,0.16056125880371494,0.9244068188298359,1.0,1.0,0.4,0.827,0.88405,0.9082640912979015,3.0,matches your interests; fits your budget; has suitable weather
U030,D064,Udawalawe National Park,wildlife;nature,ratnapura,15000,5.0,64,25,66,29.9,0.244,0.756,0.16016010178691756,0.9220972188397021,1.0,1.0,0.35714285714285715,0.756,0.8669714285714285,0.9000469027323926,4.0,matches your interests; fits your budget; has suitable weather
U030,D096,Wasgamuwa National Park,wildlife;nature,matale,14000,5.0,65,30,57,26.5,0.396,0.604,0.1598483391122548,0.9203022930620759,1.0,1.0,0.42857142857142855,0.604,0.8548857142857142,0.8941356615515312,5.0,matches your interests; fits your budget
U030,D085,Yala National Park,wildlife;nature,hambantota,16000,6.0,66,34,63,26.6,0.632,0.368,0.1629222009838504,0.9379995812835001,1.0,1.0,0.4857142857142857,0.368,0.8280571428571428,0.8940226059129572,6.0,matches your interests; fits your budget
U030,D086,Bundala National Park,wildlife;nature,hambantota,12000,5.0,66,29,57,27.8,0.235,0.765,0.15053030580462917,0.8666551456005405,1.0,1.0,0.4142857142857143,0.765,0.8768928571428571,0.8707502302174671,7.0,matches your interests; fits your budget; has suitable weather
U030,D038,Gal Oya National Park,wildlife;nature,ampara,15000,6.0,65,36,65,26.3,0.374,0.626,0.14297860395483825,0.823177380567254,1.0,1.0,0.5142857142857142,0.626,0.8710428571428571,0.8423235711974952,8.0,matches your interests; fits your budget
U030,D078,Rumassala Sanctuary,nature;wildlife,galle,4000,3.0,72,37,58,27.1,0.504,0.496,0.12420683164439392,0.7151017809202092,1.0,1.0,0.5285714285714286,0.496,0.8536857142857143,0.7705353542664113,9.0,matches your interests; fits your budget
U030,D039,Kumana National Park,wildlife;nature,ampara,15000,6.0,69,38,65,27.2,0.154,0.846,0.11560417197646644,0.6655732874569992,1.0,1.0,0.5428571428571428,0.846,0.9083285714285714,0.762675401045628,10.0,matches your interests; fits your budget; has suitable weather
U031,D051,Viharamahadevi Park,nature;city,colombo,2000,2.0,58,29,56,28.4,0.197,0.803,0.09427140956614483,0.9704804094697665,1.0,1.0,0.5857142857142857,0.803,0.9083071428571428,0.9456111028247169,1.0,matches your interests; fits your budget; has suitable weather
U031,D032,Ravana Falls,nature,badulla,3000,2.0,65,33,59,30.1,0.104,0.896,0.08698255433208246,0.8954450276432596,1.0,1.0,0.5285714285714286,0.896,0.9136857142857142,0.9027413023002415,2.0,matches your interests; fits your budget; has suitable weather
U031,D070,Brief Garden,nature,kalutara,4000,2.5,59,37,67,26.8,0.056,0.944,0.0768174643118081,0.7908001435731727,1.0,1.0,0.4714285714285714,0.944,0.9123142857142856,0.8394058004296179,3.0,matches your interests; fits your budget; has suitable weather
U031,D034,Lipton's Seat,nature,badulla,4000,4.0,67,37,64,30.8,0.48,0.52,0.08025072270881362,0.8261439453713587,1.0,1.0,0.4714285714285714,0.52,0.8487142857142856,0.8351720815085295,4.0,matches your interests; fits your budget
U031,D097,Haputale,nature;city,badulla,4000,3.0,61,28,52,25.1,0.164,0.836,0.07588727595706102,0.7812242861679055,1.0,1.0,0.6,0.836,0.9153999999999999,0.8348945717007432,5.0,matches your interests; fits your budget; matches your preferred crowd level; has suitable weather
U031,D093,Riverston,nature;adventure,matale,6000,5.0,57,34,58,24.8,0.299,0.701,0.08013760706815837,0.8249794723485646,1.0,0.8333333333333334,0.5142857142857142,0.701,0.8406261904761905,0.831238159599615,6.0,matches your interests; fits your budget; has suitable weather
U031,D027,Ramboda Falls,nature,nuwara eliya,3000,2.0,65,30,58,26.9,0.607,0.393,0.07946953801821835,0.8181020115349024,1.0,1.0,0.5714285714285714,0.393,0.8446642857142856,0.8287269212066557,7.0,matches your interests; fits your budget
U031,D066,Bopath Ella,nature,ratnapura,3000,3.0,57,34,56,28.7,0.611,0.389,0.07989668628919787,0.8224993047421674,1.0,1.0,0.5142857142857142,0.389,0.8354928571428571,0.8276967257024432,8.0,matches your interests; fits your budget
U031,D024,Hakgala Botanical Garden,nature,nuwara eliya,3500,3.0,62,31,57,25.1,0.054,0.946,0.0689639183460007,0.7099515327402279,1.0,1.0,0.5571428571428572,0.946,0.9254714285714286,0.7961594910727082,9.0,matches your interests; fits your budget; has suitable weather
U031,D021,Gregory Lake,nature,nuwara eliya,3000,2.5,61,39,53,24.2,0.417,0.583,0.07328666639585817,0.75445221769622,1.0,1.0,0.44285714285714284,0.583,0.8538785714285714,0.7942227591891605,10.0,matches your interests; fits your budget
U032,D041,Pasikuda Beach,beach,batticaloa,7000,4.0,58,35,51,27.2,0.249,0.751,0.22087898452185403,0.9713068235117017,1.0,1.0,0.7,0.751,0.91765,0.949844094107021,1.0,matches your interests; fits your budget; matches your preferred crowd level; has suitable weather
U032,D055,Negombo Beach,beach,gampaha,5000,3.0,57,32,52,25.6,0.253,0.747,0.22073350308724377,0.970667074508703,1.0,1.0,0.64,0.747,0.9080499999999999,0.9456202447052218,2.0,matches your interests; fits your budget; matches your preferred crowd level; has suitable weather
U032,D043,Nilaveli Beach,beach,trincomalee,7000,4.0,57,31,48,25.4,0.608,0.392,0.22740392549007252,1.0,1.0,1.0,0.62,0.392,0.8517999999999999,0.94072,3.0,matches your interests; fits your budget; matches your preferred crowd level
U032,D088,Tangalle Beach,beach,hambantota,5000,4.0,55,37,61,28.8,0.061,0.939,0.20239407842142104,0.8900201611966312,1.0,1.0,0.74,0.939,0.9518499999999999,0.9147520967179786,4.0,matches your interests; fits your budget; matches your preferred crowd level; has suitable weather
U032,D012,Casuarina Beach,beach,jaffna,4000,3.0,58,43,50,29.1,0.134,0.866,0.2000512997230633,0.8797178821427015,1.0,1.0,0.86,0.866,0.9589,0.9113907292856209,5.0,matches your interests; fits your budget; matches your preferred crowd level; has suitable weather
U032,D047,Marble Beach,beach,trincomalee,5000,3.0,52,33,61,28.9,0.259,0.741,0.2018448426497274,0.8876049180537963,1.0,1.0,0.6599999999999999,0.741,0.9101499999999999,0.8966229508322778,6.0,matches your interests; fits your budget; matches your preferred crowd level; has suitable weather
U032,D079,Mirissa Beach,beach,matara,6000,4.0,56,36,63,24.2,0.301,0.699,0.18894470584057121,0.830877063504428,1.0,1.0,0.72,0.699,0.9128499999999999,0.8636662381026567,7.0,matches your interests; fits your budget; matches your preferred crowd level
U032,D054,Mount Lavinia Beach,beach,colombo,5000,3.0,59,37,62,25.7,0.332,0.668,0.16901617724491885,0.7432421268923846,1.0,1.0,0.74,0.668,0.9111999999999999,0.8104252761354307,8.0,matches your interests; fits your budget; matches your preferred crowd level
U032,D071,Bentota Beach,beach;adventure,galle,7000,4.0,58,33,49,25.4,0.36,0.64,0.15327137512119915,0.6740049662330492,1.0,1.0,0.6599999999999999,0.64,0.8949999999999999,0.7624029797398295,9.0,matches your interests; fits your budget; matches your preferred crowd level
U032,D081,Polhena Beach,beach;marine,matara,5000,3.0,57,45,55,24.6,0.007,0.993,0.11855295059259338,0.5213320321410586,1.0,1.0,0.9,0.993,0.98395,0.7063792192846352,10.0,matches your interests; fits your budget; matches your preferred crowd level; has suitable weather
U033,D037,Buduruwagala,heritage,monaragala,3000,2.5,62,31,48,27.3,0.274,0.726,0.1640118660631464,1.0,1.0,1.0,0.5571428571428572,0.726,0.8924714285714286,0.9569885714285714,1.0,matches your interests; fits your budget; has suitable weather
U033,D010,Jaffna Fort,heritage,jaffna,3000,2.0,54,30,63,27.2,0.058,0.942,0.14404624842380462,0.8782672368860507,1.0,1.0,0.5714285714285714,0.942,0.9270142857142857,0.8977660564173446,2.0,matches your interests; fits your budget; has suitable weather
U033,D045,Fort Frederick,heritage,trincomalee,3000,2.0,57,42,51,29.9,0.48,0.52,0.14671009633234372,0.8945090367782211,1.0,1.0,0.4,0.52,0.838,0.8719054220669327,3.0,matches your interests; fits your budget
U033,D008,Mihintale,heritage;religious,anuradhapura,3000,3.0,61,37,57,27.4,0.192,0.808,0.13866477525780038,0.8454557501614723,1.0,1.0,0.4714285714285714,0.808,0.8919142857142857,0.8640391643825978,4.0,matches your interests; fits your budget; has suitable weather
U033,D002,Dambulla Cave Temple,heritage,matale,5000,2.0,55,41,47,28.9,0.246,0.754,0.13575993389069235,0.8277445842755259,1.0,1.0,0.4142857142857143,0.754,0.8752428571428571,0.8467438934224584,5.0,matches your interests; fits your budget; has suitable weather
U033,D074,Galle Fort,heritage;coastal,galle,5000,4.0,55,34,49,29.6,0.379,0.621,0.1338157295339,0.8158905373491662,1.0,1.0,0.5142857142857142,0.621,0.8702928571428571,0.8376514652666425,6.0,matches your interests; fits your budget
U033,D007,Ritigala Monastery,heritage;nature,anuradhapura,5000,3.0,60,29,53,25.4,0.564,0.436,0.13426024194037503,0.8186007827548485,1.0,1.0,0.5857142857142857,0.436,0.8532571428571428,0.8324633267957662,7.0,matches your interests; fits your budget
U033,D042,Batticaloa Fort,heritage,batticaloa,3000,2.0,57,39,49,27.5,0.582,0.418,0.13243943783588835,0.8074991219531499,1.0,1.0,0.44285714285714284,0.418,0.8291285714285713,0.8161509017433184,8.0,matches your interests; fits your budget
U033,D095,Aluvihare Rock Temple,heritage;religious,matale,3000,2.0,53,32,50,28.5,0.205,0.795,0.12021349792837902,0.7329561013719305,1.0,1.0,0.5428571428571428,0.795,0.9006785714285713,0.8000450893945869,9.0,matches your interests; fits your budget; has suitable weather
U033,D005,Polonnaruwa Ancient City,heritage,polonnaruwa,5000,4.0,58,32,62,27.1,0.533,0.467,0.12428481242339333,0.7577793936905899,1.0,1.0,0.5428571428571428,0.467,0.8514785714285713,0.7952590647857825,10.0,matches your interests; fits your budget
U034,D003,Minneriya National Park,wildlife;nature,polonnaruwa,15000,4.0,70,35,59,24.1,0.618,0.382,0.12661328720800952,1.0,1.0,0.9333333333333333,0.7,0.382,0.8456333333333333,0.9382533333333334,1.0,matches your interests; fits your budget; matches your preferred crowd level
U034,D073,Kanneliya Forest Reserve,nature;wildlife,galle,7000,5.0,62,38,63,24.6,0.353,0.647,0.12088917541798666,0.9547905917597821,1.0,1.0,0.76,0.647,0.9110499999999999,0.9372943550558692,2.0,matches your interests; fits your budget; matches your preferred crowd level
U034,D004,Kaudulla National Park,wildlife;nature,polonnaruwa,15000,4.0,64,33,66,28.4,0.634,0.366,0.12661328720800952,1.0,1.0,0.9333333333333333,0.6599999999999999,0.366,0.8372333333333333,0.9348933333333334,3.0,matches your interests; fits your budget; matches your preferred crowd level
U034,D089,Kalametiya Bird Sanctuary,wildlife;nature,hambantota,5000,4.0,69,36,53,26.4,0.543,0.457,0.11236446114210424,0.8874618424328857,1.0,1.0,0.72,0.457,0.8765499999999999,0.8830971054597314,4.0,matches your interests; fits your budget; matches your preferred crowd level
U034,D022,Horton Plains National Park,nature;wildlife,nuwara eliya,7000,6.0,65,27,64,26.4,0.371,0.629,0.10930793801300498,0.8633212234149323,1.0,1.0,0.54,0.629,0.87535,0.8681327340489594,5.0,matches your interests; fits your budget
U034,D057,Kalpitiya Lagoon,marine;nature,puttalam,7000,4.0,72,39,61,29.7,0.004,0.996,0.09775796562054573,0.7720987881780672,1.0,1.0,0.78,0.996,0.9663999999999999,0.8498192729068403,6.0,matches your interests; fits your budget; matches your preferred crowd level; has suitable weather
U034,D058,Wilpattu Wildlife Area,wildlife;nature,puttalam,16000,5.0,68,30,53,27.9,0.43,0.57,0.08823490978843346,0.6968850721289206,1.0,0.875,0.6,0.57,0.84425,0.7558310432773523,7.0,matches your interests; fits your budget; matches your preferred crowd level
U034,D090,Lunugamvehera National Park,wildlife;nature,monaragala,12000,5.0,71,32,57,25.8,0.202,0.798,0.06816633389815277,0.5383821508888255,1.0,1.0,0.64,0.798,0.9157,0.6893092905332953,8.0,matches your interests; fits your budget; matches your preferred crowd level; has suitable weather
U034,D078,Rumassala Sanctuary,nature;wildlife,galle,4000,3.0,72,37,58,27.1,0.504,0.496,0.06917666142690053,0.5463617836037389,1.0,1.0,0.74,0.496,0.8854,0.6819770701622434,9.0,matches your interests; fits your budget; matches your preferred crowd level
U034,D039,Kumana National Park,wildlife;nature,ampara,15000,6.0,69,38,65,27.2,0.154,0.846,0.06438543322036468,0.5085203507479243,1.0,0.9333333333333333,0.76,0.846,0.9242333333333334,0.6748055437820879,10.0,matches your interests; fits your budget; matches your preferred crowd level; has suitable weather
U035,D093,Riverston,nature;adventure,matale,6000,5.0,57,34,58,24.8,0.299,0.701,0.15375189786797466,1.0,1.0,1.0,0.4857142857142857,0.701,0.8780071428571428,0.9512028571428571,1.0,matches your interests; fits your budget; has suitable weather
U035,D029,Ella Rock,nature;adventure,badulla,5000,6.0,61,29,59,29.2,0.607,0.393,0.14089019515616308,0.9163476816211023,1.0,1.0,0.4142857142857143,0.393,0.8210928571428571,0.8782457518298042,2.0,matches your interests; fits your budget
U035,D023,World's End,nature;adventure,nuwara eliya,7000,5.0,63,30,58,28.9,0.539,0.461,0.13347037206184453,0.8680892653205121,1.0,1.0,0.42857142857142855,0.461,0.8334357142857143,0.854227844906593,3.0,matches your interests; fits your budget
U035,D030,Little Adam's Peak,nature;adventure,badulla,3000,3.0,63,39,64,27.0,0.252,0.748,0.1264882971950309,0.8226779568187526,1.0,1.0,0.5571428571428572,0.748,0.8957714285714286,0.851915345519823,4.0,matches your interests; fits your budget; has suitable weather
U035,D019,Hanthana Mountain Range,nature;adventure,kandy,5000,5.0,62,32,68,27.3,0.216,0.784,0.11939013223946542,0.7765116001493824,1.0,1.0,0.45714285714285713,0.784,0.8861714285714285,0.8203755315182009,5.0,matches your interests; fits your budget; has suitable weather
U035,D018,Knuckles Mountain Range,nature;adventure,matale,10000,7.0,63,40,62,29.3,0.476,0.524,0.11817363369073475,0.7685995121322623,1.0,1.0,0.5714285714285714,0.524,0.8643142857142857,0.8068854215650716,6.0,matches your interests; fits your budget
U035,D091,Madulsima Mini World's End,nature;adventure,badulla,5000,4.0,65,30,58,25.3,0.596,0.404,0.11641873237719143,0.7571856607400003,1.0,1.0,0.42857142857142855,0.404,0.8248857142857142,0.7842656821582858,7.0,matches your interests; fits your budget
U035,D098,Ohiya,nature;adventure,badulla,5000,4.0,63,38,66,27.9,0.175,0.825,0.09296850433800534,0.6046657350391638,1.0,1.0,0.5428571428571428,0.825,0.9051785714285714,0.7248708695949269,8.0,matches your interests; fits your budget; has suitable weather
U035,D035,Diyaluma Falls,nature;adventure,badulla,5000,5.0,67,26,62,25.3,0.167,0.833,0.08218781840595596,0.5345483180736402,1.0,1.0,0.37142857142857144,0.833,0.8806642857142857,0.6729947051298983,9.0,matches your interests; fits your budget; has suitable weather
U035,D080,Weligama Bay,beach;adventure,matara,6000,4.0,53,25,47,29.9,0.049,0.951,0.09825108714912695,0.6390235731170892,0.5,1.0,0.35714285714285715,0.951,0.6712214285714286,0.651902715298825,10.0,matches your interests; fits your budget; has suitable weather
U036,D074,Galle Fort,heritage;coastal,galle,5000,4.0,55,34,49,29.6,0.379,0.621,0.12845297109349318,1.0,0.5,1.0,0.5142857142857142,0.621,0.6452928571428571,0.8581171428571428,1.0,matches your interests; fits your budget
U036,D049,Galle Face Green,city;coastal,colombo,2000,2.0,55,27,55,30.9,0.548,0.452,0.12266487520135484,0.9549399609610778,0.5,1.0,0.6142857142857143,0.452,0.6349428571428571,0.8269411194337895,2.0,matches your interests; fits your budget; matches your preferred crowd level
U036,D055,Negombo Beach,beach,gampaha,5000,3.0,57,32,52,25.6,0.253,0.747,0.09164152804009207,0.7134247441687567,0.5,1.0,0.5428571428571428,0.747,0.6684785714285714,0.6954462750726825,3.0,matches your interests; fits your budget; has suitable weather
U036,D053,Dutch Hospital Colombo,heritage;city,colombo,5000,2.5,60,30,63,24.3,0.327,0.673,0.07172104757347408,0.5583447931404611,1.0,1.0,0.5714285714285714,0.673,0.8866642857142857,0.6896725901699909,4.0,matches your interests; fits your budget
U036,D071,Bentota Beach,beach;adventure,galle,7000,4.0,58,33,49,25.4,0.36,0.64,0.07772858942715137,0.6051132080905891,0.0,1.0,0.5285714285714286,0.64,0.42528571428571427,0.5331822105686392,5.0,fits your budget
U036,D079,Mirissa Beach,beach,matara,6000,4.0,56,36,63,24.2,0.301,0.699,0.058169361640242126,0.45284559123123863,0.5,1.0,0.4857142857142857,0.699,0.6527071428571428,0.5327902118816004,6.0,matches your interests; fits your budget
U036,D025,Ambewela Farm,nature;family,nuwara eliya,4000,3.0,58,27,61,28.7,0.015,0.985,0.06789757819134506,0.5285792739034935,0.0,1.0,0.6142857142857143,0.985,0.48989285714285713,0.513104707199239,7.0,fits your budget; matches your preferred crowd level; has suitable weather
U036,D068,Ratnapura Gem Museum Area,culture;heritage,ratnapura,4000,2.5,56,23,62,29.8,0.086,0.914,0.04714570967002591,0.36702700816247674,0.5,1.0,0.6714285714285714,0.914,0.7128142857142856,0.5053419191832003,8.0,matches your interests; fits your budget; matches your preferred crowd level; has suitable weather
U036,D054,Mount Lavinia Beach,beach,colombo,5000,3.0,59,37,62,25.7,0.332,0.668,0.05203407575498135,0.4050826953399846,0.5,1.0,0.4714285714285714,0.668,0.6459142857142857,0.501415331489705,9.0,matches your interests; fits your budget
U036,D048,Colombo National Museum,heritage;culture,colombo,3000,2.5,58,26,53,30.8,0.564,0.436,0.050969117226103776,0.3967920460867069,0.5,1.0,0.6285714285714286,0.436,0.6346857142857143,0.4919495133663098,10.0,matches your interests; fits your budget; matches your preferred crowd level
U037,D036,Dunhinda Falls,nature,badulla,3000,3.0,57,40,52,24.9,0.476,0.524,0.12706064124503075,1.0,1.0,1.0,0.8,0.524,0.8986,0.95944,1.0,matches your interests; fits your budget; matches your preferred crowd level
U037,D098,Ohiya,nature;adventure,badulla,5000,4.0,63,38,66,27.9,0.175,0.825,0.12152970015390488,0.9564700678594901,1.0,1.0,0.76,0.825,0.93775,0.948982040715694,2.0,matches your interests; fits your budget; matches your preferred crowd level; has suitable weather
U037,D067,Bambarakanda Falls,nature,badulla,3000,3.0,62,28,53,25.0,0.643,0.357,0.12706064124503075,1.0,1.0,1.0,0.56,0.357,0.8375499999999999,0.93502,3.0,matches your interests; fits your budget
U037,D099,Baker's Falls,nature,nuwara eliya,3000,3.0,64,34,58,30.5,0.544,0.456,0.1163154839625441,0.9154328423247519,1.0,1.0,0.6799999999999999,0.456,0.8704,0.8974197053948512,4.0,matches your interests; fits your budget; matches your preferred crowd level
U037,D035,Diyaluma Falls,nature;adventure,badulla,5000,5.0,67,26,62,25.3,0.167,0.833,0.10743704008472718,0.8455572003413683,1.0,1.0,0.52,0.833,0.9029499999999999,0.8685143202048209,5.0,matches your interests; fits your budget; has suitable weather
U037,D078,Rumassala Sanctuary,nature;wildlife,galle,4000,3.0,72,37,58,27.1,0.504,0.496,0.10416073129661461,0.8197718056195334,1.0,1.0,0.74,0.496,0.8854,0.84602308337172,6.0,matches your interests; fits your budget; matches your preferred crowd level
U037,D017,Udawattakele Forest Reserve,nature,kandy,3000,3.0,72,24,67,26.1,0.296,0.704,0.10166658658525748,0.8001422438062313,1.0,1.0,0.48,0.704,0.8775999999999999,0.8311253462837388,7.0,matches your interests; fits your budget; has suitable weather
U037,D026,Lover's Leap Waterfall,nature,nuwara eliya,3000,2.5,60,26,63,27.1,0.543,0.457,0.09963637433931383,0.7841639500871835,1.0,1.0,0.52,0.457,0.8465499999999999,0.8091183700523101,8.0,matches your interests; fits your budget
U037,D007,Ritigala Monastery,heritage;nature,anuradhapura,5000,3.0,60,29,53,25.4,0.564,0.436,0.09701203379768847,0.763509713528087,1.0,1.0,0.5800000000000001,0.436,0.8523999999999999,0.7990658281168521,9.0,matches your interests; fits your budget
U037,D073,Kanneliya Forest Reserve,nature;wildlife,galle,7000,5.0,62,38,63,24.6,0.353,0.647,0.09620634973707322,0.7571687722836499,1.0,0.7142857142857143,0.76,0.647,0.8396214285714285,0.7901498347987613,10.0,matches your interests; matches your preferred crowd level
U038,D080,Weligama Bay,beach;adventure,matara,6000,4.0,53,25,47,29.9,0.049,0.951,0.1709041586133745,0.9624254665239261,1.0,1.0,0.6428571428571429,0.951,0.9390785714285714,0.9530867084857843,1.0,matches your interests; fits your budget; matches your preferred crowd level; has suitable weather
U038,D040,Arugam Bay,beach;adventure,ampara,8000,5.0,51,30,57,25.0,0.255,0.745,0.16713521375399815,0.941201123336385,1.0,1.0,0.5714285714285714,0.745,0.8974642857142857,0.9237063882875451,2.0,matches your interests; fits your budget; has suitable weather
U038,D071,Bentota Beach,beach;adventure,galle,7000,4.0,58,33,49,25.4,0.36,0.64,0.17757651325524829,1.0,0.5,1.0,0.5285714285714286,0.64,0.6502857142857142,0.8601142857142856,3.0,matches your interests; fits your budget
U038,D088,Tangalle Beach,beach,hambantota,5000,4.0,55,37,61,28.8,0.061,0.939,0.10936591123851967,0.6158804969963412,0.5,1.0,0.4714285714285714,0.939,0.6865642857142857,0.644154012483519,4.0,matches your interests; fits your budget; has suitable weather
U038,D047,Marble Beach,beach,trincomalee,5000,3.0,52,33,61,28.9,0.259,0.741,0.109069125526583,0.6142091852530472,0.5,1.0,0.5285714285714286,0.741,0.6654357142857142,0.6346997968661141,5.0,matches your interests; fits your budget; has suitable weather
U038,D012,Casuarina Beach,beach,jaffna,4000,3.0,58,43,50,29.1,0.134,0.866,0.108099964481705,0.6087514756319279,0.5,1.0,0.38571428571428573,0.866,0.6627571428571428,0.6303537425220138,6.0,matches your interests; fits your budget; has suitable weather
U038,D079,Mirissa Beach,beach,matara,6000,4.0,56,36,63,24.2,0.301,0.699,0.1020983918557227,0.5749543674673158,0.5,1.0,0.4857142857142857,0.699,0.6527071428571428,0.6060554776232465,7.0,matches your interests; fits your budget
U038,D055,Negombo Beach,beach,gampaha,5000,3.0,57,32,52,25.6,0.253,0.747,0.09989732858749419,0.5625593540284344,0.5,1.0,0.5428571428571428,0.747,0.6684785714285714,0.6049270409884892,8.0,matches your interests; fits your budget; has suitable weather
U038,D041,Pasikuda Beach,beach,batticaloa,7000,4.0,58,35,51,27.2,0.249,0.751,0.09996316909866886,0.5629301266602859,0.5,1.0,0.5,0.751,0.66265,0.6028180759961715,9.0,matches your interests; fits your budget; has suitable weather
U038,D043,Nilaveli Beach,beach,trincomalee,7000,4.0,57,31,48,25.4,0.608,0.392,0.10291616065998385,0.5795595305560047,0.5,1.0,0.5571428571428572,0.392,0.6173714285714285,0.5946842897621742,10.0,matches your interests; fits your budget
U039,D048,Colombo National Museum,heritage;culture,colombo,3000,2.5,58,26,53,30.8,0.564,0.436,0.20429230884420885,1.0,1.0,1.0,0.52,0.436,0.8433999999999999,0.93736,1.0,matches your interests; fits your budget
U039,D050,Gangaramaya Temple,heritage;religious,colombo,3000,2.0,62,33,58,26.3,0.211,0.789,0.14540782441899647,0.7117635766204147,1.0,1.0,0.6599999999999999,0.789,0.9173499999999999,0.7939981459722487,2.0,matches your interests; fits your budget; matches your preferred crowd level; has suitable weather
U039,D046,Koneswaram Temple,heritage;religious,trincomalee,3000,2.0,62,40,53,28.5,0.229,0.771,0.14282457688699499,0.6991187171706571,1.0,1.0,0.8,0.771,0.93565,0.7937312303023942,3.0,matches your interests; fits your budget; matches your preferred crowd level; has suitable weather
U039,D033,Demodara Railway Loop,heritage;nature,badulla,3000,2.0,55,37,54,26.2,0.512,0.488,0.12173566256672297,0.5958896017938555,1.0,1.0,0.74,0.488,0.8842,0.7112137610763133,4.0,matches your interests; fits your budget; matches your preferred crowd level
U039,D010,Jaffna Fort,heritage,jaffna,3000,2.0,54,30,63,27.2,0.058,0.942,0.08913873416256249,0.43632936877001444,1.0,1.0,0.6,0.942,0.9312999999999999,0.6343176212620086,5.0,matches your interests; fits your budget; matches your preferred crowd level; has suitable weather
U039,D045,Fort Frederick,heritage,trincomalee,3000,2.0,57,42,51,29.9,0.48,0.52,0.09078717716727129,0.44439840971450684,1.0,1.0,0.84,0.52,0.9039999999999999,0.628239045828704,6.0,matches your interests; fits your budget; matches your preferred crowd level
U039,D002,Dambulla Cave Temple,heritage,matale,5000,2.0,55,41,47,28.9,0.246,0.754,0.08401099500630685,0.4112293579802495,1.0,1.0,0.8200000000000001,0.754,0.9360999999999999,0.6211776147881497,7.0,matches your interests; fits your budget; matches your preferred crowd level; has suitable weather
U039,D068,Ratnapura Gem Museum Area,culture;heritage,ratnapura,4000,2.5,56,23,62,29.8,0.086,0.914,0.11860926942465919,0.5805860734341661,0.5,1.0,0.45999999999999996,0.914,0.6810999999999999,0.6207916440604997,8.0,matches your interests; fits your budget; has suitable weather
U039,D074,Galle Fort,heritage;coastal,galle,5000,4.0,55,34,49,29.6,0.379,0.621,0.08280788199771308,0.40534018371127956,1.0,1.0,0.6799999999999999,0.621,0.8951499999999999,0.6012641102267677,9.0,matches your interests; fits your budget; matches your preferred crowd level
U039,D069,Kalutara Bodhiya,religious;heritage,kalutara,3000,2.0,55,43,63,26.5,0.156,0.844,0.07221967439558509,0.35351146993330546,1.0,1.0,0.86,0.844,0.9556,0.5943468819599833,10.0,matches your interests; fits your budget; matches your preferred crowd level; has suitable weather
U040,D064,Udawalawe National Park,wildlife;nature,ratnapura,15000,5.0,64,25,66,29.9,0.244,0.756,0.19465325315507426,1.0,1.0,0.9333333333333333,0.35714285714285715,0.756,0.8503047619047619,0.9401219047619047,1.0,matches your interests; fits your budget; has suitable weather
U040,D058,Wilpattu Wildlife Area,wildlife;nature,puttalam,16000,5.0,68,30,53,27.9,0.43,0.57,0.17284832945475873,0.8879806869554643,1.0,0.875,0.42857142857142855,0.57,0.8185357142857143,0.8602026978875643,2.0,matches your interests; fits your budget
U040,D090,Lunugamvehera National Park,wildlife;nature,monaragala,12000,5.0,71,32,57,25.8,0.202,0.798,0.16216073321650443,0.833074868198149,1.0,1.0,0.45714285714285713,0.798,0.8882714285714285,0.8551534923474609,3.0,matches your interests; fits your budget; has suitable weather
U040,D009,Wilpattu National Park,wildlife;nature,puttalam,16000,5.0,63,28,68,27.6,0.173,0.827,0.15978217437132491,0.820855402010833,1.0,0.875,0.4,0.827,0.8528,0.8336332412064997,4.0,matches your interests; fits your budget; has suitable weather
U040,D096,Wasgamuwa National Park,wildlife;nature,matale,14000,5.0,65,30,57,26.5,0.396,0.604,0.1590727139491636,0.8172106623999511,1.0,1.0,0.42857142857142855,0.604,0.8548857142857142,0.8322806831542564,5.0,matches your interests; fits your budget
U040,D085,Yala National Park,wildlife;nature,hambantota,16000,6.0,66,34,63,26.6,0.632,0.368,0.16213166065411616,0.8329255125520603,1.0,0.875,0.4857142857142857,0.368,0.7968071428571428,0.8184781646740933,6.0,matches your interests; fits your budget
U040,D086,Bundala National Park,wildlife;nature,hambantota,12000,5.0,66,29,57,27.8,0.235,0.765,0.14979989413042416,0.769573031543856,1.0,1.0,0.4142857142857143,0.765,0.8768928571428571,0.8125009617834564,7.0,matches your interests; fits your budget; has suitable weather
U040,D038,Gal Oya National Park,wildlife;nature,ampara,15000,6.0,65,36,65,26.3,0.374,0.626,0.14228483507599404,0.7309656158823099,1.0,0.9333333333333333,0.5142857142857142,0.626,0.8543761904761905,0.7803298457198622,8.0,matches your interests; fits your budget
U040,D078,Rumassala Sanctuary,nature;wildlife,galle,4000,3.0,72,37,58,27.1,0.504,0.496,0.12360414822218102,0.6349965706646032,1.0,1.0,0.5285714285714286,0.496,0.8536857142857143,0.7224722281130477,9.0,matches your interests; fits your budget
U040,D039,Kumana National Park,wildlife;nature,ampara,15000,6.0,69,38,65,27.2,0.154,0.846,0.11504323086665424,0.5910162250152728,1.0,0.9333333333333333,0.5428571428571428,0.846,0.8916619047619048,0.7112744969139256,10.0,matches your interests; fits your budget; has suitable weather
U041,D051,Viharamahadevi Park,nature;city,colombo,2000,2.0,58,29,56,28.4,0.197,0.803,0.09443082711082199,0.9704804094697665,1.0,1.0,0.5857142857142857,0.803,0.9083071428571428,0.9456111028247169,1.0,matches your interests; fits your budget; has suitable weather
U041,D032,Ravana Falls,nature,badulla,3000,2.0,65,33,59,30.1,0.104,0.896,0.08712964606758515,0.8954450276432596,1.0,1.0,0.5285714285714286,0.896,0.9136857142857142,0.9027413023002415,2.0,matches your interests; fits your budget; has suitable weather
U041,D093,Riverston,nature;adventure,matale,6000,5.0,57,34,58,24.8,0.299,0.701,0.08027312366448278,0.8249794723485646,1.0,1.0,0.5142857142857142,0.701,0.8822928571428571,0.8479048262662816,3.0,matches your interests; fits your budget; has suitable weather
U041,D070,Brief Garden,nature,kalutara,4000,2.5,59,37,67,26.8,0.056,0.944,0.07694736638503763,0.7908001435731726,1.0,1.0,0.4714285714285714,0.944,0.9123142857142856,0.8394058004296179,4.0,matches your interests; fits your budget; has suitable weather
U041,D034,Lipton's Seat,nature,badulla,4000,4.0,67,37,64,30.8,0.48,0.52,0.0803864305891952,0.8261439453713585,1.0,1.0,0.4714285714285714,0.52,0.8487142857142856,0.8351720815085293,5.0,matches your interests; fits your budget
U041,D097,Haputale,nature;city,badulla,4000,3.0,61,28,52,25.1,0.164,0.836,0.07601560503648168,0.7812242861679053,1.0,1.0,0.6,0.836,0.9153999999999999,0.8348945717007432,6.0,matches your interests; fits your budget; matches your preferred crowd level; has suitable weather
U041,D027,Ramboda Falls,nature,nuwara eliya,3000,2.0,65,30,58,26.9,0.607,0.393,0.07960392487724377,0.8181020115349025,1.0,1.0,0.5714285714285714,0.393,0.8446642857142856,0.8287269212066557,7.0,matches your interests; fits your budget
U041,D066,Bopath Ella,nature,ratnapura,3000,3.0,57,34,56,28.7,0.611,0.389,0.080031795476752,0.8224993047421674,1.0,1.0,0.5142857142857142,0.389,0.8354928571428571,0.8276967257024432,8.0,matches your interests; fits your budget
U041,D024,Hakgala Botanical Garden,nature,nuwara eliya,3500,3.0,62,31,57,25.1,0.054,0.946,0.06908053969052744,0.7099515327402278,1.0,1.0,0.5571428571428572,0.946,0.9254714285714286,0.7961594910727081,9.0,matches your interests; fits your budget; has suitable weather
U041,D021,Gregory Lake,nature,nuwara eliya,3000,2.5,61,39,53,24.2,0.417,0.583,0.07341059771785886,0.75445221769622,1.0,1.0,0.44285714285714284,0.583,0.8538785714285714,0.7942227591891605,10.0,matches your interests; fits your budget
U042,D088,Tangalle Beach,beach,hambantota,5000,4.0,55,37,61,28.8,0.061,0.939,0.20003613017738486,1.0,1.0,1.0,0.74,0.939,0.9518499999999999,0.98074,1.0,matches your interests; fits your budget; matches your preferred crowd level; has suitable weather
U042,D012,Casuarina Beach,beach,jaffna,4000,3.0,58,43,50,29.1,0.134,0.866,0.1977206455133242,0.9884246677737297,1.0,1.0,0.86,0.866,0.9589,0.9766148006642378,2.0,matches your interests; fits your budget; matches your preferred crowd level; has suitable weather
U042,D047,Marble Beach,beach,trincomalee,5000,3.0,52,33,61,28.9,0.259,0.741,0.19949329315773737,0.9972863051331471,1.0,1.0,0.6599999999999999,0.741,0.9101499999999999,0.9624317830798883,3.0,matches your interests; fits your budget; matches your preferred crowd level; has suitable weather
U042,D079,Mirissa Beach,beach,matara,6000,4.0,56,36,63,24.2,0.301,0.699,0.18674344659014466,0.9335485865705724,1.0,1.0,0.72,0.699,0.9128499999999999,0.9252691519423434,4.0,matches your interests; fits your budget; matches your preferred crowd level
U042,D041,Pasikuda Beach,beach,batticaloa,7000,4.0,58,35,51,27.2,0.249,0.751,0.18283800939723166,0.9140249275723215,1.0,1.0,0.7,0.751,0.91765,0.9154749565433928,5.0,matches your interests; fits your budget; matches your preferred crowd level; has suitable weather
U042,D055,Negombo Beach,beach,gampaha,5000,3.0,57,32,52,25.6,0.253,0.747,0.18271758356330287,0.9134229071581992,1.0,1.0,0.64,0.747,0.9080499999999999,0.9112737442949195,6.0,matches your interests; fits your budget; matches your preferred crowd level; has suitable weather
U042,D043,Nilaveli Beach,beach,trincomalee,7000,4.0,57,31,48,25.4,0.608,0.392,0.1882391896889922,0.9410259512722449,1.0,1.0,0.62,0.392,0.8517999999999999,0.9053355707633468,7.0,matches your interests; fits your budget; matches your preferred crowd level
U042,D054,Mount Lavinia Beach,beach,colombo,5000,3.0,59,37,62,25.7,0.332,0.668,0.16704709098776785,0.835084596165885,1.0,1.0,0.74,0.668,0.9111999999999999,0.865530757699531,8.0,matches your interests; fits your budget; matches your preferred crowd level
U042,D075,Unawatuna Beach,beach,galle,6000,4.0,58,44,54,29.4,0.624,0.376,0.1302554002735927,0.6511593688504516,1.0,1.0,0.88,0.376,0.8884,0.7460556213102709,9.0,matches your interests; fits your budget; matches your preferred crowd level
U042,D081,Polhena Beach,beach;marine,matara,5000,3.0,57,45,55,24.6,0.007,0.993,0.11717177519529219,0.5857530591668039,1.0,1.0,0.9,0.993,0.98395,0.7450318355000823,10.0,matches your interests; fits your budget; matches your preferred crowd level; has suitable weather
U043,D037,Buduruwagala,heritage,monaragala,3000,2.5,62,31,48,27.3,0.274,0.726,0.16376219103642325,1.0,1.0,1.0,0.5571428571428572,0.726,0.8924714285714286,0.9569885714285714,1.0,matches your interests; fits your budget; has suitable weather
U043,D010,Jaffna Fort,heritage,jaffna,3000,2.0,54,30,63,27.2,0.058,0.942,0.14382696702796505,0.8782672368860508,1.0,1.0,0.5714285714285714,0.942,0.9270142857142857,0.8977660564173447,2.0,matches your interests; fits your budget; has suitable weather
U043,D045,Fort Frederick,heritage,trincomalee,3000,2.0,57,42,51,29.9,0.48,0.52,0.14648675976468203,0.8945090367782214,1.0,1.0,0.4,0.52,0.838,0.8719054220669329,3.0,matches your interests; fits your budget
U043,D008,Mihintale,heritage;religious,anuradhapura,3000,3.0,61,37,57,27.4,0.192,0.808,0.13845368607078556,0.8454557501614723,1.0,1.0,0.4714285714285714,0.808,0.8919142857142857,0.8640391643825978,4.0,matches your interests; fits your budget; has suitable weather
U043,D002,Dambulla Cave Temple,heritage,matale,5000,2.0,55,41,47,28.9,0.246,0.754,0.13555326673949342,0.8277445842755259,1.0,1.0,0.4142857142857143,0.754,0.8752428571428571,0.8467438934224584,5.0,matches your interests; fits your budget; has suitable weather
U043,D074,Galle Fort,heritage;coastal,galle,5000,4.0,55,34,49,29.6,0.379,0.621,0.1336120220421842,0.8158905373491663,1.0,1.0,0.5142857142857142,0.621,0.8702928571428571,0.8376514652666426,6.0,matches your interests; fits your budget
U043,D007,Ritigala Monastery,heritage;nature,anuradhapura,5000,3.0,60,29,53,25.4,0.564,0.436,0.13405585776806514,0.8186007827548487,1.0,1.0,0.5857142857142857,0.436,0.8532571428571428,0.8324633267957664,7.0,matches your interests; fits your budget
U043,D042,Batticaloa Fort,heritage,batticaloa,3000,2.0,57,39,49,27.5,0.582,0.418,0.1322378254710358,0.8074991219531501,1.0,1.0,0.44285714285714284,0.418,0.8291285714285713,0.8161509017433186,8.0,matches your interests; fits your budget
U043,D095,Aluvihare Rock Temple,heritage;religious,matale,3000,2.0,53,32,50,28.5,0.205,0.795,0.12003049709418209,0.7329561013719305,1.0,1.0,0.5428571428571428,0.795,0.9006785714285713,0.8000450893945869,9.0,matches your interests; fits your budget; has suitable weather
U043,D005,Polonnaruwa Ancient City,heritage,polonnaruwa,5000,4.0,58,32,62,27.1,0.533,0.467,0.1240956138330234,0.75777939369059,1.0,1.0,0.5428571428571428,0.467,0.8514785714285713,0.7952590647857825,10.0,matches your interests; fits your budget
U044,D073,Kanneliya Forest Reserve,nature;wildlife,galle,7000,5.0,62,38,63,24.6,0.353,0.647,0.12231581586669979,0.9547905917597822,1.0,1.0,0.76,0.647,0.9110499999999999,0.9372943550558692,1.0,matches your interests; fits your budget; matches your preferred crowd level
U044,D059,Pinnawala Elephant Orphanage,wildlife;family,kegalle,8000,4.0,62,37,50,27.6,0.216,0.784,0.11315200507419677,0.8832583841924151,1.0,1.0,0.74,0.784,0.9286,0.901395030515449,2.0,matches your interests; fits your budget; matches your preferred crowd level; has suitable weather
U044,D003,Minneriya National Park,wildlife;nature,polonnaruwa,15000,4.0,70,35,59,24.1,0.618,0.382,0.12810747919212162,1.0,1.0,0.5333333333333333,0.7,0.382,0.7456333333333334,0.8982533333333333,3.0,matches your interests; matches your preferred crowd level
U044,D004,Kaudulla National Park,wildlife;nature,polonnaruwa,15000,4.0,64,33,66,28.4,0.634,0.366,0.12810747919212162,1.0,1.0,0.5333333333333333,0.6599999999999999,0.366,0.7372333333333333,0.8948933333333333,4.0,matches your interests; matches your preferred crowd level
U044,D089,Kalametiya Bird Sanctuary,wildlife;nature,hambantota,5000,4.0,69,36,53,26.4,0.543,0.457,0.11369049951327286,0.887461842432886,1.0,1.0,0.72,0.457,0.8765499999999999,0.8830971054597316,5.0,matches your interests; fits your budget; matches your preferred crowd level
U044,D022,Horton Plains National Park,nature;wildlife,nuwara eliya,7000,6.0,65,27,64,26.4,0.371,0.629,0.11059790566474544,0.8633212234149324,1.0,1.0,0.54,0.629,0.87535,0.8681327340489594,6.0,matches your interests; fits your budget
U044,D057,Kalpitiya Lagoon,marine;nature,puttalam,7000,4.0,72,39,61,29.7,0.004,0.996,0.09891162944078409,0.7720987881780674,1.0,1.0,0.78,0.996,0.9663999999999999,0.8498192729068405,7.0,matches your interests; fits your budget; matches your preferred crowd level; has suitable weather
U044,D064,Udawalawe National Park,wildlife;nature,ratnapura,15000,5.0,64,25,66,29.9,0.244,0.756,0.10468444869890692,0.8171611006560562,1.0,0.5333333333333333,0.5,0.756,0.7717333333333334,0.7989899937269671,8.0,matches your interests; has suitable weather
U044,D065,Udawalawe Elephant Transit Home,wildlife,ratnapura,5000,2.0,65,31,57,26.5,0.236,0.764,0.09045045587926043,0.7060513285380684,1.0,1.0,0.62,0.764,0.9076,0.786670797122841,9.0,matches your interests; fits your budget; matches your preferred crowd level; has suitable weather
U044,D058,Wilpattu Wildlife Area,wildlife;nature,puttalam,16000,5.0,68,30,53,27.9,0.43,0.57,0.08927618987705589,0.6968850721289208,1.0,0.5,0.6,0.57,0.7505,0.7183310432773524,10.0,matches your interests; matches your preferred crowd level
U045,D093,Riverston,nature;adventure,matale,6000,5.0,57,34,58,24.8,0.299,0.701,0.1563094240362292,1.0,1.0,1.0,0.4857142857142857,0.701,0.8780071428571428,0.9512028571428571,1.0,matches your interests; fits your budget; has suitable weather
U045,D029,Ella Rock,nature;adventure,badulla,5000,6.0,61,29,59,29.2,0.607,0.393,0.1432337783311284,0.9163476816211023,1.0,1.0,0.4142857142857143,0.393,0.8210928571428571,0.8782457518298042,2.0,matches your interests; fits your budget
U045,D023,World's End,nature;adventure,nuwara eliya,7000,5.0,63,30,58,28.9,0.539,0.461,0.1356905330742826,0.8680892653205122,1.0,1.0,0.42857142857142855,0.461,0.8334357142857143,0.8542278449065931,3.0,matches your interests; fits your budget
U045,D030,Little Adam's Peak,nature;adventure,badulla,3000,3.0,63,39,64,27.0,0.252,0.748,0.12859231759764103,0.8226779568187526,1.0,1.0,0.5571428571428572,0.748,0.8957714285714286,0.851915345519823,4.0,matches your interests; fits your budget; has suitable weather
U045,D019,Hanthana Mountain Range,nature;adventure,kandy,5000,5.0,62,32,68,27.3,0.216,0.784,0.12137608097680067,0.7765116001493825,1.0,1.0,0.45714285714285713,0.784,0.8861714285714285,0.8203755315182009,5.0,matches your interests; fits your budget; has suitable weather
U045,D018,Knuckles Mountain Range,nature;adventure,matale,10000,7.0,63,40,62,29.3,0.476,0.524,0.12013934705592066,0.7685995121322623,1.0,1.0,0.5714285714285714,0.524,0.8643142857142857,0.8068854215650716,6.0,matches your interests; fits your budget
U045,D091,Madulsima Mini World's End,nature;adventure,badulla,5000,4.0,65,30,58,25.3,0.596,0.404,0.11835525451876107,0.7571856607400003,1.0,1.0,0.42857142857142855,0.404,0.8248857142857142,0.7842656821582858,7.0,matches your interests; fits your budget
U045,D098,Ohiya,nature;adventure,badulla,5000,4.0,63,38,66,27.9,0.175,0.825,0.09451495277841487,0.6046657350391639,1.0,1.0,0.5428571428571428,0.825,0.9051785714285714,0.7248708695949269,8.0,matches your interests; fits your budget; has suitable weather
U045,D035,Diyaluma Falls,nature;adventure,badulla,5000,5.0,67,26,62,25.3,0.167,0.833,0.08355493971762573,0.5345483180736401,1.0,1.0,0.37142857142857144,0.833,0.8806642857142857,0.6729947051298983,9.0,matches your interests; fits your budget; has suitable weather
U045,D080,Weligama Bay,beach;adventure,matara,6000,4.0,53,25,47,29.9,0.049,0.951,0.09988540665950542,0.6390235731170893,0.5,1.0,0.35714285714285715,0.951,0.6712214285714286,0.651902715298825,10.0,matches your interests; fits your budget; has suitable weather
U046,D074,Galle Fort,heritage;coastal,galle,5000,4.0,55,34,49,29.6,0.379,0.621,0.12704823451703973,1.0,0.5,1.0,0.5142857142857142,0.621,0.6452928571428571,0.8581171428571428,1.0,matches your interests; fits your budget
U046,D053,Dutch Hospital Colombo,heritage;city,colombo,5000,2.5,60,30,63,24.3,0.327,0.673,0.07093672022027733,0.558344793140461,1.0,1.0,0.5714285714285714,0.673,0.8866642857142857,0.6896725901699909,2.0,matches your interests; fits your budget
U046,D049,Galle Face Green,city;coastal,colombo,2000,2.0,55,27,55,30.9,0.548,0.452,0.09156846315209162,0.7207377851426219,0.5,1.0,0.6142857142857143,0.452,0.6349428571428571,0.686419813942716,3.0,matches your interests; fits your budget; matches your preferred crowd level
U046,D055,Negombo Beach,beach,gampaha,5000,3.0,57,32,52,25.6,0.253,0.747,0.05629291671226227,0.443083030049601,0.5,1.0,0.5428571428571428,0.747,0.6684785714285714,0.5332412466011891,4.0,matches your interests; fits your budget; has suitable weather
U046,D079,Mirissa Beach,beach,matara,6000,4.0,56,36,63,24.2,0.301,0.699,0.05753323287475391,0.45284559123123863,0.5,1.0,0.4857142857142857,0.699,0.6527071428571428,0.5327902118816004,5.0,matches your interests; fits your budget
U046,D068,Ratnapura Gem Museum Area,culture;heritage,ratnapura,4000,2.5,56,23,62,29.8,0.086,0.914,0.04663013340711379,0.3670270081624767,0.5,1.0,0.6714285714285714,0.914,0.7128142857142856,0.5053419191832003,6.0,matches your interests; fits your budget; matches your preferred crowd level; has suitable weather
U046,D054,Mount Lavinia Beach,beach,colombo,5000,3.0,59,37,62,25.7,0.332,0.668,0.05146504127634892,0.4050826953399846,0.5,1.0,0.4714285714285714,0.668,0.6459142857142857,0.501415331489705,7.0,matches your interests; fits your budget
U046,D048,Colombo National Museum,heritage;culture,colombo,3000,2.5,58,26,53,30.8,0.564,0.436,0.05041172892571996,0.3967920460867068,0.5,1.0,0.6285714285714286,0.436,0.6346857142857143,0.49194951336630977,8.0,matches your interests; fits your budget; matches your preferred crowd level
U046,D100,Pekoe Trail - Tea Country Section,nature;adventure;culture,nuwara eliya,7000,6.0,59,39,62,27.1,0.034,0.966,0.044871018655512955,0.35318096962217016,0.5,1.0,0.44285714285714284,0.966,0.6863285714285714,0.4864400103447307,9.0,matches your interests; fits your budget; has suitable weather
U046,D020,Nuwara Eliya City,city;nature,nuwara eliya,5000,3.0,67,34,57,26.2,0.466,0.534,0.0446987115796319,0.35182473608979514,0.5,1.0,0.5142857142857142,0.534,0.6322428571428571,0.46399198451102,10.0,matches your interests; fits your budget
U047,D036,Dunhinda Falls,nature,badulla,3000,3.0,57,40,52,24.9,0.476,0.524,0.1268636190381462,1.0,1.0,1.0,0.8,0.524,0.8986,0.95944,1.0,matches your interests; fits your budget; matches your preferred crowd level
U047,D098,Ohiya,nature;adventure,badulla,5000,4.0,63,38,66,27.9,0.175,0.825,0.12134125431031623,0.9564700678594904,1.0,1.0,0.76,0.825,0.93775,0.9489820407156943,2.0,matches your interests; fits your budget; matches your preferred crowd level; has suitable weather
U047,D067,Bambarakanda Falls,nature,badulla,3000,3.0,62,28,53,25.0,0.643,0.357,0.1268636190381462,1.0,1.0,1.0,0.56,0.357,0.8375499999999999,0.93502,3.0,matches your interests; fits your budget
U047,D099,Baker's Falls,nature,nuwara eliya,3000,3.0,64,34,58,30.5,0.544,0.456,0.11613512336369469,0.9154328423247521,1.0,1.0,0.6799999999999999,0.456,0.8704,0.8974197053948513,4.0,matches your interests; fits your budget; matches your preferred crowd level
U047,D035,Diyaluma Falls,nature;adventure,badulla,5000,5.0,67,26,62,25.3,0.167,0.833,0.10727044653906884,0.8455572003413685,1.0,1.0,0.52,0.833,0.9029499999999999,0.8685143202048211,5.0,matches your interests; fits your budget; has suitable weather
U047,D078,Rumassala Sanctuary,nature;wildlife,galle,4000,3.0,72,37,58,27.1,0.504,0.496,0.10399921804632975,0.8197718056195337,1.0,1.0,0.74,0.496,0.8854,0.8460230833717202,6.0,matches your interests; fits your budget; matches your preferred crowd level
U047,D017,Udawattakele Forest Reserve,nature,kandy,3000,3.0,72,24,67,26.1,0.296,0.704,0.10150894079456124,0.8001422438062314,1.0,1.0,0.48,0.704,0.8775999999999999,0.8311253462837389,7.0,matches your interests; fits your budget; has suitable weather
U047,D073,Kanneliya Forest Reserve,nature;wildlife,galle,7000,5.0,62,38,63,24.6,0.353,0.647,0.09605717067457385,0.7571687722836501,1.0,1.0,0.76,0.647,0.9110499999999999,0.81872126337019,8.0,matches your interests; fits your budget; matches your preferred crowd level
U047,D026,Lover's Leap Waterfall,nature,nuwara eliya,3000,2.5,60,26,63,27.1,0.543,0.457,0.09948187662730837,0.7841639500871838,1.0,1.0,0.52,0.457,0.8465499999999999,0.8091183700523101,9.0,matches your interests; fits your budget
U047,D007,Ritigala Monastery,heritage;nature,anuradhapura,5000,3.0,60,29,53,25.4,0.564,0.436,0.09686160542895139,0.7635097135280873,1.0,1.0,0.5800000000000001,0.436,0.8523999999999999,0.7990658281168523,10.0,matches your interests; fits your budget
U048,D080,Weligama Bay,beach;adventure,matara,6000,4.0,53,25,47,29.9,0.049,0.951,0.1728862554553532,0.8143978331350502,1.0,1.0,0.6428571428571429,0.951,0.9390785714285714,0.8642701284524588,1.0,matches your interests; fits your budget; matches your preferred crowd level; has suitable weather
U048,D071,Bentota Beach,beach;adventure,galle,7000,4.0,58,33,49,25.4,0.36,0.64,0.21228722427934524,1.0,0.5,1.0,0.5285714285714286,0.64,0.6502857142857142,0.8601142857142856,2.0,matches your interests; fits your budget
U048,D040,Arugam Bay,beach;adventure,ampara,8000,5.0,51,30,57,25.0,0.255,0.745,0.1690735994670963,0.7964379394052237,1.0,1.0,0.5714285714285714,0.745,0.8974642857142857,0.8368484779288485,3.0,matches your interests; fits your budget; has suitable weather
U048,D055,Negombo Beach,beach,gampaha,5000,3.0,57,32,52,25.6,0.253,0.747,0.1366262978409858,0.6435917107343281,0.5,1.0,0.5428571428571428,0.747,0.6684785714285714,0.6535464550120254,4.0,matches your interests; fits your budget; has suitable weather
U048,D041,Pasikuda Beach,beach,batticaloa,7000,4.0,58,35,51,27.2,0.249,0.751,0.13671634574734073,0.6440158903177233,0.5,1.0,0.5,0.751,0.66265,0.651469534190634,5.0,matches your interests; fits your budget; has suitable weather
U048,D043,Nilaveli Beach,beach,trincomalee,7000,4.0,57,31,48,25.4,0.608,0.392,0.14075505539336272,0.6630406321962431,0.5,1.0,0.5571428571428572,0.392,0.6173714285714285,0.6447729507463172,6.0,matches your interests; fits your budget
U048,D088,Tangalle Beach,beach,hambantota,5000,4.0,55,37,61,28.8,0.061,0.939,0.11063430534340733,0.5211538552024473,0.5,1.0,0.4714285714285714,0.939,0.6865642857142857,0.5873180274071826,7.0,matches your interests; fits your budget; has suitable weather
U048,D047,Marble Beach,beach,trincomalee,5000,3.0,52,33,61,28.9,0.259,0.741,0.11033407759689909,0.5197396026607437,0.5,1.0,0.5285714285714286,0.741,0.6654357142857142,0.5780180473107319,8.0,matches your interests; fits your budget; has suitable weather
U048,D012,Casuarina Beach,beach,jaffna,4000,3.0,58,43,50,29.1,0.134,0.866,0.10935367650343475,0.5151213261874773,0.5,1.0,0.38571428571428573,0.866,0.6627571428571428,0.5741756528553434,9.0,matches your interests; fits your budget; has suitable weather
U048,D079,Mirissa Beach,beach,matara,6000,4.0,56,36,63,24.2,0.301,0.699,0.10328249937955503,0.4865224449100493,0.5,1.0,0.4857142857142857,0.699,0.6527071428571428,0.5529963240888867,10.0,matches your interests; fits your budget
U049,D048,Colombo National Museum,heritage;culture,colombo,3000,2.5,58,26,53,30.8,0.564,0.436,0.20461001954302835,1.0,1.0,1.0,0.52,0.436,0.8433999999999999,0.93736,1.0,matches your interests; fits your budget
U049,D050,Gangaramaya Temple,heritage;religious,colombo,3000,2.0,62,33,58,26.3,0.211,0.789,0.14563395932231882,0.7117635766204148,1.0,1.0,0.6599999999999999,0.789,0.9173499999999999,0.7939981459722488,2.0,matches your interests; fits your budget; matches your preferred crowd level; has suitable weather
U049,D046,Koneswaram Temple,heritage;religious,trincomalee,3000,2.0,62,40,53,28.5,0.229,0.771,0.14304669438318507,0.6991187171706571,1.0,1.0,0.8,0.771,0.93565,0.7937312303023942,3.0,matches your interests; fits your budget; matches your preferred crowd level; has suitable weather
U049,D033,Demodara Railway Loop,heritage;nature,badulla,3000,2.0,55,37,54,26.2,0.512,0.488,0.12192498306852816,0.5958896017938555,1.0,1.0,0.74,0.488,0.8842,0.7112137610763133,4.0,matches your interests; fits your budget; matches your preferred crowd level
U049,D010,Jaffna Fort,heritage,jaffna,3000,2.0,54,30,63,27.2,0.058,0.942,0.08927736067122988,0.43632936877001444,1.0,1.0,0.6,0.942,0.9312999999999999,0.6343176212620086,5.0,matches your interests; fits your budget; matches your preferred crowd level; has suitable weather
U049,D045,Fort Frederick,heritage,trincomalee,3000,2.0,57,42,51,29.9,0.48,0.52,0.09092836729657597,0.44439840971450684,1.0,1.0,0.84,0.52,0.9039999999999999,0.628239045828704,6.0,matches your interests; fits your budget; matches your preferred crowd level
U049,D002,Dambulla Cave Temple,heritage,matale,5000,2.0,55,41,47,28.9,0.246,0.754,0.08414164697300584,0.41122935798024945,1.0,1.0,0.8200000000000001,0.754,0.9360999999999999,0.6211776147881496,7.0,matches your interests; fits your budget; matches your preferred crowd level; has suitable weather
U049,D068,Ratnapura Gem Museum Area,culture;heritage,ratnapura,4000,2.5,56,23,62,29.8,0.086,0.914,0.11879372783177483,0.5805860734341661,0.5,1.0,0.45999999999999996,0.914,0.6810999999999999,0.6207916440604997,8.0,matches your interests; fits your budget; has suitable weather
U049,D074,Galle Fort,heritage;coastal,galle,5000,4.0,55,34,49,29.6,0.379,0.621,0.08293666291073962,0.4053401837112796,1.0,1.0,0.6799999999999999,0.621,0.8951499999999999,0.6012641102267677,9.0,matches your interests; fits your budget; matches your preferred crowd level
U049,D069,Kalutara Bodhiya,religious;heritage,kalutara,3000,2.0,55,43,63,26.5,0.156,0.844,0.07233198877173831,0.35351146993330546,1.0,1.0,0.86,0.844,0.9556,0.5943468819599833,10.0,matches your interests; fits your budget; matches your preferred crowd level; has suitable weather
U050,D058,Wilpattu Wildlife Area,wildlife;nature,puttalam,16000,5.0,68,30,53,27.9,0.43,0.57,0.17369112335947723,1.0,1.0,0.5,0.42857142857142855,0.57,0.7247857142857143,0.8899142857142857,1.0,matches your interests
U050,D090,Lunugamvehera National Park,wildlife;nature,monaragala,12000,5.0,71,32,57,25.8,0.202,0.798,0.16295141530160565,0.9381677782367478,1.0,0.6666666666666666,0.45714285714285713,0.798,0.8049380952380952,0.8848759050372867,2.0,matches your interests; has suitable weather
U050,D009,Wilpattu National Park,wildlife;nature,puttalam,16000,5.0,63,28,68,27.6,0.173,0.827,0.16056125880371494,0.9244068188298359,1.0,0.5,0.4,0.827,0.75905,0.8582640912979015,3.0,matches your interests; has suitable weather
U050,D064,Udawalawe National Park,wildlife;nature,ratnapura,15000,5.0,64,25,66,29.9,0.244,0.756,0.16016010178691756,0.9220972188397021,1.0,0.5333333333333333,0.35714285714285715,0.756,0.750304761904762,0.853380236065726,4.0,matches your interests; has suitable weather
U050,D096,Wasgamuwa National Park,wildlife;nature,matale,14000,5.0,65,30,57,26.5,0.396,0.604,0.1598483391122548,0.9203022930620759,1.0,0.5714285714285714,0.42857142857142855,0.604,0.7477428571428572,0.8512785186943883,5.0,matches your interests
U050,D085,Yala National Park,wildlife;nature,hambantota,16000,6.0,66,34,63,26.6,0.632,0.368,0.1629222009838504,0.9379995812835001,1.0,0.5,0.4857142857142857,0.368,0.7030571428571428,0.8440226059129572,6.0,matches your interests
U050,D086,Bundala National Park,wildlife;nature,hambantota,12000,5.0,66,29,57,27.8,0.235,0.765,0.15053030580462917,0.8666551456005405,1.0,0.6666666666666666,0.4142857142857143,0.765,0.7935595238095239,0.8374168968841338,7.0,matches your interests; has suitable weather
U050,D038,Gal Oya National Park,wildlife;nature,ampara,15000,6.0,65,36,65,26.3,0.374,0.626,0.14297860395483825,0.823177380567254,1.0,0.5333333333333333,0.5142857142857142,0.626,0.7543761904761905,0.7956569045308286,8.0,matches your interests
U050,D078,Rumassala Sanctuary,nature;wildlife,galle,4000,3.0,72,37,58,27.1,0.504,0.496,0.12420683164439392,0.7151017809202092,1.0,1.0,0.5285714285714286,0.496,0.8536857142857143,0.7705353542664113,9.0,matches your interests; fits your budget
U050,D073,Kanneliya Forest Reserve,nature;wildlife,galle,7000,5.0,62,38,63,24.6,0.353,0.647,0.11472160128068062,0.6604920220548565,1.0,1.0,0.5428571428571428,0.647,0.8784785714285713,0.7476866418043424,10.0,matches your interests; fits your budget
