user_id,destination_id,name,category,district,estimated_cost_lkr,sustainability_score,crowd_score,seasonality_score,weather_temp_c,weather_rain_risk,weather_suitability,sentiment_model,preference_model,budget_model,crowd_model,weather_model,sustainability_model,seasonality_model,hybrid_score,explanation
U001,D097,Haputale,nature;city,badulla,4000,61,28,52,25.1,0.164,0.836,0.874,0.26351691387434684,1.0,0.0,0.7303999999999999,0.7,1,0.559495074162304,"strong budget match, strong seasonality match, strong sentiment match"
U001,D024,Hakgala Botanical Garden,nature,nuwara eliya,3500,62,31,57,25.1,0.054,0.946,0.7280000000000001,0.24681275073530068,1.0,0.0,0.7744,0.7,1,0.5442838252205903,"strong budget match, strong seasonality match, strong weather match"
U001,D021,Gregory Lake,nature,nuwara eliya,3000,61,39,53,24.2,0.417,0.583,0.7746666666666666,0.26306998044156166,1.0,0.0,0.6652,0.7,1,0.5429076607991352,"strong budget match, strong seasonality match, strong sentiment match"
U001,D070,Brief Garden,nature,kalutara,4000,59,37,67,26.8,0.056,0.944,0.6736666666666666,0.265840590622728,1.0,0.0,0.7055999999999999,0.7,1,0.5376788438534851,"strong budget match, strong seasonality match, good weather match"
U001,D016,Royal Botanical Gardens Peradeniya,nature,kandy,3500,67,36,55,24.8,0.25,0.75,0.8213333333333334,0.2129330339038001,1.0,0.0,0.7080000000000001,0.7,1,0.5368132435044735,"strong budget match, strong seasonality match, strong sentiment match"
U001,D027,Ramboda Falls,nature,nuwara eliya,3000,65,30,58,26.9,0.607,0.393,0.8103333333333333,0.28840156739565453,1.0,0.0,0.4812,0.7,1,0.5356738035520296,"strong budget match, strong seasonality match, strong sentiment match"
U001,D032,Ravana Falls,nature,badulla,3000,65,33,59,30.1,0.104,0.896,0.6793333333333335,0.3063047518821777,1.0,0.0,0.5544,0.7,1,0.5352647588979866,"strong budget match, strong seasonality match, good sustainability match"
U001,D083,Hummanaya Blow Hole,nature;coastal,matara,3000,58,34,67,25.9,0.173,0.827,0.8006666666666667,0.21895604000946164,1.0,0.0,0.6948,0.7,1,0.5352334786695052,"strong budget match, strong seasonality match, strong sentiment match"
U001,D028,Pidurutalagala View Area,nature,nuwara eliya,3000,60,37,68,26.8,0.399,0.601,0.8033333333333332,0.25282064014351197,1.0,0.0,0.5683999999999999,0.7,1,0.533019525376387,"strong budget match, strong seasonality match, strong sentiment match"
U001,D030,Little Adam's Peak,nature;adventure,badulla,3000,63,39,64,27.0,0.252,0.748,0.8153333333333332,0.22826114126793973,1.0,0.0,0.6192,0.7,1,0.5319316757137152,"strong budget match, strong seasonality match, strong sentiment match"
U002,D012,Casuarina Beach,beach,jaffna,4000,58,43,50,29.1,0.134,0.866,0.8140000000000001,0.5369910520528607,1.0,0.0,0.9024,0.74,1,0.6567373156158582,"strong budget match, strong seasonality match, strong weather match"
U002,D047,Marble Beach,beach,trincomalee,5000,52,33,61,28.9,0.259,0.741,0.7916666666666666,0.5485152925738623,1.0,0.0,0.8604,0.74,1,0.6537612544388254,"strong budget match, strong seasonality match, strong weather match"
U002,D088,Tangalle Beach,beach,hambantota,5000,55,37,61,28.8,0.061,0.939,0.6786666666666666,0.5401939814197333,1.0,0.0,0.9436,0.74,1,0.6482848610925867,"strong budget match, strong seasonality match, strong weather match"
U002,D041,Pasikuda Beach,beach,batticaloa,7000,58,35,51,27.2,0.249,0.751,0.7383333333333333,0.5013163246179331,1.0,0.0,0.8684,0.74,1,0.6350682307187132,"strong budget match, strong seasonality match, strong weather match"
U002,D055,Negombo Beach,beach,gampaha,5000,57,32,52,25.6,0.253,0.747,0.7306666666666667,0.48093029403815357,1.0,0.0,0.8028,0.74,1,0.6216257548781128,"strong budget match, strong seasonality match, strong weather match"
U002,D054,Mount Lavinia Beach,beach,colombo,5000,59,37,62,25.7,0.332,0.668,0.8253333333333334,0.4570150075148606,1.0,0.0,0.7752,0.74,1,0.6211578355877916,"strong budget match, strong seasonality match, strong sentiment match"
U002,D079,Mirissa Beach,beach,matara,6000,56,36,63,24.2,0.301,0.699,0.7326666666666668,0.5036055752215503,1.0,0.0,0.7276,0.74,1,0.6211083392331318,"strong budget match, strong seasonality match, good sustainability match"
U002,D043,Nilaveli Beach,beach,trincomalee,7000,57,31,48,25.4,0.608,0.392,0.7203333333333334,0.5165170123917039,1.0,0.0,0.6527999999999999,0.74,1,0.6162684370508444,"strong budget match, strong seasonality match, good sustainability match"
U002,D075,Unawatuna Beach,beach,galle,6000,58,44,54,29.4,0.624,0.376,0.8626666666666667,0.3510929385051914,1.0,0.0,0.6944000000000001,0.74,1,0.5850345482182241,"strong budget match, strong seasonality match, strong sentiment match"
U002,D081,Polhena Beach,beach;marine,matara,5000,57,45,55,24.6,0.007,0.993,0.773,0.3246605972379585,1.0,0.0,0.8612000000000001,0.74,1,0.5848181791713877,"strong budget match, strong seasonality match, strong weather match"
U003,D010,Jaffna Fort,heritage,jaffna,3000,54,30,63,27.2,0.058,0.942,0.8450000000000001,0.37739711966979167,1.0,0.0,0.9419999999999998,0.78,1,0.6199191359009376,"strong budget match, strong seasonality match, strong weather match"
U003,D037,Buduruwagala,heritage,monaragala,3000,62,31,48,27.3,0.274,0.726,0.7026666666666667,0.4354874030503327,1.0,0.0,0.726,0.78,1,0.6015128875817666,"strong budget match, strong seasonality match, strong sustainability match"
U003,D002,Dambulla Cave Temple,heritage,matale,5000,55,41,47,28.9,0.246,0.754,0.8336666666666667,0.37051973160659873,1.0,0.0,0.7539999999999999,0.78,1,0.5979225861486464,"strong budget match, strong seasonality match, strong sentiment match"
U003,D095,Aluvihare Rock Temple,heritage;religious,matale,3000,53,32,50,28.5,0.205,0.795,0.851,0.3293250058822505,1.0,0.0,0.7949999999999999,0.78,1,0.5913975017646753,"strong budget match, strong seasonality match, strong sentiment match"
U003,D008,Mihintale,heritage;religious,anuradhapura,3000,61,37,57,27.4,0.192,0.808,0.6243333333333333,0.37759106466012615,1.0,0.0,0.808,0.78,1,0.5845106527313711,"strong budget match, strong seasonality match, strong weather match"
U003,D045,Fort Frederick,heritage,trincomalee,3000,57,42,51,29.9,0.48,0.52,0.7506666666666666,0.39019765826081854,1.0,0.0,0.52,0.78,1,0.5721259641449122,"strong budget match, strong seasonality match, strong sustainability match"
U003,D074,Galle Fort,heritage;coastal,galle,5000,55,34,49,29.6,0.379,0.621,0.7103333333333334,0.36332936126888227,1.0,0.0,0.621,0.78,1,0.570132141713998,"strong budget match, strong seasonality match, strong sustainability match"
U003,D006,Anuradhapura Sacred City,heritage;religious,anuradhapura,5000,61,29,52,27.2,0.355,0.645,0.8436666666666667,0.3023661911838369,1.0,0.0,0.645,0.78,1,0.5675765240218178,"strong budget match, strong seasonality match, strong sentiment match"
U003,D042,Batticaloa Fort,heritage,batticaloa,3000,57,39,49,27.5,0.582,0.418,0.7806666666666665,0.3614197495959447,1.0,0.0,0.41800000000000004,0.78,1,0.5562925915454501,"strong budget match, strong seasonality match, strong sentiment match"
U003,D005,Polonnaruwa Ancient City,heritage,polonnaruwa,5000,58,32,62,27.1,0.533,0.467,0.7933333333333333,0.338528430614803,1.0,0.0,0.46699999999999997,0.78,1,0.5555918625177743,"strong budget match, strong seasonality match, strong sentiment match"
U004,D059,Pinnawala Elephant Orphanage,wildlife;family,kegalle,8000,62,37,50,27.6,0.216,0.784,0.7306666666666667,0.292463763499345,1.0,0.0,0.892,0.8200000000000001,1,0.5820057957164702,"strong budget match, strong seasonality match, strong weather match"
U004,D073,Kanneliya Forest Reserve,nature;wildlife,galle,7000,62,38,63,24.6,0.353,0.647,0.7873333333333333,0.29464738622366937,1.0,0.0,0.8235,0.8200000000000001,1,0.5814775492004342,"strong budget match, strong seasonality match, strong weather match"
U004,D057,Kalpitiya Lagoon,marine;nature,puttalam,7000,72,39,61,29.7,0.004,0.996,0.7326666666666667,0.2409968682531467,1.0,0.0,0.998,0.8200000000000001,1,0.5773657271426107,"strong budget match, strong seasonality match, strong weather match"
U004,D022,Horton Plains National Park,nature;wildlife,nuwara eliya,7000,65,27,64,26.4,0.371,0.629,0.7826666666666666,0.267029745521562,1.0,0.0,0.8145,0.8200000000000001,1,0.5718255903231353,"strong budget match, strong seasonality match, strong sustainability match"
U004,D025,Ambewela Farm,nature;family,nuwara eliya,4000,58,27,61,28.7,0.015,0.985,0.7323333333333334,0.21491091203857454,1.0,0.0,0.9924999999999999,0.8200000000000001,1,0.5689566069449057,"strong budget match, strong seasonality match, strong weather match"
U004,D089,Kalametiya Bird Sanctuary,wildlife;nature,hambantota,5000,69,36,53,26.4,0.543,0.457,0.7306666666666666,0.2790928070820703,1.0,0.0,0.7285,0.8200000000000001,1,0.5616445087912878,"strong budget match, strong seasonality match, strong sustainability match"
U004,D065,Udawalawe Elephant Transit Home,wildlife,ratnapura,5000,65,31,57,26.5,0.236,0.764,0.7403333333333334,0.22438161417077085,1.0,0.0,0.882,0.8200000000000001,1,0.5615478175845646,"strong budget match, strong seasonality match, strong weather match"
U004,D064,Udawalawe National Park,wildlife;nature,ratnapura,15000,64,25,66,29.9,0.244,0.756,0.7563333333333334,0.25821478134358344,0.9333333333333333,0.0,0.878,0.8200000000000001,1,0.559564434403075,"strong seasonality match, strong budget match, strong weather match"
U004,D003,Minneriya National Park,wildlife;nature,polonnaruwa,15000,70,35,59,24.1,0.618,0.382,0.7719999999999999,0.31515004277575015,0.9333333333333333,0.0,0.6910000000000001,0.8200000000000001,1,0.5595116794993917,"strong seasonality match, strong budget match, strong sustainability match"
U004,D004,Kaudulla National Park,wildlife;nature,polonnaruwa,15000,64,33,66,28.4,0.634,0.366,0.6226666666666666,0.31515004277575015,0.9333333333333333,0.0,0.683,0.8200000000000001,1,0.5437783461660585,"strong seasonality match, strong budget match, strong sustainability match"
U005,D029,Ella Rock,nature;adventure,badulla,5000,61,29,59,29.2,0.607,0.393,0.891,0.3363523065828826,1.0,1.0,0.5,0.86,1,0.7260056919748648,"strong budget match, strong crowd match, strong seasonality match"
U005,D098,Ohiya,nature;adventure,badulla,5000,63,38,66,27.9,0.175,0.825,0.6976666666666667,0.38254734610548724,1.0,1.0,0.5,0.86,1,0.7205308704983129,"strong budget match, strong crowd match, strong seasonality match"
U005,D093,Riverston,nature;adventure,matale,6000,57,34,58,24.8,0.299,0.701,0.731,0.3672956817042974,1.0,1.0,0.5,0.86,1,0.7192887045112892,"strong budget match, strong crowd match, strong seasonality match"
U005,D035,Diyaluma Falls,nature;adventure,badulla,5000,67,26,62,25.3,0.167,0.833,0.7606666666666667,0.34074573094331156,1.0,1.0,0.5,0.86,1,0.7142903859496601,"strong budget match, strong crowd match, strong seasonality match"
U005,D023,World's End,nature;adventure,nuwara eliya,7000,63,30,58,28.9,0.539,0.461,0.8140000000000001,0.3181293446732856,1.0,1.0,0.5,0.86,1,0.7128388034019858,"strong budget match, strong crowd match, strong seasonality match"
U005,D030,Little Adam's Peak,nature;adventure,badulla,3000,63,39,64,27.0,0.252,0.748,0.8153333333333332,0.30375029798291425,1.0,1.0,0.5,0.86,1,0.7086584227282077,"strong budget match, strong crowd match, strong seasonality match"
U005,D060,Kitulgala,adventure;nature,kegalle,9000,57,25,58,27.4,0.521,0.479,0.7913333333333332,0.29185333491936927,1.0,1.0,0.5,0.86,1,0.7026893338091442,"strong budget match, strong crowd match, strong seasonality match"
U005,D092,Meemure,nature;village;adventure,kandy,8000,63,21,52,29.4,0.503,0.497,0.7273333333333335,0.3019610654141881,1.0,1.0,0.5,0.86,1,0.6993216529575899,"strong budget match, strong crowd match, strong seasonality match"
U005,D018,Knuckles Mountain Range,nature;adventure,matale,10000,63,40,62,29.3,0.476,0.524,0.7553333333333333,0.28859941508788234,1.0,1.0,0.5,0.86,1,0.6981131578596981,"strong budget match, strong crowd match, strong seasonality match"
U005,D019,Hanthana Mountain Range,nature;adventure,kandy,5000,62,32,68,27.3,0.216,0.784,0.7096666666666667,0.28618886976640834,1.0,1.0,0.5,0.86,1,0.6928233275965892,"strong budget match, strong crowd match, strong seasonality match"
U006,D053,Dutch Hospital Colombo,heritage;city,colombo,5000,60,30,63,24.3,0.327,0.673,0.7623333333333333,0.233985393422798,1.0,0.0,0.6972,0.9,1,0.5561489513601727,"strong budget match, strong seasonality match, strong sustainability match"
U006,D079,Mirissa Beach,beach,matara,6000,56,36,63,24.2,0.301,0.699,0.7326666666666668,0.19069603152829154,1.0,0.0,0.7116,0.9,1,0.5416354761251542,"strong budget match, strong seasonality match, strong sustainability match"
U006,D054,Mount Lavinia Beach,beach,colombo,5000,59,37,62,25.7,0.332,0.668,0.8253333333333334,0.1730539782916742,1.0,0.0,0.6392000000000001,0.9,1,0.5383695268208357,"strong budget match, strong seasonality match, strong sustainability match"
U006,D055,Negombo Beach,beach,gampaha,5000,57,32,52,25.6,0.253,0.747,0.7306666666666667,0.18210977603745512,1.0,0.0,0.6748,0.9,1,0.5351795994779032,"strong budget match, strong seasonality match, strong sustainability match"
U006,D020,Nuwara Eliya City,city;nature,nuwara eliya,5000,67,34,57,26.2,0.466,0.534,0.85,0.1682611216423553,1.0,0.0,0.5656,0.9,1,0.5320383364927066,"strong budget match, strong seasonality match, strong sustainability match"
U006,D100,Pekoe Trail - Tea Country Section,nature;adventure;culture,nuwara eliya,7000,59,39,62,27.1,0.034,0.966,0.7496666666666667,0.1409885735835077,1.0,0.0,0.7024,0.9,1,0.527503238741719,"strong budget match, strong seasonality match, strong sustainability match"
U006,D010,Jaffna Fort,heritage,jaffna,3000,54,30,63,27.2,0.058,0.942,0.8450000000000001,0.09620794376551656,1.0,0.0,0.6888,0.9,1,0.522242383129655,"strong budget match, strong seasonality match, strong sustainability match"
U006,D069,Kalutara Bodhiya,religious;heritage,kalutara,3000,55,43,63,26.5,0.156,0.844,0.8156666666666667,0.08028143251904742,1.0,0.0,0.6776,0.9,1,0.5134110964223809,"strong budget match, strong seasonality match, strong sustainability match"
U006,D068,Ratnapura Gem Museum Area,culture;heritage,ratnapura,4000,56,23,62,29.8,0.086,0.914,0.7083333333333334,0.14279244339038652,1.0,0.0,0.5735999999999999,0.9,1,0.5110310663504493,"strong budget match, strong seasonality match, strong sustainability match"
U006,D046,Koneswaram Temple,heritage;religious,trincomalee,3000,62,40,53,28.5,0.229,0.771,0.856,0.0903652724881859,1.0,0.0,0.5684,0.9,1,0.5095495817464558,"strong budget match, strong seasonality match, strong sustainability match"
U007,D036,Dunhinda Falls,nature,badulla,3000,57,40,52,24.9,0.476,0.524,0.9103333333333333,0.3842861825103332,1.0,0.0,0.6856,0.94,1,0.6188791880864333,"strong budget match, strong seasonality match, strong sustainability match"
U007,D098,Ohiya,nature;adventure,badulla,5000,63,38,66,27.9,0.175,0.825,0.6976666666666667,0.36782714441502135,1.0,0.0,0.926,0.94,1,0.6167148099911731,"strong budget match, strong seasonality match, strong sustainability match"
U007,D017,Udawattakele Forest Reserve,nature,kandy,3000,72,24,67,26.1,0.296,0.704,0.8613333333333334,0.30662945501026007,1.0,0.0,0.8056000000000001,0.94,1,0.6026821698364115,"strong budget match, strong seasonality match, strong sustainability match"
U007,D099,Baker's Falls,nature,nuwara eliya,3000,64,34,58,30.5,0.544,0.456,0.8073333333333332,0.36261962889147814,1.0,0.0,0.6823999999999999,0.94,1,0.6017592220007768,"strong budget match, strong seasonality match, strong sustainability match"
U007,D035,Diyaluma Falls,nature;adventure,badulla,5000,67,26,62,25.3,0.167,0.833,0.7606666666666667,0.3276340313439955,1.0,0.0,0.8251999999999999,0.94,1,0.6008768760698653,"strong budget match, strong seasonality match, strong sustainability match"
U007,D067,Bambarakanda Falls,nature,badulla,3000,62,28,53,25.0,0.643,0.357,0.7786666666666667,0.3842861825103332,1.0,0.0,0.6228,0.94,1,0.5994325214197667,"strong budget match, strong seasonality match, strong sustainability match"
U007,D078,Rumassala Sanctuary,nature;wildlife,galle,4000,72,37,58,27.1,0.504,0.496,0.7896666666666667,0.30657681499041367,1.0,0.0,0.7624,0.94,1,0.5911797111637909,"strong budget match, strong seasonality match, strong sustainability match"
U007,D026,Lover's Leap Waterfall,nature,nuwara eliya,3000,60,26,63,27.1,0.543,0.457,0.7789999999999999,0.3040785556258403,1.0,0.0,0.7468000000000001,0.94,1,0.5878035666877521,"strong budget match, strong seasonality match, strong sustainability match"
U007,D007,Ritigala Monastery,heritage;nature,anuradhapura,5000,60,29,53,25.4,0.564,0.436,0.7343333333333334,0.2913314487996096,1.0,0.0,0.6703999999999999,0.94,1,0.5718727679732162,"strong budget match, strong seasonality match, strong sustainability match"
U007,D097,Haputale,nature;city,badulla,4000,61,28,52,25.1,0.164,0.836,0.874,0.16704158124238513,1.0,0.0,0.8184,0.94,1,0.5633524743727155,"strong budget match, strong seasonality match, strong sustainability match"
U008,D080,Weligama Bay,beach;adventure,matara,6000,53,25,47,29.9,0.049,0.951,0.7383333333333333,0.39636450208193896,1.0,0.0,0.951,0.7,1,0.6078426839579151,"strong budget match, strong seasonality match, strong weather match"
U008,D071,Bentota Beach,beach;adventure,galle,7000,58,33,49,25.4,0.36,0.64,0.661,0.49765663286376655,1.0,0.0,0.6399999999999999,0.7,1,0.59939698985913,"strong budget match, strong seasonality match, good sustainability match"
U008,D040,Arugam Bay,beach;adventure,ampara,8000,51,30,57,25.0,0.255,0.745,0.7043333333333334,0.3901871927240209,1.0,0.0,0.745,0.7,1,0.5819894911505397,"strong budget match, strong seasonality match, good weather match"
U008,D041,Pasikuda Beach,beach,batticaloa,7000,58,35,51,27.2,0.249,0.751,0.7383333333333333,0.31337414347006204,1.0,0.0,0.7509999999999999,0.7,1,0.5629455763743519,"strong budget match, strong seasonality match, strong weather match"
U008,D012,Casuarina Beach,beach,jaffna,4000,58,43,50,29.1,0.134,0.866,0.8140000000000001,0.24016921374416264,1.0,0.0,0.8659999999999999,0.7,1,0.5600507641232488,"strong budget match, strong seasonality match, strong weather match"
U008,D081,Polhena Beach,beach;marine,matara,5000,57,45,55,24.6,0.007,0.993,0.773,0.20728128437419835,1.0,0.0,0.9929999999999999,0.7,1,0.5587843853122595,"strong budget match, strong seasonality match, strong weather match"
U008,D055,Negombo Beach,beach,gampaha,5000,57,32,52,25.6,0.253,0.747,0.7306666666666667,0.30063078252612774,1.0,0.0,0.7469999999999999,0.7,1,0.557955901424505,"strong budget match, strong seasonality match, good weather match"
U008,D088,Tangalle Beach,beach,hambantota,5000,55,37,61,28.8,0.061,0.939,0.6786666666666666,0.24160172369899172,1.0,0.0,0.939,0.7,1,0.5542471837763642,"strong budget match, strong seasonality match, strong weather match"
U008,D076,Jungle Beach,beach;nature,galle,5000,65,36,52,28.7,0.109,0.891,0.8246666666666668,0.19909229983808974,1.0,0.0,0.8909999999999999,0.7,1,0.5512943566180937,"strong budget match, strong seasonality match, strong weather match"
U008,D047,Marble Beach,beach,trincomalee,5000,52,33,61,28.9,0.259,0.741,0.7916666666666666,0.24532342958136644,1.0,0.0,0.7409999999999999,0.7,1,0.5468636955410766,"strong budget match, strong seasonality match, strong sentiment match"
U009,D048,Colombo National Museum,heritage;culture,colombo,3000,58,26,53,30.8,0.564,0.436,0.787,0.553558225158747,1.0,0.0,0.718,0.74,1,0.6405674675476241,"strong budget match, strong seasonality match, strong sentiment match"
U009,D046,Koneswaram Temple,heritage;religious,trincomalee,3000,62,40,53,28.5,0.229,0.771,0.856,0.39248675136704736,1.0,0.0,0.8855,0.74,1,0.6158960254101142,"strong budget match, strong seasonality match, strong weather match"
U009,D050,Gangaramaya Temple,heritage;religious,colombo,3000,62,33,58,26.3,0.211,0.789,0.7559999999999999,0.3940555380412244,1.0,0.0,0.8945000000000001,0.74,1,0.6072666614123674,"strong budget match, strong seasonality match, strong weather match"
U009,D010,Jaffna Fort,heritage,jaffna,3000,54,30,63,27.2,0.058,0.942,0.8450000000000001,0.2038357298064935,1.0,0.0,0.971,0.74,1,0.5667507189419481,"strong budget match, strong seasonality match, strong weather match"
U009,D002,Dambulla Cave Temple,heritage,matale,5000,55,41,47,28.9,0.246,0.754,0.8336666666666667,0.20012118790365663,1.0,0.0,0.877,0.74,1,0.5551030230377637,"strong budget match, strong seasonality match, strong weather match"
U009,D095,Aluvihare Rock Temple,heritage;religious,matale,3000,53,32,50,28.5,0.205,0.795,0.851,0.17787152953438265,1.0,0.0,0.8975,0.74,1,0.5522114588603149,"strong budget match, strong seasonality match, strong weather match"
U009,D069,Kalutara Bodhiya,religious;heritage,kalutara,3000,55,43,63,26.5,0.156,0.844,0.8156666666666667,0.1700922371578235,1.0,0.0,0.9219999999999999,0.74,1,0.5487943378140138,"strong budget match, strong seasonality match, strong weather match"
U009,D087,Kirinda Temple,heritage;coastal,hambantota,3000,53,31,61,30.1,0.023,0.977,0.8046666666666668,0.12460147618124617,1.0,0.0,0.9884999999999999,0.74,1,0.5406971095210406,"strong budget match, strong seasonality match, strong weather match"
U009,D068,Ratnapura Gem Museum Area,culture;heritage,ratnapura,4000,56,23,62,29.8,0.086,0.914,0.7083333333333334,0.1636683450935432,1.0,0.0,0.9570000000000001,0.74,1,0.5396338368613963,"strong budget match, strong seasonality match, strong weather match"
U009,D006,Anuradhapura Sacred City,heritage;religious,anuradhapura,5000,61,29,52,27.2,0.355,0.645,0.8436666666666667,0.16331082045007056,1.0,0.0,0.8225,0.74,1,0.5396099128016878,"strong budget match, strong seasonality match, strong sentiment match"
U010,D096,Wasgamuwa National Park,wildlife;nature,matale,14000,65,30,57,26.5,0.396,0.604,0.7893333333333333,0.5445053871378529,1.0,1.0,0.5,0.78,1,0.7702849494746893,"strong budget match, strong crowd match, strong seasonality match"
U010,D090,Lunugamvehera National Park,wildlife;nature,monaragala,12000,71,32,57,25.8,0.202,0.798,0.717,0.5460828554510279,1.0,1.0,0.5,0.78,1,0.7635248566353084,"strong budget match, strong crowd match, strong seasonality match"
U010,D086,Bundala National Park,wildlife;nature,hambantota,12000,66,29,57,27.8,0.235,0.765,0.7836666666666666,0.5202648515335626,1.0,1.0,0.5,0.78,1,0.7624461221267356,"strong budget match, strong crowd match, strong seasonality match"
U010,D064,Udawalawe National Park,wildlife;nature,ratnapura,15000,64,25,66,29.9,0.244,0.756,0.7563333333333334,0.5392512103455047,0.9333333333333333,1.0,0.5,0.78,1,0.7520753631036515,"strong crowd match, strong seasonality match, strong budget match"
U010,D058,Wilpattu Wildlife Area,wildlife;nature,puttalam,16000,68,30,53,27.9,0.43,0.57,0.7163333333333334,0.5682231265170958,0.875,1.0,0.5,0.78,1,0.7451002712884621,"strong crowd match, strong seasonality match, strong budget match"
U010,D085,Yala National Park,wildlife;nature,hambantota,16000,66,34,63,26.6,0.632,0.368,0.7666666666666666,0.5479424825595074,0.875,1.0,0.5,0.78,1,0.7440494114345191,"strong crowd match, strong seasonality match, strong budget match"
U010,D009,Wilpattu National Park,wildlife;nature,puttalam,16000,63,28,68,27.6,0.173,0.827,0.7386666666666667,0.5472258339847684,0.875,1.0,0.5,0.78,1,0.7410344168620974,"strong crowd match, strong seasonality match, strong budget match"
U010,D038,Gal Oya National Park,wildlife;nature,ampara,15000,65,36,65,26.3,0.374,0.626,0.7426666666666666,0.48215168409431275,0.9333333333333333,1.0,0.5,0.78,1,0.7335788385616273,"strong crowd match, strong seasonality match, strong budget match"
U010,D003,Minneriya National Park,wildlife;nature,polonnaruwa,15000,70,35,59,24.1,0.618,0.382,0.7719999999999999,0.39302413141114445,0.9333333333333333,1.0,0.5,0.78,1,0.7097739060900101,"strong crowd match, strong seasonality match, strong budget match"
U010,D089,Kalametiya Bird Sanctuary,wildlife;nature,hambantota,5000,69,36,53,26.4,0.543,0.457,0.7306666666666666,0.3480570940762351,1.0,1.0,0.5,0.78,1,0.7054837948895372,"strong budget match, strong crowd match, strong seasonality match"
U011,D097,Haputale,nature;city,badulla,4000,61,28,52,25.1,0.164,0.836,0.874,0.26351691387434684,1.0,0.0,0.7303999999999999,0.8200000000000001,1,0.571495074162304,"strong budget match, strong seasonality match, strong sentiment match"
U011,D093,Riverston,nature;adventure,matale,6000,57,34,58,24.8,0.299,0.701,0.731,0.27601398927129533,1.0,0.0,0.6884,0.8200000000000001,1,0.5567441967813886,"strong budget match, strong seasonality match, strong sustainability match"
U011,D024,Hakgala Botanical Garden,nature,nuwara eliya,3500,62,31,57,25.1,0.054,0.946,0.7280000000000001,0.24681275073530068,1.0,0.0,0.7744,0.8200000000000001,1,0.5562838252205903,"strong budget match, strong seasonality match, strong sustainability match"
U011,D021,Gregory Lake,nature,nuwara eliya,3000,61,39,53,24.2,0.417,0.583,0.7746666666666666,0.26306998044156166,1.0,0.0,0.6652,0.8200000000000001,1,0.5549076607991352,"strong budget match, strong seasonality match, strong sustainability match"
U011,D070,Brief Garden,nature,kalutara,4000,59,37,67,26.8,0.056,0.944,0.6736666666666666,0.265840590622728,1.0,0.0,0.7055999999999999,0.8200000000000001,1,0.5496788438534851,"strong budget match, strong seasonality match, strong sustainability match"
U011,D016,Royal Botanical Gardens Peradeniya,nature,kandy,3500,67,36,55,24.8,0.25,0.75,0.8213333333333334,0.2129330339038001,1.0,0.0,0.7080000000000001,0.8200000000000001,1,0.5488132435044735,"strong budget match, strong seasonality match, strong sentiment match"
U011,D027,Ramboda Falls,nature,nuwara eliya,3000,65,30,58,26.9,0.607,0.393,0.8103333333333333,0.28840156739565453,1.0,0.0,0.4812,0.8200000000000001,1,0.5476738035520297,"strong budget match, strong seasonality match, strong sustainability match"
U011,D032,Ravana Falls,nature,badulla,3000,65,33,59,30.1,0.104,0.896,0.6793333333333335,0.3063047518821777,1.0,0.0,0.5544,0.8200000000000001,1,0.5472647588979866,"strong budget match, strong seasonality match, strong sustainability match"
U011,D083,Hummanaya Blow Hole,nature;coastal,matara,3000,58,34,67,25.9,0.173,0.827,0.8006666666666667,0.21895604000946164,1.0,0.0,0.6948,0.8200000000000001,1,0.5472334786695052,"strong budget match, strong seasonality match, strong sustainability match"
U011,D028,Pidurutalagala View Area,nature,nuwara eliya,3000,60,37,68,26.8,0.399,0.601,0.8033333333333332,0.25282064014351197,1.0,0.0,0.5683999999999999,0.8200000000000001,1,0.545019525376387,"strong budget match, strong seasonality match, strong sustainability match"
U012,D041,Pasikuda Beach,beach,batticaloa,7000,58,35,51,27.2,0.249,0.751,0.7383333333333333,0.5262042559657276,1.0,0.0,0.8684,0.86,1,0.6545346101230516,"strong budget match, strong seasonality match, strong weather match"
U012,D012,Casuarina Beach,beach,jaffna,4000,58,43,50,29.1,0.134,0.866,0.8140000000000001,0.4593509037780721,1.0,0.0,0.9024,0.86,1,0.6454452711334216,"strong budget match, strong seasonality match, strong weather match"
U012,D047,Marble Beach,beach,trincomalee,5000,52,33,61,28.9,0.259,0.741,0.7916666666666666,0.46920892706997025,1.0,0.0,0.8604,0.86,1,0.6419693447876578,"strong budget match, strong seasonality match, strong weather match"
U012,D055,Negombo Beach,beach,gampaha,5000,57,32,52,25.6,0.253,0.747,0.7306666666666667,0.5048061575465251,1.0,0.0,0.8028,0.86,1,0.6407885139306242,"strong budget match, strong seasonality match, strong sustainability match"
U012,D088,Tangalle Beach,beach,hambantota,5000,55,37,61,28.8,0.061,0.939,0.6786666666666666,0.4620907417954575,1.0,0.0,0.9436,0.86,1,0.636853889205304,"strong budget match, strong seasonality match, strong weather match"
U012,D043,Nilaveli Beach,beach,trincomalee,7000,57,31,48,25.4,0.608,0.392,0.7203333333333334,0.542159584382891,1.0,0.0,0.6527999999999999,0.86,1,0.6359612086482007,"strong budget match, strong seasonality match, strong sustainability match"
U012,D054,Mount Lavinia Beach,beach,colombo,5000,59,37,62,25.7,0.332,0.668,0.8253333333333334,0.3909380909412777,1.0,0.0,0.7752,0.86,1,0.6133347606157167,"strong budget match, strong seasonality match, strong sustainability match"
U012,D079,Mirissa Beach,beach,matara,6000,56,36,63,24.2,0.301,0.699,0.7326666666666668,0.4307924224087871,1.0,0.0,0.7276,0.86,1,0.6112643933893029,"strong budget match, strong seasonality match, strong sustainability match"
U012,D071,Bentota Beach,beach;adventure,galle,7000,58,33,49,25.4,0.36,0.64,0.661,0.3626487794971008,1.0,0.0,0.7519999999999999,0.86,1,0.5860946338491303,"strong budget match, strong seasonality match, strong sustainability match"
U012,D081,Polhena Beach,beach;marine,matara,5000,57,45,55,24.6,0.007,0.993,0.773,0.27771996980632074,1.0,0.0,0.8612000000000001,0.86,1,0.5827359909418963,"strong budget match, strong seasonality match, strong weather match"
U013,D010,Jaffna Fort,heritage,jaffna,3000,54,30,63,27.2,0.058,0.942,0.8450000000000001,0.37739711966979167,1.0,0.0,0.9419999999999998,0.9,1,0.6319191359009376,"strong budget match, strong seasonality match, strong weather match"
U013,D037,Buduruwagala,heritage,monaragala,3000,62,31,48,27.3,0.274,0.726,0.7026666666666667,0.4354874030503327,1.0,0.0,0.726,0.9,1,0.6135128875817666,"strong budget match, strong seasonality match, strong sustainability match"
U013,D002,Dambulla Cave Temple,heritage,matale,5000,55,41,47,28.9,0.246,0.754,0.8336666666666667,0.37051973160659873,1.0,0.0,0.7539999999999999,0.9,1,0.6099225861486464,"strong budget match, strong seasonality match, strong sustainability match"
U013,D095,Aluvihare Rock Temple,heritage;religious,matale,3000,53,32,50,28.5,0.205,0.795,0.851,0.3293250058822505,1.0,0.0,0.7949999999999999,0.9,1,0.6033975017646753,"strong budget match, strong seasonality match, strong sustainability match"
U013,D008,Mihintale,heritage;religious,anuradhapura,3000,61,37,57,27.4,0.192,0.808,0.6243333333333333,0.37759106466012615,1.0,0.0,0.808,0.9,1,0.5965106527313712,"strong budget match, strong seasonality match, strong sustainability match"
U013,D045,Fort Frederick,heritage,trincomalee,3000,57,42,51,29.9,0.48,0.52,0.7506666666666666,0.39019765826081854,1.0,0.0,0.52,0.9,1,0.5841259641449124,"strong budget match, strong seasonality match, strong sustainability match"
U013,D074,Galle Fort,heritage;coastal,galle,5000,55,34,49,29.6,0.379,0.621,0.7103333333333334,0.36332936126888227,1.0,0.0,0.621,0.9,1,0.582132141713998,"strong budget match, strong seasonality match, strong sustainability match"
U013,D006,Anuradhapura Sacred City,heritage;religious,anuradhapura,5000,61,29,52,27.2,0.355,0.645,0.8436666666666667,0.3023661911838369,1.0,0.0,0.645,0.9,1,0.5795765240218178,"strong budget match, strong seasonality match, strong sustainability match"
U013,D042,Batticaloa Fort,heritage,batticaloa,3000,57,39,49,27.5,0.582,0.418,0.7806666666666665,0.3614197495959447,1.0,0.0,0.41800000000000004,0.9,1,0.5682925915454501,"strong budget match, strong seasonality match, strong sustainability match"
U013,D005,Polonnaruwa Ancient City,heritage,polonnaruwa,5000,58,32,62,27.1,0.533,0.467,0.7933333333333333,0.338528430614803,1.0,0.0,0.46699999999999997,0.9,1,0.5675918625177743,"strong budget match, strong seasonality match, strong sustainability match"
U014,D073,Kanneliya Forest Reserve,nature;wildlife,galle,7000,62,38,63,24.6,0.353,0.647,0.7873333333333333,0.3528771046134611,1.0,0.0,0.8235,0.94,1,0.6109464647173717,"strong budget match, strong seasonality match, strong sustainability match"
U014,D057,Kalpitiya Lagoon,marine;nature,puttalam,7000,72,39,61,29.7,0.004,0.996,0.7326666666666667,0.28862389780551395,1.0,0.0,0.998,0.94,1,0.6036538360083209,"strong budget match, strong seasonality match, strong weather match"
U014,D022,Horton Plains National Park,nature;wildlife,nuwara eliya,7000,65,27,64,26.4,0.371,0.629,0.7826666666666666,0.3198015249787022,1.0,0.0,0.8145,0.94,1,0.5996571241602774,"strong budget match, strong seasonality match, strong sustainability match"
U014,D089,Kalametiya Bird Sanctuary,wildlife;nature,hambantota,5000,69,36,53,26.4,0.543,0.457,0.7306666666666666,0.33424855025458483,1.0,0.0,0.7285,0.94,1,0.5901912317430421,"strong budget match, strong seasonality match, strong sustainability match"
U014,D084,Rekawa Turtle Beach,beach;wildlife,hambantota,5000,66,35,60,25.6,0.455,0.545,0.8853333333333332,0.1536162791628374,1.0,0.0,0.7725,0.94,1,0.5558682170821845,"strong budget match, strong seasonality match, strong sustainability match"
U014,D065,Udawalawe Elephant Transit Home,wildlife,ratnapura,5000,65,31,57,26.5,0.236,0.764,0.7403333333333334,0.15720785045816116,1.0,0.0,0.882,0.94,1,0.5533956884707817,"strong budget match, strong seasonality match, strong sustainability match"
U014,D078,Rumassala Sanctuary,nature;wildlife,galle,4000,72,37,58,27.1,0.504,0.496,0.7896666666666667,0.1815480749682853,1.0,0.0,0.748,0.94,1,0.5522310891571522,"strong budget match, strong seasonality match, strong sustainability match"
U014,D059,Pinnawala Elephant Orphanage,wildlife;family,kegalle,8000,62,37,50,27.6,0.216,0.784,0.7306666666666667,0.1448127516881984,1.0,0.0,0.892,0.94,1,0.5497104921731262,"strong budget match, strong seasonality match, strong sustainability match"
U014,D063,Sinharaja Forest Reserve,nature;wildlife,ratnapura,8000,69,26,67,29.4,0.261,0.739,0.6953333333333332,0.1621363163517267,1.0,0.0,0.8694999999999999,0.94,1,0.5491242282388513,"strong budget match, strong seasonality match, strong sustainability match"
U014,D017,Udawattakele Forest Reserve,nature,kandy,3000,72,24,67,26.1,0.296,0.704,0.8613333333333334,0.10078553703125519,1.0,0.0,0.852,0.94,1,0.5455689944427099,"strong budget match, strong seasonality match, strong sustainability match"
U015,D029,Ella Rock,nature;adventure,badulla,5000,61,29,59,29.2,0.607,0.393,0.891,0.3363523065828826,1.0,1.0,0.5,0.7,1,0.7100056919748647,"strong budget match, strong crowd match, strong seasonality match"
U015,D098,Ohiya,nature;adventure,badulla,5000,63,38,66,27.9,0.175,0.825,0.6976666666666667,0.38254734610548724,1.0,1.0,0.5,0.7,1,0.7045308704983129,"strong budget match, strong crowd match, strong seasonality match"
U015,D093,Riverston,nature;adventure,matale,6000,57,34,58,24.8,0.299,0.701,0.731,0.3672956817042974,1.0,1.0,0.5,0.7,1,0.7032887045112892,"strong budget match, strong crowd match, strong seasonality match"
U015,D035,Diyaluma Falls,nature;adventure,badulla,5000,67,26,62,25.3,0.167,0.833,0.7606666666666667,0.34074573094331156,1.0,1.0,0.5,0.7,1,0.6982903859496601,"strong budget match, strong crowd match, strong seasonality match"
U015,D023,World's End,nature;adventure,nuwara eliya,7000,63,30,58,28.9,0.539,0.461,0.8140000000000001,0.3181293446732856,1.0,1.0,0.5,0.7,1,0.6968388034019858,"strong budget match, strong crowd match, strong seasonality match"
U015,D030,Little Adam's Peak,nature;adventure,badulla,3000,63,39,64,27.0,0.252,0.748,0.8153333333333332,0.30375029798291425,1.0,1.0,0.5,0.7,1,0.6926584227282077,"strong budget match, strong crowd match, strong seasonality match"
U015,D060,Kitulgala,adventure;nature,kegalle,9000,57,25,58,27.4,0.521,0.479,0.7913333333333332,0.29185333491936927,1.0,1.0,0.5,0.7,1,0.6866893338091442,"strong budget match, strong crowd match, strong seasonality match"
U015,D092,Meemure,nature;village;adventure,kandy,8000,63,21,52,29.4,0.503,0.497,0.7273333333333335,0.3019610654141881,1.0,1.0,0.5,0.7,1,0.6833216529575898,"strong budget match, strong crowd match, strong seasonality match"
U015,D018,Knuckles Mountain Range,nature;adventure,matale,10000,63,40,62,29.3,0.476,0.524,0.7553333333333333,0.28859941508788234,1.0,1.0,0.5,0.7,1,0.6821131578596981,"strong budget match, strong crowd match, strong seasonality match"
U015,D019,Hanthana Mountain Range,nature;adventure,kandy,5000,62,32,68,27.3,0.216,0.784,0.7096666666666667,0.28618886976640834,1.0,1.0,0.5,0.7,1,0.6768233275965891,"strong budget match, strong crowd match, strong seasonality match"
U016,D055,Negombo Beach,beach,gampaha,5000,57,32,52,25.6,0.253,0.747,0.7306666666666667,0.25148336053642983,1.0,0.0,0.6748,0.74,1,0.5399916748275957,"strong budget match, strong seasonality match, good sustainability match"
U016,D053,Dutch Hospital Colombo,heritage;city,colombo,5000,60,30,63,24.3,0.327,0.673,0.7623333333333333,0.19490127060746,1.0,0.0,0.6972,0.74,1,0.5284237145155714,"strong budget match, strong seasonality match, strong sentiment match"
U016,D025,Ambewela Farm,nature;family,nuwara eliya,4000,58,27,61,28.7,0.015,0.985,0.7323333333333334,0.20054169967764005,1.0,0.0,0.646,0.74,1,0.5219958432366254,"strong budget match, strong seasonality match, good sustainability match"
U016,D079,Mirissa Beach,beach,matara,6000,56,36,63,24.2,0.301,0.699,0.7326666666666668,0.15884281621590735,1.0,0.0,0.7116,0.74,1,0.5160795115314389,"strong budget match, strong seasonality match, good sustainability match"
U016,D054,Mount Lavinia Beach,beach,colombo,5000,59,37,62,25.7,0.332,0.668,0.8253333333333334,0.14414763143688109,1.0,0.0,0.6392000000000001,0.74,1,0.5136976227643977,"strong budget match, strong seasonality match, strong sentiment match"
U016,D059,Pinnawala Elephant Orphanage,wildlife;family,kegalle,8000,62,37,50,27.6,0.216,0.784,0.7306666666666667,0.17250007711625395,1.0,0.0,0.6096,0.74,1,0.5097766898015429,"strong budget match, strong seasonality match, good sustainability match"
U016,D094,Sembuwatta Lake,nature,matale,5000,64,37,56,25.1,0.172,0.828,0.7833333333333333,0.11166357580149924,1.0,0.0,0.7272,0.74,1,0.5085524060737832,"strong budget match, strong seasonality match, strong sentiment match"
U016,D020,Nuwara Eliya City,city;nature,nuwara eliya,5000,67,34,57,26.2,0.466,0.534,0.85,0.14015535723067138,1.0,0.0,0.5656,0.74,1,0.5076066071692014,"strong budget match, strong seasonality match, strong sentiment match"
U016,D016,Royal Botanical Gardens Peradeniya,nature,kandy,3500,67,36,55,24.8,0.25,0.75,0.8213333333333334,0.09609287443416895,1.0,0.0,0.7080000000000001,0.74,1,0.5057611956635841,"strong budget match, strong seasonality match, strong sentiment match"
U016,D100,Pekoe Trail - Tea Country Section,nature;adventure;culture,nuwara eliya,7000,59,39,62,27.1,0.034,0.966,0.7496666666666667,0.11743832266874168,1.0,0.0,0.7024,0.74,1,0.5044381634672892,"strong budget match, strong seasonality match, good sentiment match"
U017,D036,Dunhinda Falls,nature,badulla,3000,57,40,52,24.9,0.476,0.524,0.9103333333333333,0.3842861825103332,1.0,0.0,0.6856,0.78,1,0.6028791880864333,"strong budget match, strong seasonality match, strong sentiment match"
U017,D098,Ohiya,nature;adventure,badulla,5000,63,38,66,27.9,0.175,0.825,0.6976666666666667,0.36782714441502135,1.0,0.0,0.926,0.78,1,0.6007148099911731,"strong budget match, strong seasonality match, strong weather match"
U017,D017,Udawattakele Forest Reserve,nature,kandy,3000,72,24,67,26.1,0.296,0.704,0.8613333333333334,0.30662945501026007,1.0,0.0,0.8056000000000001,0.78,1,0.5866821698364115,"strong budget match, strong seasonality match, strong sentiment match"
U017,D099,Baker's Falls,nature,nuwara eliya,3000,64,34,58,30.5,0.544,0.456,0.8073333333333332,0.36261962889147814,1.0,0.0,0.6823999999999999,0.78,1,0.5857592220007768,"strong budget match, strong seasonality match, strong sentiment match"
U017,D035,Diyaluma Falls,nature;adventure,badulla,5000,67,26,62,25.3,0.167,0.833,0.7606666666666667,0.3276340313439955,1.0,0.0,0.8251999999999999,0.78,1,0.5848768760698653,"strong budget match, strong seasonality match, strong weather match"
U017,D067,Bambarakanda Falls,nature,badulla,3000,62,28,53,25.0,0.643,0.357,0.7786666666666667,0.3842861825103332,1.0,0.0,0.6228,0.78,1,0.5834325214197666,"strong budget match, strong seasonality match, strong sustainability match"
U017,D078,Rumassala Sanctuary,nature;wildlife,galle,4000,72,37,58,27.1,0.504,0.496,0.7896666666666667,0.30657681499041367,1.0,0.0,0.7624,0.78,1,0.5751797111637909,"strong budget match, strong seasonality match, strong sentiment match"
U017,D026,Lover's Leap Waterfall,nature,nuwara eliya,3000,60,26,63,27.1,0.543,0.457,0.7789999999999999,0.3040785556258403,1.0,0.0,0.7468000000000001,0.78,1,0.5718035666877521,"strong budget match, strong seasonality match, strong sustainability match"
U017,D073,Kanneliya Forest Reserve,nature;wildlife,galle,7000,62,38,63,24.6,0.353,0.647,0.7873333333333333,0.2867270275272479,1.0,0.0,0.7228000000000001,0.78,1,0.5650314415915078,"strong budget match, strong seasonality match, strong sentiment match"
U017,D092,Meemure,nature;village;adventure,kandy,8000,63,21,52,29.4,0.503,0.497,0.7273333333333335,0.29034177742064615,1.0,0.0,0.7428000000000001,0.78,1,0.5621158665595272,"strong budget match, strong seasonality match, strong sustainability match"
U018,D080,Weligama Bay,beach;adventure,matara,6000,53,25,47,29.9,0.049,0.951,0.7383333333333333,0.4502204792875243,1.0,0.0,0.951,0.8200000000000001,1,0.6359994771195907,"strong budget match, strong seasonality match, strong weather match"
U018,D040,Arugam Bay,beach;adventure,ampara,8000,51,30,57,25.0,0.255,0.745,0.7043333333333334,0.44320382879228337,1.0,0.0,0.745,0.8200000000000001,1,0.6098944819710184,"strong budget match, strong seasonality match, strong sustainability match"
U018,D071,Bentota Beach,beach;adventure,galle,7000,58,33,49,25.4,0.36,0.64,0.661,0.4729441711272666,1.0,0.0,0.6399999999999999,0.8200000000000001,1,0.6039832513381801,"strong budget match, strong seasonality match, strong sustainability match"
U018,D012,Casuarina Beach,beach,jaffna,4000,58,43,50,29.1,0.134,0.866,0.8140000000000001,0.2728021756591402,1.0,0.0,0.8659999999999999,0.8200000000000001,1,0.5818406526977421,"strong budget match, strong seasonality match, strong weather match"
U018,D081,Polhena Beach,beach;marine,matara,5000,57,45,55,24.6,0.007,0.993,0.773,0.23544560299447054,1.0,0.0,0.9929999999999999,0.8200000000000001,1,0.5792336808983413,"strong budget match, strong seasonality match, strong weather match"
U018,D088,Tangalle Beach,beach,hambantota,5000,55,37,61,28.8,0.061,0.939,0.6786666666666666,0.2744293277251291,1.0,0.0,0.939,0.8200000000000001,1,0.5760954649842054,"strong budget match, strong seasonality match, strong weather match"
U018,D076,Jungle Beach,beach;nature,galle,5000,65,36,52,28.7,0.109,0.891,0.8246666666666668,0.2261439412075056,1.0,0.0,0.8909999999999999,0.8200000000000001,1,0.5714098490289183,"strong budget match, strong seasonality match, strong weather match"
U018,D047,Marble Beach,beach,trincomalee,5000,52,33,61,28.9,0.259,0.741,0.7916666666666666,0.27865671992934715,1.0,0.0,0.7409999999999999,0.8200000000000001,1,0.5688636826454708,"strong budget match, strong seasonality match, strong sustainability match"
U018,D041,Pasikuda Beach,beach,batticaloa,7000,58,35,51,27.2,0.249,0.751,0.7383333333333333,0.2546787018636456,1.0,0.0,0.7509999999999999,0.8200000000000001,1,0.557336943892427,"strong budget match, strong seasonality match, strong sustainability match"
U018,D055,Negombo Beach,beach,gampaha,5000,57,32,52,25.6,0.253,0.747,0.7306666666666667,0.24432219131480662,1.0,0.0,0.7469999999999999,0.8200000000000001,1,0.5530633240611087,"strong budget match, strong seasonality match, strong sustainability match"
U019,D048,Colombo National Museum,heritage;culture,colombo,3000,58,26,53,30.8,0.564,0.436,0.787,0.553558225158747,1.0,0.0,0.718,0.86,1,0.6525674675476241,"strong budget match, strong seasonality match, strong sustainability match"
U019,D046,Koneswaram Temple,heritage;religious,trincomalee,3000,62,40,53,28.5,0.229,0.771,0.856,0.39248675136704736,1.0,0.0,0.8855,0.86,1,0.6278960254101142,"strong budget match, strong seasonality match, strong weather match"
U019,D050,Gangaramaya Temple,heritage;religious,colombo,3000,62,33,58,26.3,0.211,0.789,0.7559999999999999,0.3940555380412244,1.0,0.0,0.8945000000000001,0.86,1,0.6192666614123674,"strong budget match, strong seasonality match, strong weather match"
U019,D010,Jaffna Fort,heritage,jaffna,3000,54,30,63,27.2,0.058,0.942,0.8450000000000001,0.2038357298064935,1.0,0.0,0.971,0.86,1,0.5787507189419481,"strong budget match, strong seasonality match, strong weather match"
U019,D002,Dambulla Cave Temple,heritage,matale,5000,55,41,47,28.9,0.246,0.754,0.8336666666666667,0.20012118790365663,1.0,0.0,0.877,0.86,1,0.5671030230377637,"strong budget match, strong seasonality match, strong weather match"
U019,D095,Aluvihare Rock Temple,heritage;religious,matale,3000,53,32,50,28.5,0.205,0.795,0.851,0.17787152953438265,1.0,0.0,0.8975,0.86,1,0.5642114588603149,"strong budget match, strong seasonality match, strong weather match"
U019,D069,Kalutara Bodhiya,religious;heritage,kalutara,3000,55,43,63,26.5,0.156,0.844,0.8156666666666667,0.1700922371578235,1.0,0.0,0.9219999999999999,0.86,1,0.5607943378140138,"strong budget match, strong seasonality match, strong weather match"
U019,D087,Kirinda Temple,heritage;coastal,hambantota,3000,53,31,61,30.1,0.023,0.977,0.8046666666666668,0.12460147618124617,1.0,0.0,0.9884999999999999,0.86,1,0.5526971095210406,"strong budget match, strong seasonality match, strong weather match"
U019,D068,Ratnapura Gem Museum Area,culture;heritage,ratnapura,4000,56,23,62,29.8,0.086,0.914,0.7083333333333334,0.1636683450935432,1.0,0.0,0.9570000000000001,0.86,1,0.5516338368613963,"strong budget match, strong seasonality match, strong weather match"
U019,D006,Anuradhapura Sacred City,heritage;religious,anuradhapura,5000,61,29,52,27.2,0.355,0.645,0.8436666666666667,0.16331082045007056,1.0,0.0,0.8225,0.86,1,0.5516099128016878,"strong budget match, strong seasonality match, strong sustainability match"
U020,D059,Pinnawala Elephant Orphanage,wildlife;family,kegalle,8000,62,37,50,27.6,0.216,0.784,0.7306666666666667,0.29702006060322705,1.0,1.0,0.5,0.9,1,0.7021726848476348,"strong budget match, strong crowd match, strong seasonality match"
U020,D089,Kalametiya Bird Sanctuary,wildlife;nature,hambantota,5000,69,36,53,26.4,0.543,0.457,0.7306666666666666,0.28216135032239587,1.0,1.0,0.5,0.9,1,0.6977150717633854,"strong budget match, strong crowd match, strong seasonality match"
U020,D025,Ambewela Farm,nature;family,nuwara eliya,4000,58,27,61,28.7,0.015,0.985,0.7323333333333334,0.2630074359420813,1.0,1.0,0.5,0.9,1,0.6921355641159578,"strong budget match, strong crowd match, strong seasonality match"
U020,D064,Udawalawe National Park,wildlife;nature,ratnapura,15000,64,25,66,29.9,0.244,0.756,0.7563333333333334,0.5511726264327161,0.5333333333333333,1.0,0.5,0.9,1,0.6876517879298149,"strong crowd match, strong seasonality match, strong sustainability match"
U020,D065,Udawalawe Elephant Transit Home,wildlife,ratnapura,5000,65,31,57,26.5,0.236,0.764,0.7403333333333334,0.22336734842839667,1.0,1.0,0.5,0.9,1,0.6810435378618525,"strong budget match, strong crowd match, strong seasonality match"
U020,D078,Rumassala Sanctuary,nature;wildlife,galle,4000,72,37,58,27.1,0.504,0.496,0.7896666666666667,0.1983245904104363,1.0,1.0,0.5,0.9,1,0.6784640437897977,"strong budget match, strong crowd match, strong seasonality match"
U020,D086,Bundala National Park,wildlife;nature,hambantota,12000,66,29,57,27.8,0.235,0.765,0.7836666666666666,0.42176595602397765,0.6666666666666666,1.0,0.5,0.9,1,0.6782297868071934,"strong crowd match, strong seasonality match, strong sustainability match"
U020,D090,Lunugamvehera National Park,wildlife;nature,monaragala,12000,71,32,57,25.8,0.202,0.798,0.717,0.4426959786322378,0.6666666666666666,1.0,0.5,0.9,1,0.6778421269230047,"strong crowd match, strong seasonality match, strong sustainability match"
U020,D073,Kanneliya Forest Reserve,nature;wildlife,galle,7000,62,38,63,24.6,0.353,0.647,0.7873333333333333,0.1854837597413276,1.0,1.0,0.5,0.9,1,0.6743784612557316,"strong budget match, strong crowd match, strong seasonality match"
U020,D021,Gregory Lake,nature,nuwara eliya,3000,61,39,53,24.2,0.417,0.583,0.7746666666666666,0.18577532428794233,1.0,1.0,0.5,0.9,1,0.6731992639530494,"strong budget match, strong crowd match, strong seasonality match"
U021,D097,Haputale,nature;city,badulla,4000,61,28,52,25.1,0.164,0.836,0.874,0.26351691387434684,1.0,0.0,0.7303999999999999,0.94,1,0.5834950741623041,"strong budget match, strong seasonality match, strong sustainability match"
U021,D093,Riverston,nature;adventure,matale,6000,57,34,58,24.8,0.299,0.701,0.731,0.27601398927129533,1.0,0.0,0.6884,0.94,1,0.5687441967813887,"strong budget match, strong seasonality match, strong sustainability match"
U021,D024,Hakgala Botanical Garden,nature,nuwara eliya,3500,62,31,57,25.1,0.054,0.946,0.7280000000000001,0.24681275073530068,1.0,0.0,0.7744,0.94,1,0.5682838252205903,"strong budget match, strong seasonality match, strong sustainability match"
U021,D021,Gregory Lake,nature,nuwara eliya,3000,61,39,53,24.2,0.417,0.583,0.7746666666666666,0.26306998044156166,1.0,0.0,0.6652,0.94,1,0.5669076607991351,"strong budget match, strong seasonality match, strong sustainability match"
U021,D070,Brief Garden,nature,kalutara,4000,59,37,67,26.8,0.056,0.944,0.6736666666666666,0.265840590622728,1.0,0.0,0.7055999999999999,0.94,1,0.5616788438534851,"strong budget match, strong seasonality match, strong sustainability match"
U021,D016,Royal Botanical Gardens Peradeniya,nature,kandy,3500,67,36,55,24.8,0.25,0.75,0.8213333333333334,0.2129330339038001,1.0,0.0,0.7080000000000001,0.94,1,0.5608132435044734,"strong budget match, strong seasonality match, strong sustainability match"
U021,D027,Ramboda Falls,nature,nuwara eliya,3000,65,30,58,26.9,0.607,0.393,0.8103333333333333,0.28840156739565453,1.0,0.0,0.4812,0.94,1,0.5596738035520297,"strong budget match, strong seasonality match, strong sustainability match"
U021,D032,Ravana Falls,nature,badulla,3000,65,33,59,30.1,0.104,0.896,0.6793333333333335,0.3063047518821777,1.0,0.0,0.5544,0.94,1,0.5592647588979867,"strong budget match, strong seasonality match, strong sustainability match"
U021,D083,Hummanaya Blow Hole,nature;coastal,matara,3000,58,34,67,25.9,0.173,0.827,0.8006666666666667,0.21895604000946164,1.0,0.0,0.6948,0.94,1,0.5592334786695051,"strong budget match, strong seasonality match, strong sustainability match"
U021,D028,Pidurutalagala View Area,nature,nuwara eliya,3000,60,37,68,26.8,0.399,0.601,0.8033333333333332,0.25282064014351197,1.0,0.0,0.5683999999999999,0.94,1,0.5570195253763869,"strong budget match, strong seasonality match, strong sustainability match"
U022,D012,Casuarina Beach,beach,jaffna,4000,58,43,50,29.1,0.134,0.866,0.8140000000000001,0.5369910520528607,1.0,0.0,0.9024,0.7,1,0.6527373156158582,"strong budget match, strong seasonality match, strong weather match"
U022,D047,Marble Beach,beach,trincomalee,5000,52,33,61,28.9,0.259,0.741,0.7916666666666666,0.5485152925738623,1.0,0.0,0.8604,0.7,1,0.6497612544388254,"strong budget match, strong seasonality match, strong weather match"
U022,D088,Tangalle Beach,beach,hambantota,5000,55,37,61,28.8,0.061,0.939,0.6786666666666666,0.5401939814197333,1.0,0.0,0.9436,0.7,1,0.6442848610925866,"strong budget match, strong seasonality match, strong weather match"
U022,D041,Pasikuda Beach,beach,batticaloa,7000,58,35,51,27.2,0.249,0.751,0.7383333333333333,0.5013163246179331,1.0,0.0,0.8684,0.7,1,0.6310682307187132,"strong budget match, strong seasonality match, strong weather match"
U022,D055,Negombo Beach,beach,gampaha,5000,57,32,52,25.6,0.253,0.747,0.7306666666666667,0.48093029403815357,1.0,0.0,0.8028,0.7,1,0.6176257548781128,"strong budget match, strong seasonality match, strong weather match"
U022,D054,Mount Lavinia Beach,beach,colombo,5000,59,37,62,25.7,0.332,0.668,0.8253333333333334,0.4570150075148606,1.0,0.0,0.7752,0.7,1,0.6171578355877916,"strong budget match, strong seasonality match, strong sentiment match"
U022,D079,Mirissa Beach,beach,matara,6000,56,36,63,24.2,0.301,0.699,0.7326666666666668,0.5036055752215503,1.0,0.0,0.7276,0.7,1,0.6171083392331318,"strong budget match, strong seasonality match, good sentiment match"
U022,D043,Nilaveli Beach,beach,trincomalee,7000,57,31,48,25.4,0.608,0.392,0.7203333333333334,0.5165170123917039,1.0,0.0,0.6527999999999999,0.7,1,0.6122684370508444,"strong budget match, strong seasonality match, good sentiment match"
U022,D075,Unawatuna Beach,beach,galle,6000,58,44,54,29.4,0.624,0.376,0.8626666666666667,0.3510929385051914,1.0,0.0,0.6944000000000001,0.7,1,0.5810345482182241,"strong budget match, strong seasonality match, strong sentiment match"
U022,D081,Polhena Beach,beach;marine,matara,5000,57,45,55,24.6,0.007,0.993,0.773,0.3246605972379585,1.0,0.0,0.8612000000000001,0.7,1,0.5808181791713877,"strong budget match, strong seasonality match, strong weather match"
U023,D010,Jaffna Fort,heritage,jaffna,3000,54,30,63,27.2,0.058,0.942,0.8450000000000001,0.37739711966979167,1.0,0.0,0.9419999999999998,0.74,1,0.6159191359009376,"strong budget match, strong seasonality match, strong weather match"
U023,D037,Buduruwagala,heritage,monaragala,3000,62,31,48,27.3,0.274,0.726,0.7026666666666667,0.4354874030503327,1.0,0.0,0.726,0.74,1,0.5975128875817666,"strong budget match, strong seasonality match, good sustainability match"
U023,D002,Dambulla Cave Temple,heritage,matale,5000,55,41,47,28.9,0.246,0.754,0.8336666666666667,0.37051973160659873,1.0,0.0,0.7539999999999999,0.74,1,0.5939225861486463,"strong budget match, strong seasonality match, strong sentiment match"
U023,D095,Aluvihare Rock Temple,heritage;religious,matale,3000,53,32,50,28.5,0.205,0.795,0.851,0.3293250058822505,1.0,0.0,0.7949999999999999,0.74,1,0.5873975017646753,"strong budget match, strong seasonality match, strong sentiment match"
U023,D008,Mihintale,heritage;religious,anuradhapura,3000,61,37,57,27.4,0.192,0.808,0.6243333333333333,0.37759106466012615,1.0,0.0,0.808,0.74,1,0.5805106527313711,"strong budget match, strong seasonality match, strong weather match"
U023,D045,Fort Frederick,heritage,trincomalee,3000,57,42,51,29.9,0.48,0.52,0.7506666666666666,0.39019765826081854,1.0,0.0,0.52,0.74,1,0.5681259641449122,"strong budget match, strong seasonality match, strong sentiment match"
U023,D074,Galle Fort,heritage;coastal,galle,5000,55,34,49,29.6,0.379,0.621,0.7103333333333334,0.36332936126888227,1.0,0.0,0.621,0.74,1,0.566132141713998,"strong budget match, strong seasonality match, good sustainability match"
U023,D006,Anuradhapura Sacred City,heritage;religious,anuradhapura,5000,61,29,52,27.2,0.355,0.645,0.8436666666666667,0.3023661911838369,1.0,0.0,0.645,0.74,1,0.5635765240218178,"strong budget match, strong seasonality match, strong sentiment match"
U023,D042,Batticaloa Fort,heritage,batticaloa,3000,57,39,49,27.5,0.582,0.418,0.7806666666666665,0.3614197495959447,1.0,0.0,0.41800000000000004,0.74,1,0.5522925915454501,"strong budget match, strong seasonality match, strong sentiment match"
U023,D005,Polonnaruwa Ancient City,heritage,polonnaruwa,5000,58,32,62,27.1,0.533,0.467,0.7933333333333333,0.338528430614803,1.0,0.0,0.46699999999999997,0.74,1,0.5515918625177743,"strong budget match, strong seasonality match, strong sentiment match"
U024,D059,Pinnawala Elephant Orphanage,wildlife;family,kegalle,8000,62,37,50,27.6,0.216,0.784,0.7306666666666667,0.292463763499345,1.0,0.0,0.892,0.78,1,0.5780057957164701,"strong budget match, strong seasonality match, strong weather match"
U024,D073,Kanneliya Forest Reserve,nature;wildlife,galle,7000,62,38,63,24.6,0.353,0.647,0.7873333333333333,0.29464738622366937,1.0,0.0,0.8235,0.78,1,0.5774775492004341,"strong budget match, strong seasonality match, strong weather match"
U024,D057,Kalpitiya Lagoon,marine;nature,puttalam,7000,72,39,61,29.7,0.004,0.996,0.7326666666666667,0.2409968682531467,1.0,0.0,0.998,0.78,1,0.5733657271426107,"strong budget match, strong seasonality match, strong weather match"
U024,D064,Udawalawe National Park,wildlife;nature,ratnapura,15000,64,25,66,29.9,0.244,0.756,0.7563333333333334,0.25821478134358344,1.0,0.0,0.878,0.78,1,0.5688977677364084,"strong budget match, strong seasonality match, strong weather match"
U024,D003,Minneriya National Park,wildlife;nature,polonnaruwa,15000,70,35,59,24.1,0.618,0.382,0.7719999999999999,0.31515004277575015,1.0,0.0,0.6910000000000001,0.78,1,0.568845012832725,"strong budget match, strong seasonality match, strong sustainability match"
U024,D022,Horton Plains National Park,nature;wildlife,nuwara eliya,7000,65,27,64,26.4,0.371,0.629,0.7826666666666666,0.267029745521562,1.0,0.0,0.8145,0.78,1,0.5678255903231353,"strong budget match, strong seasonality match, strong weather match"
U024,D025,Ambewela Farm,nature;family,nuwara eliya,4000,58,27,61,28.7,0.015,0.985,0.7323333333333334,0.21491091203857454,1.0,0.0,0.9924999999999999,0.78,1,0.5649566069449057,"strong budget match, strong seasonality match, strong weather match"
U024,D089,Kalametiya Bird Sanctuary,wildlife;nature,hambantota,5000,69,36,53,26.4,0.543,0.457,0.7306666666666666,0.2790928070820703,1.0,0.0,0.7285,0.78,1,0.5576445087912878,"strong budget match, strong seasonality match, strong sustainability match"
U024,D065,Udawalawe Elephant Transit Home,wildlife,ratnapura,5000,65,31,57,26.5,0.236,0.764,0.7403333333333334,0.22438161417077085,1.0,0.0,0.882,0.78,1,0.5575478175845646,"strong budget match, strong seasonality match, strong weather match"
U024,D004,Kaudulla National Park,wildlife;nature,polonnaruwa,15000,64,33,66,28.4,0.634,0.366,0.6226666666666666,0.31515004277575015,1.0,0.0,0.683,0.78,1,0.5531116794993918,"strong budget match, strong seasonality match, strong sustainability match"
U025,D029,Ella Rock,nature;adventure,badulla,5000,61,29,59,29.2,0.607,0.393,0.891,0.3363523065828826,1.0,1.0,0.5,0.8200000000000001,1,0.7220056919748647,"strong budget match, strong crowd match, strong seasonality match"
U025,D098,Ohiya,nature;adventure,badulla,5000,63,38,66,27.9,0.175,0.825,0.6976666666666667,0.38254734610548724,1.0,1.0,0.5,0.8200000000000001,1,0.716530870498313,"strong budget match, strong crowd match, strong seasonality match"
U025,D035,Diyaluma Falls,nature;adventure,badulla,5000,67,26,62,25.3,0.167,0.833,0.7606666666666667,0.34074573094331156,1.0,1.0,0.5,0.8200000000000001,1,0.7102903859496603,"strong budget match, strong crowd match, strong seasonality match"
U025,D030,Little Adam's Peak,nature;adventure,badulla,3000,63,39,64,27.0,0.252,0.748,0.8153333333333332,0.30375029798291425,1.0,1.0,0.5,0.8200000000000001,1,0.7046584227282077,"strong budget match, strong crowd match, strong seasonality match"
U025,D019,Hanthana Mountain Range,nature;adventure,kandy,5000,62,32,68,27.3,0.216,0.784,0.7096666666666667,0.28618886976640834,1.0,1.0,0.5,0.8200000000000001,1,0.6888233275965892,"strong budget match, strong crowd match, strong seasonality match"
U025,D091,Madulsima Mini World's End,nature;adventure,badulla,5000,65,30,58,25.3,0.596,0.404,0.7120000000000001,0.28351836177826417,1.0,1.0,0.5,0.8200000000000001,1,0.6882555085334794,"strong budget match, strong crowd match, strong seasonality match"
U025,D093,Riverston,nature;adventure,matale,6000,57,34,58,24.8,0.299,0.701,0.731,0.3672956817042974,0.8333333333333334,1.0,0.5,0.8200000000000001,1,0.681955371177956,"strong crowd match, strong seasonality match, strong budget match"
U025,D062,Adam's Peak,religious;nature,ratnapura,5000,62,28,65,27.5,0.372,0.628,0.8009999999999998,0.17896200727879286,1.0,1.0,0.5,0.8200000000000001,1,0.6657886021836379,"strong budget match, strong crowd match, strong seasonality match"
U025,D036,Dunhinda Falls,nature,badulla,3000,57,40,52,24.9,0.476,0.524,0.9103333333333333,0.1360437080865307,1.0,1.0,0.5,0.8200000000000001,1,0.6638464457592925,"strong budget match, strong crowd match, strong seasonality match"
U025,D097,Haputale,nature;city,badulla,4000,61,28,52,25.1,0.164,0.836,0.874,0.11936458647729188,1.0,1.0,0.5,0.8200000000000001,1,0.6552093759431876,"strong budget match, strong crowd match, strong seasonality match"
U026,D053,Dutch Hospital Colombo,heritage;city,colombo,5000,60,30,63,24.3,0.327,0.673,0.7623333333333333,0.233985393422798,1.0,0.0,0.6972,0.86,1,0.5521489513601727,"strong budget match, strong seasonality match, strong sustainability match"
U026,D079,Mirissa Beach,beach,matara,6000,56,36,63,24.2,0.301,0.699,0.7326666666666668,0.19069603152829154,1.0,0.0,0.7116,0.86,1,0.5376354761251542,"strong budget match, strong seasonality match, strong sustainability match"
U026,D054,Mount Lavinia Beach,beach,colombo,5000,59,37,62,25.7,0.332,0.668,0.8253333333333334,0.1730539782916742,1.0,0.0,0.6392000000000001,0.86,1,0.5343695268208357,"strong budget match, strong seasonality match, strong sustainability match"
U026,D055,Negombo Beach,beach,gampaha,5000,57,32,52,25.6,0.253,0.747,0.7306666666666667,0.18210977603745512,1.0,0.0,0.6748,0.86,1,0.5311795994779032,"strong budget match, strong seasonality match, strong sustainability match"
U026,D020,Nuwara Eliya City,city;nature,nuwara eliya,5000,67,34,57,26.2,0.466,0.534,0.85,0.1682611216423553,1.0,0.0,0.5656,0.86,1,0.5280383364927066,"strong budget match, strong seasonality match, strong sustainability match"
U026,D100,Pekoe Trail - Tea Country Section,nature;adventure;culture,nuwara eliya,7000,59,39,62,27.1,0.034,0.966,0.7496666666666667,0.1409885735835077,1.0,0.0,0.7024,0.86,1,0.523503238741719,"strong budget match, strong seasonality match, strong sustainability match"
U026,D010,Jaffna Fort,heritage,jaffna,3000,54,30,63,27.2,0.058,0.942,0.8450000000000001,0.09620794376551656,1.0,0.0,0.6888,0.86,1,0.518242383129655,"strong budget match, strong seasonality match, strong sustainability match"
U026,D069,Kalutara Bodhiya,religious;heritage,kalutara,3000,55,43,63,26.5,0.156,0.844,0.8156666666666667,0.08028143251904742,1.0,0.0,0.6776,0.86,1,0.5094110964223809,"strong budget match, strong seasonality match, strong sustainability match"
U026,D068,Ratnapura Gem Museum Area,culture;heritage,ratnapura,4000,56,23,62,29.8,0.086,0.914,0.7083333333333334,0.14279244339038652,1.0,0.0,0.5735999999999999,0.86,1,0.5070310663504493,"strong budget match, strong seasonality match, strong sustainability match"
U026,D046,Koneswaram Temple,heritage;religious,trincomalee,3000,62,40,53,28.5,0.229,0.771,0.856,0.0903652724881859,1.0,0.0,0.5684,0.86,1,0.5055495817464558,"strong budget match, strong seasonality match, strong sustainability match"
U027,D036,Dunhinda Falls,nature,badulla,3000,57,40,52,24.9,0.476,0.524,0.9103333333333333,0.3842861825103332,1.0,0.0,0.6856,0.9,1,0.6148791880864333,"strong budget match, strong seasonality match, strong sentiment match"
U027,D098,Ohiya,nature;adventure,badulla,5000,63,38,66,27.9,0.175,0.825,0.6976666666666667,0.36782714441502135,1.0,0.0,0.926,0.9,1,0.6127148099911731,"strong budget match, strong seasonality match, strong weather match"
U027,D017,Udawattakele Forest Reserve,nature,kandy,3000,72,24,67,26.1,0.296,0.704,0.8613333333333334,0.30662945501026007,1.0,0.0,0.8056000000000001,0.9,1,0.5986821698364115,"strong budget match, strong seasonality match, strong sustainability match"
U027,D099,Baker's Falls,nature,nuwara eliya,3000,64,34,58,30.5,0.544,0.456,0.8073333333333332,0.36261962889147814,1.0,0.0,0.6823999999999999,0.9,1,0.5977592220007768,"strong budget match, strong seasonality match, strong sustainability match"
U027,D035,Diyaluma Falls,nature;adventure,badulla,5000,67,26,62,25.3,0.167,0.833,0.7606666666666667,0.3276340313439955,1.0,0.0,0.8251999999999999,0.9,1,0.5968768760698653,"strong budget match, strong seasonality match, strong sustainability match"
U027,D067,Bambarakanda Falls,nature,badulla,3000,62,28,53,25.0,0.643,0.357,0.7786666666666667,0.3842861825103332,1.0,0.0,0.6228,0.9,1,0.5954325214197667,"strong budget match, strong seasonality match, strong sustainability match"
U027,D078,Rumassala Sanctuary,nature;wildlife,galle,4000,72,37,58,27.1,0.504,0.496,0.7896666666666667,0.30657681499041367,1.0,0.0,0.7624,0.9,1,0.5871797111637909,"strong budget match, strong seasonality match, strong sustainability match"
U027,D026,Lover's Leap Waterfall,nature,nuwara eliya,3000,60,26,63,27.1,0.543,0.457,0.7789999999999999,0.3040785556258403,1.0,0.0,0.7468000000000001,0.9,1,0.5838035666877521,"strong budget match, strong seasonality match, strong sustainability match"
U027,D073,Kanneliya Forest Reserve,nature;wildlife,galle,7000,62,38,63,24.6,0.353,0.647,0.7873333333333333,0.2867270275272479,1.0,0.0,0.7228000000000001,0.9,1,0.5770314415915078,"strong budget match, strong seasonality match, strong sustainability match"
U027,D092,Meemure,nature;village;adventure,kandy,8000,63,21,52,29.4,0.503,0.497,0.7273333333333335,0.29034177742064615,1.0,0.0,0.7428000000000001,0.9,1,0.5741158665595272,"strong budget match, strong seasonality match, strong sustainability match"
U028,D080,Weligama Bay,beach;adventure,matara,6000,53,25,47,29.9,0.049,0.951,0.7383333333333333,0.39636450208193896,1.0,0.0,0.951,0.94,1,0.6318426839579151,"strong budget match, strong seasonality match, strong weather match"
U028,D071,Bentota Beach,beach;adventure,galle,7000,58,33,49,25.4,0.36,0.64,0.661,0.49765663286376655,1.0,0.0,0.6399999999999999,0.94,1,0.6233969898591301,"strong budget match, strong seasonality match, strong sustainability match"
U028,D040,Arugam Bay,beach;adventure,ampara,8000,51,30,57,25.0,0.255,0.745,0.7043333333333334,0.3901871927240209,1.0,0.0,0.745,0.94,1,0.6059894911505397,"strong budget match, strong seasonality match, strong sustainability match"
U028,D041,Pasikuda Beach,beach,batticaloa,7000,58,35,51,27.2,0.249,0.751,0.7383333333333333,0.31337414347006204,1.0,0.0,0.7509999999999999,0.94,1,0.586945576374352,"strong budget match, strong seasonality match, strong sustainability match"
U028,D012,Casuarina Beach,beach,jaffna,4000,58,43,50,29.1,0.134,0.866,0.8140000000000001,0.24016921374416264,1.0,0.0,0.8659999999999999,0.94,1,0.5840507641232489,"strong budget match, strong seasonality match, strong sustainability match"
U028,D081,Polhena Beach,beach;marine,matara,5000,57,45,55,24.6,0.007,0.993,0.773,0.20728128437419835,1.0,0.0,0.9929999999999999,0.94,1,0.5827843853122596,"strong budget match, strong seasonality match, strong weather match"
U028,D055,Negombo Beach,beach,gampaha,5000,57,32,52,25.6,0.253,0.747,0.7306666666666667,0.30063078252612774,1.0,0.0,0.7469999999999999,0.94,1,0.581955901424505,"strong budget match, strong seasonality match, strong sustainability match"
U028,D088,Tangalle Beach,beach,hambantota,5000,55,37,61,28.8,0.061,0.939,0.6786666666666666,0.24160172369899172,1.0,0.0,0.939,0.94,1,0.5782471837763642,"strong budget match, strong seasonality match, strong sustainability match"
U028,D076,Jungle Beach,beach;nature,galle,5000,65,36,52,28.7,0.109,0.891,0.8246666666666668,0.19909229983808974,1.0,0.0,0.8909999999999999,0.94,1,0.5752943566180937,"strong budget match, strong seasonality match, strong sustainability match"
U028,D047,Marble Beach,beach,trincomalee,5000,52,33,61,28.9,0.259,0.741,0.7916666666666666,0.24532342958136644,1.0,0.0,0.7409999999999999,0.94,1,0.5708636955410766,"strong budget match, strong seasonality match, strong sustainability match"
U029,D048,Colombo National Museum,heritage;culture,colombo,3000,58,26,53,30.8,0.564,0.436,0.787,0.553558225158747,1.0,0.0,0.718,0.7,1,0.636567467547624,"strong budget match, strong seasonality match, strong sentiment match"
U029,D046,Koneswaram Temple,heritage;religious,trincomalee,3000,62,40,53,28.5,0.229,0.771,0.856,0.39248675136704736,1.0,0.0,0.8855,0.7,1,0.6118960254101142,"strong budget match, strong seasonality match, strong weather match"
U029,D050,Gangaramaya Temple,heritage;religious,colombo,3000,62,33,58,26.3,0.211,0.789,0.7559999999999999,0.3940555380412244,1.0,0.0,0.8945000000000001,0.7,1,0.6032666614123674,"strong budget match, strong seasonality match, strong weather match"
U029,D010,Jaffna Fort,heritage,jaffna,3000,54,30,63,27.2,0.058,0.942,0.8450000000000001,0.2038357298064935,1.0,0.0,0.971,0.7,1,0.5627507189419481,"strong budget match, strong seasonality match, strong weather match"
U029,D002,Dambulla Cave Temple,heritage,matale,5000,55,41,47,28.9,0.246,0.754,0.8336666666666667,0.20012118790365663,1.0,0.0,0.877,0.7,1,0.5511030230377637,"strong budget match, strong seasonality match, strong weather match"
U029,D095,Aluvihare Rock Temple,heritage;religious,matale,3000,53,32,50,28.5,0.205,0.795,0.851,0.17787152953438265,1.0,0.0,0.8975,0.7,1,0.5482114588603149,"strong budget match, strong seasonality match, strong weather match"
U029,D069,Kalutara Bodhiya,religious;heritage,kalutara,3000,55,43,63,26.5,0.156,0.844,0.8156666666666667,0.1700922371578235,1.0,0.0,0.9219999999999999,0.7,1,0.5447943378140138,"strong budget match, strong seasonality match, strong weather match"
U029,D087,Kirinda Temple,heritage;coastal,hambantota,3000,53,31,61,30.1,0.023,0.977,0.8046666666666668,0.12460147618124617,1.0,0.0,0.9884999999999999,0.7,1,0.5366971095210405,"strong budget match, strong seasonality match, strong weather match"
U029,D068,Ratnapura Gem Museum Area,culture;heritage,ratnapura,4000,56,23,62,29.8,0.086,0.914,0.7083333333333334,0.1636683450935432,1.0,0.0,0.9570000000000001,0.7,1,0.5356338368613963,"strong budget match, strong seasonality match, strong weather match"
U029,D006,Anuradhapura Sacred City,heritage;religious,anuradhapura,5000,61,29,52,27.2,0.355,0.645,0.8436666666666667,0.16331082045007056,1.0,0.0,0.8225,0.7,1,0.5356099128016878,"strong budget match, strong seasonality match, strong sentiment match"
U030,D096,Wasgamuwa National Park,wildlife;nature,matale,14000,65,30,57,26.5,0.396,0.604,0.7893333333333333,0.5445053871378529,1.0,1.0,0.5,0.74,1,0.7662849494746893,"strong budget match, strong crowd match, strong seasonality match"
U030,D058,Wilpattu Wildlife Area,wildlife;nature,puttalam,16000,68,30,53,27.9,0.43,0.57,0.7163333333333334,0.5682231265170958,1.0,1.0,0.5,0.74,1,0.7661002712884621,"strong budget match, strong crowd match, strong seasonality match"
U030,D085,Yala National Park,wildlife;nature,hambantota,16000,66,34,63,26.6,0.632,0.368,0.7666666666666666,0.5479424825595074,1.0,1.0,0.5,0.74,1,0.765049411434519,"strong budget match, strong crowd match, strong seasonality match"
U030,D009,Wilpattu National Park,wildlife;nature,puttalam,16000,63,28,68,27.6,0.173,0.827,0.7386666666666667,0.5472258339847684,1.0,1.0,0.5,0.74,1,0.7620344168620973,"strong budget match, strong crowd match, strong seasonality match"
U030,D064,Udawalawe National Park,wildlife;nature,ratnapura,15000,64,25,66,29.9,0.244,0.756,0.7563333333333334,0.5392512103455047,1.0,1.0,0.5,0.74,1,0.7614086964369848,"strong budget match, strong crowd match, strong seasonality match"
U030,D090,Lunugamvehera National Park,wildlife;nature,monaragala,12000,71,32,57,25.8,0.202,0.798,0.717,0.5460828554510279,1.0,1.0,0.5,0.74,1,0.7595248566353084,"strong budget match, strong crowd match, strong seasonality match"
U030,D086,Bundala National Park,wildlife;nature,hambantota,12000,66,29,57,27.8,0.235,0.765,0.7836666666666666,0.5202648515335626,1.0,1.0,0.5,0.74,1,0.7584461221267356,"strong budget match, strong crowd match, strong seasonality match"
U030,D038,Gal Oya National Park,wildlife;nature,ampara,15000,65,36,65,26.3,0.374,0.626,0.7426666666666666,0.48215168409431275,1.0,1.0,0.5,0.74,1,0.7429121718949606,"strong budget match, strong crowd match, strong seasonality match"
U030,D003,Minneriya National Park,wildlife;nature,polonnaruwa,15000,70,35,59,24.1,0.618,0.382,0.7719999999999999,0.39302413141114445,1.0,1.0,0.5,0.74,1,0.7191072394233433,"strong budget match, strong crowd match, strong seasonality match"
U030,D004,Kaudulla National Park,wildlife;nature,polonnaruwa,15000,64,33,66,28.4,0.634,0.366,0.6226666666666666,0.39302413141114445,1.0,1.0,0.5,0.74,1,0.7041739060900101,"strong budget match, strong crowd match, strong seasonality match"
U031,D097,Haputale,nature;city,badulla,4000,61,28,52,25.1,0.164,0.836,0.874,0.26351691387434684,1.0,0.0,0.7303999999999999,0.78,1,0.567495074162304,"strong budget match, strong seasonality match, strong sentiment match"
U031,D024,Hakgala Botanical Garden,nature,nuwara eliya,3500,62,31,57,25.1,0.054,0.946,0.7280000000000001,0.24681275073530068,1.0,0.0,0.7744,0.78,1,0.5522838252205903,"strong budget match, strong seasonality match, strong sustainability match"
U031,D021,Gregory Lake,nature,nuwara eliya,3000,61,39,53,24.2,0.417,0.583,0.7746666666666666,0.26306998044156166,1.0,0.0,0.6652,0.78,1,0.5509076607991352,"strong budget match, strong seasonality match, strong sustainability match"
U031,D070,Brief Garden,nature,kalutara,4000,59,37,67,26.8,0.056,0.944,0.6736666666666666,0.265840590622728,1.0,0.0,0.7055999999999999,0.78,1,0.5456788438534851,"strong budget match, strong seasonality match, strong sustainability match"
U031,D016,Royal Botanical Gardens Peradeniya,nature,kandy,3500,67,36,55,24.8,0.25,0.75,0.8213333333333334,0.2129330339038001,1.0,0.0,0.7080000000000001,0.78,1,0.5448132435044735,"strong budget match, strong seasonality match, strong sentiment match"
U031,D027,Ramboda Falls,nature,nuwara eliya,3000,65,30,58,26.9,0.607,0.393,0.8103333333333333,0.28840156739565453,1.0,0.0,0.4812,0.78,1,0.5436738035520297,"strong budget match, strong seasonality match, strong sentiment match"
U031,D032,Ravana Falls,nature,badulla,3000,65,33,59,30.1,0.104,0.896,0.6793333333333335,0.3063047518821777,1.0,0.0,0.5544,0.78,1,0.5432647588979866,"strong budget match, strong seasonality match, strong sustainability match"
U031,D083,Hummanaya Blow Hole,nature;coastal,matara,3000,58,34,67,25.9,0.173,0.827,0.8006666666666667,0.21895604000946164,1.0,0.0,0.6948,0.78,1,0.5432334786695052,"strong budget match, strong seasonality match, strong sentiment match"
U031,D028,Pidurutalagala View Area,nature,nuwara eliya,3000,60,37,68,26.8,0.399,0.601,0.8033333333333332,0.25282064014351197,1.0,0.0,0.5683999999999999,0.78,1,0.541019525376387,"strong budget match, strong seasonality match, strong sentiment match"
U031,D030,Little Adam's Peak,nature;adventure,badulla,3000,63,39,64,27.0,0.252,0.748,0.8153333333333332,0.22826114126793973,1.0,0.0,0.6192,0.78,1,0.5399316757137153,"strong budget match, strong seasonality match, strong sentiment match"
U032,D041,Pasikuda Beach,beach,batticaloa,7000,58,35,51,27.2,0.249,0.751,0.7383333333333333,0.5262042559657276,1.0,0.0,0.8684,0.8200000000000001,1,0.6505346101230517,"strong budget match, strong seasonality match, strong weather match"
U032,D012,Casuarina Beach,beach,jaffna,4000,58,43,50,29.1,0.134,0.866,0.8140000000000001,0.4593509037780721,1.0,0.0,0.9024,0.8200000000000001,1,0.6414452711334216,"strong budget match, strong seasonality match, strong weather match"
U032,D047,Marble Beach,beach,trincomalee,5000,52,33,61,28.9,0.259,0.741,0.7916666666666666,0.46920892706997025,1.0,0.0,0.8604,0.8200000000000001,1,0.6379693447876578,"strong budget match, strong seasonality match, strong weather match"
U032,D055,Negombo Beach,beach,gampaha,5000,57,32,52,25.6,0.253,0.747,0.7306666666666667,0.5048061575465251,1.0,0.0,0.8028,0.8200000000000001,1,0.6367885139306242,"strong budget match, strong seasonality match, strong sustainability match"
U032,D088,Tangalle Beach,beach,hambantota,5000,55,37,61,28.8,0.061,0.939,0.6786666666666666,0.4620907417954575,1.0,0.0,0.9436,0.8200000000000001,1,0.6328538892053039,"strong budget match, strong seasonality match, strong weather match"
U032,D043,Nilaveli Beach,beach,trincomalee,7000,57,31,48,25.4,0.608,0.392,0.7203333333333334,0.542159584382891,1.0,0.0,0.6527999999999999,0.8200000000000001,1,0.6319612086482007,"strong budget match, strong seasonality match, strong sustainability match"
U032,D054,Mount Lavinia Beach,beach,colombo,5000,59,37,62,25.7,0.332,0.668,0.8253333333333334,0.3909380909412777,1.0,0.0,0.7752,0.8200000000000001,1,0.6093347606157167,"strong budget match, strong seasonality match, strong sentiment match"
U032,D079,Mirissa Beach,beach,matara,6000,56,36,63,24.2,0.301,0.699,0.7326666666666668,0.4307924224087871,1.0,0.0,0.7276,0.8200000000000001,1,0.6072643933893029,"strong budget match, strong seasonality match, strong sustainability match"
U032,D071,Bentota Beach,beach;adventure,galle,7000,58,33,49,25.4,0.36,0.64,0.661,0.3626487794971008,1.0,0.0,0.7519999999999999,0.8200000000000001,1,0.5820946338491303,"strong budget match, strong seasonality match, strong sustainability match"
U032,D081,Polhena Beach,beach;marine,matara,5000,57,45,55,24.6,0.007,0.993,0.773,0.27771996980632074,1.0,0.0,0.8612000000000001,0.8200000000000001,1,0.5787359909418963,"strong budget match, strong seasonality match, strong weather match"
U033,D010,Jaffna Fort,heritage,jaffna,3000,54,30,63,27.2,0.058,0.942,0.8450000000000001,0.37739711966979167,1.0,0.0,0.9419999999999998,0.86,1,0.6279191359009376,"strong budget match, strong seasonality match, strong weather match"
U033,D037,Buduruwagala,heritage,monaragala,3000,62,31,48,27.3,0.274,0.726,0.7026666666666667,0.4354874030503327,1.0,0.0,0.726,0.86,1,0.6095128875817666,"strong budget match, strong seasonality match, strong sustainability match"
U033,D002,Dambulla Cave Temple,heritage,matale,5000,55,41,47,28.9,0.246,0.754,0.8336666666666667,0.37051973160659873,1.0,0.0,0.7539999999999999,0.86,1,0.6059225861486464,"strong budget match, strong seasonality match, strong sustainability match"
U033,D095,Aluvihare Rock Temple,heritage;religious,matale,3000,53,32,50,28.5,0.205,0.795,0.851,0.3293250058822505,1.0,0.0,0.7949999999999999,0.86,1,0.5993975017646753,"strong budget match, strong seasonality match, strong sustainability match"
U033,D008,Mihintale,heritage;religious,anuradhapura,3000,61,37,57,27.4,0.192,0.808,0.6243333333333333,0.37759106466012615,1.0,0.0,0.808,0.86,1,0.5925106527313712,"strong budget match, strong seasonality match, strong sustainability match"
U033,D045,Fort Frederick,heritage,trincomalee,3000,57,42,51,29.9,0.48,0.52,0.7506666666666666,0.39019765826081854,1.0,0.0,0.52,0.86,1,0.5801259641449124,"strong budget match, strong seasonality match, strong sustainability match"
U033,D074,Galle Fort,heritage;coastal,galle,5000,55,34,49,29.6,0.379,0.621,0.7103333333333334,0.36332936126888227,1.0,0.0,0.621,0.86,1,0.578132141713998,"strong budget match, strong seasonality match, strong sustainability match"
U033,D006,Anuradhapura Sacred City,heritage;religious,anuradhapura,5000,61,29,52,27.2,0.355,0.645,0.8436666666666667,0.3023661911838369,1.0,0.0,0.645,0.86,1,0.5755765240218178,"strong budget match, strong seasonality match, strong sustainability match"
U033,D042,Batticaloa Fort,heritage,batticaloa,3000,57,39,49,27.5,0.582,0.418,0.7806666666666665,0.3614197495959447,1.0,0.0,0.41800000000000004,0.86,1,0.5642925915454501,"strong budget match, strong seasonality match, strong sustainability match"
U033,D005,Polonnaruwa Ancient City,heritage,polonnaruwa,5000,58,32,62,27.1,0.533,0.467,0.7933333333333333,0.338528430614803,1.0,0.0,0.46699999999999997,0.86,1,0.5635918625177743,"strong budget match, strong seasonality match, strong sustainability match"
U034,D073,Kanneliya Forest Reserve,nature;wildlife,galle,7000,62,38,63,24.6,0.353,0.647,0.7873333333333333,0.3528771046134611,1.0,0.0,0.8235,0.9,1,0.6069464647173717,"strong budget match, strong seasonality match, strong sustainability match"
U034,D057,Kalpitiya Lagoon,marine;nature,puttalam,7000,72,39,61,29.7,0.004,0.996,0.7326666666666667,0.28862389780551395,1.0,0.0,0.998,0.9,1,0.5996538360083209,"strong budget match, strong seasonality match, strong weather match"
U034,D022,Horton Plains National Park,nature;wildlife,nuwara eliya,7000,65,27,64,26.4,0.371,0.629,0.7826666666666666,0.3198015249787022,1.0,0.0,0.8145,0.9,1,0.5956571241602774,"strong budget match, strong seasonality match, strong sustainability match"
U034,D003,Minneriya National Park,wildlife;nature,polonnaruwa,15000,70,35,59,24.1,0.618,0.382,0.7719999999999999,0.3774316006628181,0.9333333333333333,0.0,0.6910000000000001,0.9,1,0.5861961468655121,"strong seasonality match, strong budget match, strong sustainability match"
U034,D089,Kalametiya Bird Sanctuary,wildlife;nature,hambantota,5000,69,36,53,26.4,0.543,0.457,0.7306666666666666,0.33424855025458483,1.0,0.0,0.7285,0.9,1,0.5861912317430421,"strong budget match, strong seasonality match, strong sustainability match"
U034,D004,Kaudulla National Park,wildlife;nature,polonnaruwa,15000,64,33,66,28.4,0.634,0.366,0.6226666666666666,0.3774316006628181,0.9333333333333333,0.0,0.683,0.9,1,0.5704628135321789,"strong seasonality match, strong budget match, strong sustainability match"
U034,D086,Bundala National Park,wildlife;nature,hambantota,12000,66,29,57,27.8,0.235,0.765,0.7836666666666666,0.1745425911967422,1.0,0.0,0.8825000000000001,0.9,1,0.5589794440256893,"strong budget match, strong seasonality match, strong sustainability match"
U034,D090,Lunugamvehera National Park,wildlife;nature,monaragala,12000,71,32,57,25.8,0.202,0.798,0.717,0.18320422053802654,1.0,0.0,0.899,0.9,1,0.556561266161408,"strong budget match, strong seasonality match, strong sustainability match"
U034,D096,Wasgamuwa National Park,wildlife;nature,matale,14000,65,30,57,26.5,0.396,0.604,0.7893333333333333,0.18267499891926697,1.0,0.0,0.802,0.9,1,0.5539358330091134,"strong budget match, strong seasonality match, strong sustainability match"
U034,D084,Rekawa Turtle Beach,beach;wildlife,hambantota,5000,66,35,60,25.6,0.455,0.545,0.8853333333333332,0.1536162791628374,1.0,0.0,0.7725,0.9,1,0.5518682170821846,"strong budget match, strong seasonality match, strong sustainability match"
U035,D029,Ella Rock,nature;adventure,badulla,5000,61,29,59,29.2,0.607,0.393,0.891,0.3363523065828826,1.0,1.0,0.5,0.94,1,0.7340056919748648,"strong budget match, strong crowd match, strong seasonality match"
U035,D098,Ohiya,nature;adventure,badulla,5000,63,38,66,27.9,0.175,0.825,0.6976666666666667,0.38254734610548724,1.0,1.0,0.5,0.94,1,0.7285308704983129,"strong budget match, strong crowd match, strong seasonality match"
U035,D093,Riverston,nature;adventure,matale,6000,57,34,58,24.8,0.299,0.701,0.731,0.3672956817042974,1.0,1.0,0.5,0.94,1,0.7272887045112892,"strong budget match, strong crowd match, strong seasonality match"
U035,D035,Diyaluma Falls,nature;adventure,badulla,5000,67,26,62,25.3,0.167,0.833,0.7606666666666667,0.34074573094331156,1.0,1.0,0.5,0.94,1,0.7222903859496601,"strong budget match, strong crowd match, strong seasonality match"
U035,D023,World's End,nature;adventure,nuwara eliya,7000,63,30,58,28.9,0.539,0.461,0.8140000000000001,0.3181293446732856,1.0,1.0,0.5,0.94,1,0.7208388034019858,"strong budget match, strong crowd match, strong seasonality match"
U035,D030,Little Adam's Peak,nature;adventure,badulla,3000,63,39,64,27.0,0.252,0.748,0.8153333333333332,0.30375029798291425,1.0,1.0,0.5,0.94,1,0.7166584227282077,"strong budget match, strong crowd match, strong seasonality match"
U035,D060,Kitulgala,adventure;nature,kegalle,9000,57,25,58,27.4,0.521,0.479,0.7913333333333332,0.29185333491936927,1.0,1.0,0.5,0.94,1,0.7106893338091442,"strong budget match, strong crowd match, strong seasonality match"
U035,D092,Meemure,nature;village;adventure,kandy,8000,63,21,52,29.4,0.503,0.497,0.7273333333333335,0.3019610654141881,1.0,1.0,0.5,0.94,1,0.7073216529575899,"strong budget match, strong crowd match, strong seasonality match"
U035,D018,Knuckles Mountain Range,nature;adventure,matale,10000,63,40,62,29.3,0.476,0.524,0.7553333333333333,0.28859941508788234,1.0,1.0,0.5,0.94,1,0.7061131578596981,"strong budget match, strong crowd match, strong seasonality match"
U035,D019,Hanthana Mountain Range,nature;adventure,kandy,5000,62,32,68,27.3,0.216,0.784,0.7096666666666667,0.28618886976640834,1.0,1.0,0.5,0.94,1,0.7008233275965892,"strong budget match, strong crowd match, strong seasonality match"
U036,D055,Negombo Beach,beach,gampaha,5000,57,32,52,25.6,0.253,0.747,0.7306666666666667,0.25148336053642983,1.0,0.0,0.6748,0.7,1,0.5359916748275957,"strong budget match, strong seasonality match, good sentiment match"
U036,D053,Dutch Hospital Colombo,heritage;city,colombo,5000,60,30,63,24.3,0.327,0.673,0.7623333333333333,0.19490127060746,1.0,0.0,0.6972,0.7,1,0.5244237145155713,"strong budget match, strong seasonality match, strong sentiment match"
U036,D025,Ambewela Farm,nature;family,nuwara eliya,4000,58,27,61,28.7,0.015,0.985,0.7323333333333334,0.20054169967764005,1.0,0.0,0.646,0.7,1,0.5179958432366254,"strong budget match, strong seasonality match, good sentiment match"
U036,D079,Mirissa Beach,beach,matara,6000,56,36,63,24.2,0.301,0.699,0.7326666666666668,0.15884281621590735,1.0,0.0,0.7116,0.7,1,0.5120795115314389,"strong budget match, strong seasonality match, good sentiment match"
U036,D054,Mount Lavinia Beach,beach,colombo,5000,59,37,62,25.7,0.332,0.668,0.8253333333333334,0.14414763143688109,1.0,0.0,0.6392000000000001,0.7,1,0.5096976227643977,"strong budget match, strong seasonality match, strong sentiment match"
U036,D059,Pinnawala Elephant Orphanage,wildlife;family,kegalle,8000,62,37,50,27.6,0.216,0.784,0.7306666666666667,0.17250007711625395,1.0,0.0,0.6096,0.7,1,0.5057766898015429,"strong budget match, strong seasonality match, good sentiment match"
U036,D094,Sembuwatta Lake,nature,matale,5000,64,37,56,25.1,0.172,0.828,0.7833333333333333,0.11166357580149924,1.0,0.0,0.7272,0.7,1,0.5045524060737832,"strong budget match, strong seasonality match, strong sentiment match"
U036,D020,Nuwara Eliya City,city;nature,nuwara eliya,5000,67,34,57,26.2,0.466,0.534,0.85,0.14015535723067138,1.0,0.0,0.5656,0.7,1,0.5036066071692014,"strong budget match, strong seasonality match, strong sentiment match"
U036,D016,Royal Botanical Gardens Peradeniya,nature,kandy,3500,67,36,55,24.8,0.25,0.75,0.8213333333333334,0.09609287443416895,1.0,0.0,0.7080000000000001,0.7,1,0.5017611956635841,"strong budget match, strong seasonality match, strong sentiment match"
U036,D100,Pekoe Trail - Tea Country Section,nature;adventure;culture,nuwara eliya,7000,59,39,62,27.1,0.034,0.966,0.7496666666666667,0.11743832266874168,1.0,0.0,0.7024,0.7,1,0.5004381634672892,"strong budget match, strong seasonality match, good sentiment match"
U037,D036,Dunhinda Falls,nature,badulla,3000,57,40,52,24.9,0.476,0.524,0.9103333333333333,0.3842861825103332,1.0,0.0,0.6856,0.74,1,0.5988791880864333,"strong budget match, strong seasonality match, strong sentiment match"
U037,D098,Ohiya,nature;adventure,badulla,5000,63,38,66,27.9,0.175,0.825,0.6976666666666667,0.36782714441502135,1.0,0.0,0.926,0.74,1,0.5967148099911731,"strong budget match, strong seasonality match, strong weather match"
U037,D017,Udawattakele Forest Reserve,nature,kandy,3000,72,24,67,26.1,0.296,0.704,0.8613333333333334,0.30662945501026007,1.0,0.0,0.8056000000000001,0.74,1,0.5826821698364114,"strong budget match, strong seasonality match, strong sentiment match"
U037,D099,Baker's Falls,nature,nuwara eliya,3000,64,34,58,30.5,0.544,0.456,0.8073333333333332,0.36261962889147814,1.0,0.0,0.6823999999999999,0.74,1,0.5817592220007768,"strong budget match, strong seasonality match, strong sentiment match"
U037,D035,Diyaluma Falls,nature;adventure,badulla,5000,67,26,62,25.3,0.167,0.833,0.7606666666666667,0.3276340313439955,1.0,0.0,0.8251999999999999,0.74,1,0.5808768760698653,"strong budget match, strong seasonality match, strong weather match"
U037,D067,Bambarakanda Falls,nature,badulla,3000,62,28,53,25.0,0.643,0.357,0.7786666666666667,0.3842861825103332,1.0,0.0,0.6228,0.74,1,0.5794325214197666,"strong budget match, strong seasonality match, strong sentiment match"
U037,D078,Rumassala Sanctuary,nature;wildlife,galle,4000,72,37,58,27.1,0.504,0.496,0.7896666666666667,0.30657681499041367,1.0,0.0,0.7624,0.74,1,0.5711797111637908,"strong budget match, strong seasonality match, strong sentiment match"
U037,D026,Lover's Leap Waterfall,nature,nuwara eliya,3000,60,26,63,27.1,0.543,0.457,0.7789999999999999,0.3040785556258403,1.0,0.0,0.7468000000000001,0.74,1,0.5678035666877521,"strong budget match, strong seasonality match, strong sentiment match"
U037,D007,Ritigala Monastery,heritage;nature,anuradhapura,5000,60,29,53,25.4,0.564,0.436,0.7343333333333334,0.2913314487996096,1.0,0.0,0.6703999999999999,0.74,1,0.5518727679732162,"strong budget match, strong seasonality match, good sustainability match"
U037,D097,Haputale,nature;city,badulla,4000,61,28,52,25.1,0.164,0.836,0.874,0.16704158124238513,1.0,0.0,0.8184,0.74,1,0.5433524743727156,"strong budget match, strong seasonality match, strong sentiment match"
U038,D080,Weligama Bay,beach;adventure,matara,6000,53,25,47,29.9,0.049,0.951,0.7383333333333333,0.4502204792875243,1.0,0.0,0.951,0.78,1,0.6319994771195907,"strong budget match, strong seasonality match, strong weather match"
U038,D040,Arugam Bay,beach;adventure,ampara,8000,51,30,57,25.0,0.255,0.745,0.7043333333333334,0.44320382879228337,1.0,0.0,0.745,0.78,1,0.6058944819710184,"strong budget match, strong seasonality match, strong sustainability match"
U038,D071,Bentota Beach,beach;adventure,galle,7000,58,33,49,25.4,0.36,0.64,0.661,0.4729441711272666,1.0,0.0,0.6399999999999999,0.78,1,0.5999832513381801,"strong budget match, strong seasonality match, strong sustainability match"
U038,D012,Casuarina Beach,beach,jaffna,4000,58,43,50,29.1,0.134,0.866,0.8140000000000001,0.2728021756591402,1.0,0.0,0.8659999999999999,0.78,1,0.5778406526977421,"strong budget match, strong seasonality match, strong weather match"
U038,D081,Polhena Beach,beach;marine,matara,5000,57,45,55,24.6,0.007,0.993,0.773,0.23544560299447054,1.0,0.0,0.9929999999999999,0.78,1,0.5752336808983411,"strong budget match, strong seasonality match, strong weather match"
U038,D088,Tangalle Beach,beach,hambantota,5000,55,37,61,28.8,0.061,0.939,0.6786666666666666,0.2744293277251291,1.0,0.0,0.939,0.78,1,0.5720954649842054,"strong budget match, strong seasonality match, strong weather match"
U038,D076,Jungle Beach,beach;nature,galle,5000,65,36,52,28.7,0.109,0.891,0.8246666666666668,0.2261439412075056,1.0,0.0,0.8909999999999999,0.78,1,0.5674098490289183,"strong budget match, strong seasonality match, strong weather match"
U038,D047,Marble Beach,beach,trincomalee,5000,52,33,61,28.9,0.259,0.741,0.7916666666666666,0.27865671992934715,1.0,0.0,0.7409999999999999,0.78,1,0.5648636826454708,"strong budget match, strong seasonality match, strong sentiment match"
U038,D041,Pasikuda Beach,beach,batticaloa,7000,58,35,51,27.2,0.249,0.751,0.7383333333333333,0.2546787018636456,1.0,0.0,0.7509999999999999,0.78,1,0.553336943892427,"strong budget match, strong seasonality match, strong sustainability match"
U038,D055,Negombo Beach,beach,gampaha,5000,57,32,52,25.6,0.253,0.747,0.7306666666666667,0.24432219131480662,1.0,0.0,0.7469999999999999,0.78,1,0.5490633240611087,"strong budget match, strong seasonality match, strong sustainability match"
U039,D048,Colombo National Museum,heritage;culture,colombo,3000,58,26,53,30.8,0.564,0.436,0.787,0.553558225158747,1.0,0.0,0.718,0.8200000000000001,1,0.6485674675476241,"strong budget match, strong seasonality match, strong sustainability match"
U039,D046,Koneswaram Temple,heritage;religious,trincomalee,3000,62,40,53,28.5,0.229,0.771,0.856,0.39248675136704736,1.0,0.0,0.8855,0.8200000000000001,1,0.6238960254101142,"strong budget match, strong seasonality match, strong weather match"
U039,D050,Gangaramaya Temple,heritage;religious,colombo,3000,62,33,58,26.3,0.211,0.789,0.7559999999999999,0.3940555380412244,1.0,0.0,0.8945000000000001,0.8200000000000001,1,0.6152666614123674,"strong budget match, strong seasonality match, strong weather match"
U039,D010,Jaffna Fort,heritage,jaffna,3000,54,30,63,27.2,0.058,0.942,0.8450000000000001,0.2038357298064935,1.0,0.0,0.971,0.8200000000000001,1,0.5747507189419481,"strong budget match, strong seasonality match, strong weather match"
U039,D002,Dambulla Cave Temple,heritage,matale,5000,55,41,47,28.9,0.246,0.754,0.8336666666666667,0.20012118790365663,1.0,0.0,0.877,0.8200000000000001,1,0.5631030230377637,"strong budget match, strong seasonality match, strong weather match"
U039,D095,Aluvihare Rock Temple,heritage;religious,matale,3000,53,32,50,28.5,0.205,0.795,0.851,0.17787152953438265,1.0,0.0,0.8975,0.8200000000000001,1,0.5602114588603149,"strong budget match, strong seasonality match, strong weather match"
U039,D069,Kalutara Bodhiya,religious;heritage,kalutara,3000,55,43,63,26.5,0.156,0.844,0.8156666666666667,0.1700922371578235,1.0,0.0,0.9219999999999999,0.8200000000000001,1,0.5567943378140138,"strong budget match, strong seasonality match, strong weather match"
U039,D087,Kirinda Temple,heritage;coastal,hambantota,3000,53,31,61,30.1,0.023,0.977,0.8046666666666668,0.12460147618124617,1.0,0.0,0.9884999999999999,0.8200000000000001,1,0.5486971095210406,"strong budget match, strong seasonality match, strong weather match"
U039,D068,Ratnapura Gem Museum Area,culture;heritage,ratnapura,4000,56,23,62,29.8,0.086,0.914,0.7083333333333334,0.1636683450935432,1.0,0.0,0.9570000000000001,0.8200000000000001,1,0.5476338368613963,"strong budget match, strong seasonality match, strong weather match"
U039,D006,Anuradhapura Sacred City,heritage;religious,anuradhapura,5000,61,29,52,27.2,0.355,0.645,0.8436666666666667,0.16331082045007056,1.0,0.0,0.8225,0.8200000000000001,1,0.5476099128016878,"strong budget match, strong seasonality match, strong sentiment match"
U040,D064,Udawalawe National Park,wildlife;nature,ratnapura,15000,64,25,66,29.9,0.244,0.756,0.7563333333333334,0.5511726264327161,0.9333333333333333,1.0,0.5,0.86,1,0.7636517879298149,"strong crowd match, strong seasonality match, strong budget match"
U040,D096,Wasgamuwa National Park,wildlife;nature,matale,14000,65,30,57,26.5,0.396,0.604,0.7893333333333333,0.44141716375700146,1.0,1.0,0.5,0.86,1,0.7473584824604338,"strong budget match, strong crowd match, strong seasonality match"
U040,D086,Bundala National Park,wildlife;nature,hambantota,12000,66,29,57,27.8,0.235,0.765,0.7836666666666666,0.42176595602397765,1.0,1.0,0.5,0.86,1,0.74089645347386,"strong budget match, strong crowd match, strong seasonality match"
U040,D090,Lunugamvehera National Park,wildlife;nature,monaragala,12000,71,32,57,25.8,0.202,0.798,0.717,0.4426959786322378,1.0,1.0,0.5,0.86,1,0.7405087935896714,"strong budget match, strong crowd match, strong seasonality match"
U040,D085,Yala National Park,wildlife;nature,hambantota,16000,66,34,63,26.6,0.632,0.368,0.7666666666666666,0.44420353272308993,0.875,1.0,0.5,0.86,1,0.7209277264835937,"strong crowd match, strong seasonality match, strong budget match"
U040,D058,Wilpattu Wildlife Area,wildlife;nature,puttalam,16000,68,30,53,27.9,0.43,0.57,0.7163333333333334,0.4606445534115736,0.875,1.0,0.5,0.86,1,0.7208266993568054,"strong crowd match, strong seasonality match, strong budget match"
U040,D009,Wilpattu National Park,wildlife;nature,puttalam,16000,63,28,68,27.6,0.173,0.827,0.7386666666666667,0.4436225632988302,0.875,1.0,0.5,0.86,1,0.7179534356563158,"strong crowd match, strong seasonality match, strong budget match"
U040,D038,Gal Oya National Park,wildlife;nature,ampara,15000,65,36,65,26.3,0.374,0.626,0.7426666666666666,0.3908685458784835,0.9333333333333333,1.0,0.5,0.86,1,0.7141938970968785,"strong crowd match, strong seasonality match, strong budget match"
U040,D059,Pinnawala Elephant Orphanage,wildlife;family,kegalle,8000,62,37,50,27.6,0.216,0.784,0.7306666666666667,0.29702006060322705,1.0,1.0,0.5,0.86,1,0.6981726848476348,"strong budget match, strong crowd match, strong seasonality match"
U040,D003,Minneriya National Park,wildlife;nature,polonnaruwa,15000,70,35,59,24.1,0.618,0.382,0.7719999999999999,0.318615024706164,0.9333333333333333,1.0,0.5,0.86,1,0.6954511740785159,"strong crowd match, strong seasonality match, strong budget match"
U041,D097,Haputale,nature;city,badulla,4000,61,28,52,25.1,0.164,0.836,0.874,0.26351691387434684,1.0,0.0,0.7303999999999999,0.9,1,0.5794950741623041,"strong budget match, strong seasonality match, strong sustainability match"
U041,D093,Riverston,nature;adventure,matale,6000,57,34,58,24.8,0.299,0.701,0.731,0.27601398927129533,1.0,0.0,0.6884,0.9,1,0.5647441967813887,"strong budget match, strong seasonality match, strong sustainability match"
U041,D024,Hakgala Botanical Garden,nature,nuwara eliya,3500,62,31,57,25.1,0.054,0.946,0.7280000000000001,0.24681275073530068,1.0,0.0,0.7744,0.9,1,0.5642838252205903,"strong budget match, strong seasonality match, strong sustainability match"
U041,D021,Gregory Lake,nature,nuwara eliya,3000,61,39,53,24.2,0.417,0.583,0.7746666666666666,0.26306998044156166,1.0,0.0,0.6652,0.9,1,0.5629076607991352,"strong budget match, strong seasonality match, strong sustainability match"
U041,D070,Brief Garden,nature,kalutara,4000,59,37,67,26.8,0.056,0.944,0.6736666666666666,0.265840590622728,1.0,0.0,0.7055999999999999,0.9,1,0.5576788438534851,"strong budget match, strong seasonality match, strong sustainability match"
U041,D016,Royal Botanical Gardens Peradeniya,nature,kandy,3500,67,36,55,24.8,0.25,0.75,0.8213333333333334,0.2129330339038001,1.0,0.0,0.7080000000000001,0.9,1,0.5568132435044735,"strong budget match, strong seasonality match, strong sustainability match"
U041,D027,Ramboda Falls,nature,nuwara eliya,3000,65,30,58,26.9,0.607,0.393,0.8103333333333333,0.28840156739565453,1.0,0.0,0.4812,0.9,1,0.5556738035520297,"strong budget match, strong seasonality match, strong sustainability match"
U041,D032,Ravana Falls,nature,badulla,3000,65,33,59,30.1,0.104,0.896,0.6793333333333335,0.3063047518821777,1.0,0.0,0.5544,0.9,1,0.5552647588979867,"strong budget match, strong seasonality match, strong sustainability match"
U041,D083,Hummanaya Blow Hole,nature;coastal,matara,3000,58,34,67,25.9,0.173,0.827,0.8006666666666667,0.21895604000946164,1.0,0.0,0.6948,0.9,1,0.5552334786695052,"strong budget match, strong seasonality match, strong sustainability match"
U041,D028,Pidurutalagala View Area,nature,nuwara eliya,3000,60,37,68,26.8,0.399,0.601,0.8033333333333332,0.25282064014351197,1.0,0.0,0.5683999999999999,0.9,1,0.553019525376387,"strong budget match, strong seasonality match, strong sustainability match"
U042,D012,Casuarina Beach,beach,jaffna,4000,58,43,50,29.1,0.134,0.866,0.8140000000000001,0.5369910520528607,1.0,0.0,0.9024,0.94,1,0.6767373156158583,"strong budget match, strong seasonality match, strong sustainability match"
U042,D047,Marble Beach,beach,trincomalee,5000,52,33,61,28.9,0.259,0.741,0.7916666666666666,0.5485152925738623,1.0,0.0,0.8604,0.94,1,0.6737612544388254,"strong budget match, strong seasonality match, strong sustainability match"
U042,D088,Tangalle Beach,beach,hambantota,5000,55,37,61,28.8,0.061,0.939,0.6786666666666666,0.5401939814197333,1.0,0.0,0.9436,0.94,1,0.6682848610925867,"strong budget match, strong seasonality match, strong weather match"
U042,D041,Pasikuda Beach,beach,batticaloa,7000,58,35,51,27.2,0.249,0.751,0.7383333333333333,0.5013163246179331,1.0,0.0,0.8684,0.94,1,0.6550682307187132,"strong budget match, strong seasonality match, strong sustainability match"
U042,D055,Negombo Beach,beach,gampaha,5000,57,32,52,25.6,0.253,0.747,0.7306666666666667,0.48093029403815357,1.0,0.0,0.8028,0.94,1,0.6416257548781128,"strong budget match, strong seasonality match, strong sustainability match"
U042,D054,Mount Lavinia Beach,beach,colombo,5000,59,37,62,25.7,0.332,0.668,0.8253333333333334,0.4570150075148606,1.0,0.0,0.7752,0.94,1,0.6411578355877916,"strong budget match, strong seasonality match, strong sustainability match"
U042,D079,Mirissa Beach,beach,matara,6000,56,36,63,24.2,0.301,0.699,0.7326666666666668,0.5036055752215503,1.0,0.0,0.7276,0.94,1,0.6411083392331318,"strong budget match, strong seasonality match, strong sustainability match"
U042,D043,Nilaveli Beach,beach,trincomalee,7000,57,31,48,25.4,0.608,0.392,0.7203333333333334,0.5165170123917039,1.0,0.0,0.6527999999999999,0.94,1,0.6362684370508445,"strong budget match, strong seasonality match, strong sustainability match"
U042,D075,Unawatuna Beach,beach,galle,6000,58,44,54,29.4,0.624,0.376,0.8626666666666667,0.3510929385051914,1.0,0.0,0.6944000000000001,0.94,1,0.6050345482182242,"strong budget match, strong seasonality match, strong sustainability match"
U042,D081,Polhena Beach,beach;marine,matara,5000,57,45,55,24.6,0.007,0.993,0.773,0.3246605972379585,1.0,0.0,0.8612000000000001,0.94,1,0.6048181791713877,"strong budget match, strong seasonality match, strong sustainability match"
U043,D010,Jaffna Fort,heritage,jaffna,3000,54,30,63,27.2,0.058,0.942,0.8450000000000001,0.37739711966979167,1.0,0.0,0.9419999999999998,0.7,1,0.6119191359009376,"strong budget match, strong seasonality match, strong weather match"
U043,D037,Buduruwagala,heritage,monaragala,3000,62,31,48,27.3,0.274,0.726,0.7026666666666667,0.4354874030503327,1.0,0.0,0.726,0.7,1,0.5935128875817666,"strong budget match, strong seasonality match, good weather match"
U043,D002,Dambulla Cave Temple,heritage,matale,5000,55,41,47,28.9,0.246,0.754,0.8336666666666667,0.37051973160659873,1.0,0.0,0.7539999999999999,0.7,1,0.5899225861486463,"strong budget match, strong seasonality match, strong sentiment match"
U043,D095,Aluvihare Rock Temple,heritage;religious,matale,3000,53,32,50,28.5,0.205,0.795,0.851,0.3293250058822505,1.0,0.0,0.7949999999999999,0.7,1,0.5833975017646752,"strong budget match, strong seasonality match, strong sentiment match"
U043,D008,Mihintale,heritage;religious,anuradhapura,3000,61,37,57,27.4,0.192,0.808,0.6243333333333333,0.37759106466012615,1.0,0.0,0.808,0.7,1,0.5765106527313711,"strong budget match, strong seasonality match, strong weather match"
U043,D045,Fort Frederick,heritage,trincomalee,3000,57,42,51,29.9,0.48,0.52,0.7506666666666666,0.39019765826081854,1.0,0.0,0.52,0.7,1,0.5641259641449122,"strong budget match, strong seasonality match, strong sentiment match"
U043,D074,Galle Fort,heritage;coastal,galle,5000,55,34,49,29.6,0.379,0.621,0.7103333333333334,0.36332936126888227,1.0,0.0,0.621,0.7,1,0.562132141713998,"strong budget match, strong seasonality match, good sentiment match"
U043,D006,Anuradhapura Sacred City,heritage;religious,anuradhapura,5000,61,29,52,27.2,0.355,0.645,0.8436666666666667,0.3023661911838369,1.0,0.0,0.645,0.7,1,0.5595765240218178,"strong budget match, strong seasonality match, strong sentiment match"
U043,D042,Batticaloa Fort,heritage,batticaloa,3000,57,39,49,27.5,0.582,0.418,0.7806666666666665,0.3614197495959447,1.0,0.0,0.41800000000000004,0.7,1,0.5482925915454501,"strong budget match, strong seasonality match, strong sentiment match"
U043,D005,Polonnaruwa Ancient City,heritage,polonnaruwa,5000,58,32,62,27.1,0.533,0.467,0.7933333333333333,0.338528430614803,1.0,0.0,0.46699999999999997,0.7,1,0.5475918625177743,"strong budget match, strong seasonality match, strong sentiment match"
U044,D059,Pinnawala Elephant Orphanage,wildlife;family,kegalle,8000,62,37,50,27.6,0.216,0.784,0.7306666666666667,0.292463763499345,1.0,0.0,0.892,0.74,1,0.5740057957164701,"strong budget match, strong seasonality match, strong weather match"
U044,D073,Kanneliya Forest Reserve,nature;wildlife,galle,7000,62,38,63,24.6,0.353,0.647,0.7873333333333333,0.29464738622366937,1.0,0.0,0.8235,0.74,1,0.5734775492004341,"strong budget match, strong seasonality match, strong weather match"
U044,D057,Kalpitiya Lagoon,marine;nature,puttalam,7000,72,39,61,29.7,0.004,0.996,0.7326666666666667,0.2409968682531467,1.0,0.0,0.998,0.74,1,0.5693657271426107,"strong budget match, strong seasonality match, strong weather match"
U044,D022,Horton Plains National Park,nature;wildlife,nuwara eliya,7000,65,27,64,26.4,0.371,0.629,0.7826666666666666,0.267029745521562,1.0,0.0,0.8145,0.74,1,0.5638255903231353,"strong budget match, strong seasonality match, strong weather match"
U044,D025,Ambewela Farm,nature;family,nuwara eliya,4000,58,27,61,28.7,0.015,0.985,0.7323333333333334,0.21491091203857454,1.0,0.0,0.9924999999999999,0.74,1,0.5609566069449057,"strong budget match, strong seasonality match, strong weather match"
U044,D089,Kalametiya Bird Sanctuary,wildlife;nature,hambantota,5000,69,36,53,26.4,0.543,0.457,0.7306666666666666,0.2790928070820703,1.0,0.0,0.7285,0.74,1,0.5536445087912878,"strong budget match, strong seasonality match, good sustainability match"
U044,D065,Udawalawe Elephant Transit Home,wildlife,ratnapura,5000,65,31,57,26.5,0.236,0.764,0.7403333333333334,0.22438161417077085,1.0,0.0,0.882,0.74,1,0.5535478175845646,"strong budget match, strong seasonality match, strong weather match"
U044,D094,Sembuwatta Lake,nature,matale,5000,64,37,56,25.1,0.172,0.828,0.7833333333333333,0.1282822540899515,1.0,0.0,0.9139999999999999,0.74,1,0.5322180095603188,"strong budget match, strong seasonality match, strong weather match"
U044,D084,Rekawa Turtle Beach,beach;wildlife,hambantota,5000,66,35,60,25.6,0.455,0.545,0.8853333333333332,0.12826741816054038,1.0,0.0,0.7725,0.74,1,0.5282635587814954,"strong budget match, strong seasonality match, strong sentiment match"
U044,D016,Royal Botanical Gardens Peradeniya,nature,kandy,3500,67,36,55,24.8,0.25,0.75,0.8213333333333334,0.11039419475793251,1.0,0.0,0.875,0.74,1,0.5267515917607131,"strong budget match, strong seasonality match, strong weather match"
U045,D029,Ella Rock,nature;adventure,badulla,5000,61,29,59,29.2,0.607,0.393,0.891,0.3363523065828826,1.0,1.0,0.5,0.78,1,0.7180056919748647,"strong budget match, strong crowd match, strong seasonality match"
U045,D098,Ohiya,nature;adventure,badulla,5000,63,38,66,27.9,0.175,0.825,0.6976666666666667,0.38254734610548724,1.0,1.0,0.5,0.78,1,0.712530870498313,"strong budget match, strong crowd match, strong seasonality match"
U045,D093,Riverston,nature;adventure,matale,6000,57,34,58,24.8,0.299,0.701,0.731,0.3672956817042974,1.0,1.0,0.5,0.78,1,0.7112887045112892,"strong budget match, strong crowd match, strong seasonality match"
U045,D035,Diyaluma Falls,nature;adventure,badulla,5000,67,26,62,25.3,0.167,0.833,0.7606666666666667,0.34074573094331156,1.0,1.0,0.5,0.78,1,0.7062903859496603,"strong budget match, strong crowd match, strong seasonality match"
U045,D023,World's End,nature;adventure,nuwara eliya,7000,63,30,58,28.9,0.539,0.461,0.8140000000000001,0.3181293446732856,1.0,1.0,0.5,0.78,1,0.7048388034019858,"strong budget match, strong crowd match, strong seasonality match"
U045,D030,Little Adam's Peak,nature;adventure,badulla,3000,63,39,64,27.0,0.252,0.748,0.8153333333333332,0.30375029798291425,1.0,1.0,0.5,0.78,1,0.7006584227282077,"strong budget match, strong crowd match, strong seasonality match"
U045,D060,Kitulgala,adventure;nature,kegalle,9000,57,25,58,27.4,0.521,0.479,0.7913333333333332,0.29185333491936927,1.0,1.0,0.5,0.78,1,0.6946893338091442,"strong budget match, strong crowd match, strong seasonality match"
U045,D092,Meemure,nature;village;adventure,kandy,8000,63,21,52,29.4,0.503,0.497,0.7273333333333335,0.3019610654141881,1.0,1.0,0.5,0.78,1,0.6913216529575898,"strong budget match, strong crowd match, strong seasonality match"
U045,D018,Knuckles Mountain Range,nature;adventure,matale,10000,63,40,62,29.3,0.476,0.524,0.7553333333333333,0.28859941508788234,1.0,1.0,0.5,0.78,1,0.6901131578596981,"strong budget match, strong crowd match, strong seasonality match"
U045,D019,Hanthana Mountain Range,nature;adventure,kandy,5000,62,32,68,27.3,0.216,0.784,0.7096666666666667,0.28618886976640834,1.0,1.0,0.5,0.78,1,0.6848233275965891,"strong budget match, strong crowd match, strong seasonality match"
U046,D053,Dutch Hospital Colombo,heritage;city,colombo,5000,60,30,63,24.3,0.327,0.673,0.7623333333333333,0.233985393422798,1.0,0.0,0.6972,0.8200000000000001,1,0.5481489513601727,"strong budget match, strong seasonality match, strong sustainability match"
U046,D079,Mirissa Beach,beach,matara,6000,56,36,63,24.2,0.301,0.699,0.7326666666666668,0.19069603152829154,1.0,0.0,0.7116,0.8200000000000001,1,0.5336354761251542,"strong budget match, strong seasonality match, strong sustainability match"
U046,D054,Mount Lavinia Beach,beach,colombo,5000,59,37,62,25.7,0.332,0.668,0.8253333333333334,0.1730539782916742,1.0,0.0,0.6392000000000001,0.8200000000000001,1,0.5303695268208357,"strong budget match, strong seasonality match, strong sentiment match"
U046,D055,Negombo Beach,beach,gampaha,5000,57,32,52,25.6,0.253,0.747,0.7306666666666667,0.18210977603745512,1.0,0.0,0.6748,0.8200000000000001,1,0.5271795994779032,"strong budget match, strong seasonality match, strong sustainability match"
U046,D020,Nuwara Eliya City,city;nature,nuwara eliya,5000,67,34,57,26.2,0.466,0.534,0.85,0.1682611216423553,1.0,0.0,0.5656,0.8200000000000001,1,0.5240383364927066,"strong budget match, strong seasonality match, strong sentiment match"
U046,D100,Pekoe Trail - Tea Country Section,nature;adventure;culture,nuwara eliya,7000,59,39,62,27.1,0.034,0.966,0.7496666666666667,0.1409885735835077,1.0,0.0,0.7024,0.8200000000000001,1,0.519503238741719,"strong budget match, strong seasonality match, strong sustainability match"
U046,D010,Jaffna Fort,heritage,jaffna,3000,54,30,63,27.2,0.058,0.942,0.8450000000000001,0.09620794376551656,1.0,0.0,0.6888,0.8200000000000001,1,0.514242383129655,"strong budget match, strong seasonality match, strong sentiment match"
U046,D069,Kalutara Bodhiya,religious;heritage,kalutara,3000,55,43,63,26.5,0.156,0.844,0.8156666666666667,0.08028143251904742,1.0,0.0,0.6776,0.8200000000000001,1,0.5054110964223809,"strong budget match, strong seasonality match, strong sustainability match"
U046,D068,Ratnapura Gem Museum Area,culture;heritage,ratnapura,4000,56,23,62,29.8,0.086,0.914,0.7083333333333334,0.14279244339038652,1.0,0.0,0.5735999999999999,0.8200000000000001,1,0.5030310663504493,"strong budget match, strong seasonality match, strong sustainability match"
U046,D046,Koneswaram Temple,heritage;religious,trincomalee,3000,62,40,53,28.5,0.229,0.771,0.856,0.0903652724881859,1.0,0.0,0.5684,0.8200000000000001,1,0.5015495817464558,"strong budget match, strong seasonality match, strong sentiment match"
U047,D036,Dunhinda Falls,nature,badulla,3000,57,40,52,24.9,0.476,0.524,0.9103333333333333,0.3842861825103332,1.0,0.0,0.6856,0.86,1,0.6108791880864333,"strong budget match, strong seasonality match, strong sentiment match"
U047,D098,Ohiya,nature;adventure,badulla,5000,63,38,66,27.9,0.175,0.825,0.6976666666666667,0.36782714441502135,1.0,0.0,0.926,0.86,1,0.6087148099911731,"strong budget match, strong seasonality match, strong weather match"
U047,D017,Udawattakele Forest Reserve,nature,kandy,3000,72,24,67,26.1,0.296,0.704,0.8613333333333334,0.30662945501026007,1.0,0.0,0.8056000000000001,0.86,1,0.5946821698364115,"strong budget match, strong seasonality match, strong sentiment match"
U047,D099,Baker's Falls,nature,nuwara eliya,3000,64,34,58,30.5,0.544,0.456,0.8073333333333332,0.36261962889147814,1.0,0.0,0.6823999999999999,0.86,1,0.5937592220007768,"strong budget match, strong seasonality match, strong sustainability match"
U047,D035,Diyaluma Falls,nature;adventure,badulla,5000,67,26,62,25.3,0.167,0.833,0.7606666666666667,0.3276340313439955,1.0,0.0,0.8251999999999999,0.86,1,0.5928768760698653,"strong budget match, strong seasonality match, strong sustainability match"
U047,D067,Bambarakanda Falls,nature,badulla,3000,62,28,53,25.0,0.643,0.357,0.7786666666666667,0.3842861825103332,1.0,0.0,0.6228,0.86,1,0.5914325214197667,"strong budget match, strong seasonality match, strong sustainability match"
U047,D078,Rumassala Sanctuary,nature;wildlife,galle,4000,72,37,58,27.1,0.504,0.496,0.7896666666666667,0.30657681499041367,1.0,0.0,0.7624,0.86,1,0.5831797111637909,"strong budget match, strong seasonality match, strong sustainability match"
U047,D026,Lover's Leap Waterfall,nature,nuwara eliya,3000,60,26,63,27.1,0.543,0.457,0.7789999999999999,0.3040785556258403,1.0,0.0,0.7468000000000001,0.86,1,0.5798035666877521,"strong budget match, strong seasonality match, strong sustainability match"
U047,D073,Kanneliya Forest Reserve,nature;wildlife,galle,7000,62,38,63,24.6,0.353,0.647,0.7873333333333333,0.2867270275272479,1.0,0.0,0.7228000000000001,0.86,1,0.5730314415915078,"strong budget match, strong seasonality match, strong sustainability match"
U047,D092,Meemure,nature;village;adventure,kandy,8000,63,21,52,29.4,0.503,0.497,0.7273333333333335,0.29034177742064615,1.0,0.0,0.7428000000000001,0.86,1,0.5701158665595272,"strong budget match, strong seasonality match, strong sustainability match"
U048,D080,Weligama Bay,beach;adventure,matara,6000,53,25,47,29.9,0.049,0.951,0.7383333333333333,0.39636450208193896,1.0,0.0,0.951,0.9,1,0.6278426839579151,"strong budget match, strong seasonality match, strong weather match"
U048,D071,Bentota Beach,beach;adventure,galle,7000,58,33,49,25.4,0.36,0.64,0.661,0.49765663286376655,1.0,0.0,0.6399999999999999,0.9,1,0.61939698985913,"strong budget match, strong seasonality match, strong sustainability match"
U048,D040,Arugam Bay,beach;adventure,ampara,8000,51,30,57,25.0,0.255,0.745,0.7043333333333334,0.3901871927240209,1.0,0.0,0.745,0.9,1,0.6019894911505397,"strong budget match, strong seasonality match, strong sustainability match"
U048,D041,Pasikuda Beach,beach,batticaloa,7000,58,35,51,27.2,0.249,0.751,0.7383333333333333,0.31337414347006204,1.0,0.0,0.7509999999999999,0.9,1,0.582945576374352,"strong budget match, strong seasonality match, strong sustainability match"
U048,D012,Casuarina Beach,beach,jaffna,4000,58,43,50,29.1,0.134,0.866,0.8140000000000001,0.24016921374416264,1.0,0.0,0.8659999999999999,0.9,1,0.5800507641232489,"strong budget match, strong seasonality match, strong sustainability match"
U048,D081,Polhena Beach,beach;marine,matara,5000,57,45,55,24.6,0.007,0.993,0.773,0.20728128437419835,1.0,0.0,0.9929999999999999,0.9,1,0.5787843853122596,"strong budget match, strong seasonality match, strong weather match"
U048,D055,Negombo Beach,beach,gampaha,5000,57,32,52,25.6,0.253,0.747,0.7306666666666667,0.30063078252612774,1.0,0.0,0.7469999999999999,0.9,1,0.577955901424505,"strong budget match, strong seasonality match, strong sustainability match"
U048,D088,Tangalle Beach,beach,hambantota,5000,55,37,61,28.8,0.061,0.939,0.6786666666666666,0.24160172369899172,1.0,0.0,0.939,0.9,1,0.5742471837763642,"strong budget match, strong seasonality match, strong weather match"
U048,D076,Jungle Beach,beach;nature,galle,5000,65,36,52,28.7,0.109,0.891,0.8246666666666668,0.19909229983808974,1.0,0.0,0.8909999999999999,0.9,1,0.5712943566180937,"strong budget match, strong seasonality match, strong sustainability match"
U048,D047,Marble Beach,beach,trincomalee,5000,52,33,61,28.9,0.259,0.741,0.7916666666666666,0.24532342958136644,1.0,0.0,0.7409999999999999,0.9,1,0.5668636955410766,"strong budget match, strong seasonality match, strong sustainability match"
U049,D048,Colombo National Museum,heritage;culture,colombo,3000,58,26,53,30.8,0.564,0.436,0.787,0.553558225158747,1.0,0.0,0.718,0.94,1,0.6605674675476241,"strong budget match, strong seasonality match, strong sustainability match"
U049,D046,Koneswaram Temple,heritage;religious,trincomalee,3000,62,40,53,28.5,0.229,0.771,0.856,0.39248675136704736,1.0,0.0,0.8855,0.94,1,0.6358960254101143,"strong budget match, strong seasonality match, strong sustainability match"
U049,D050,Gangaramaya Temple,heritage;religious,colombo,3000,62,33,58,26.3,0.211,0.789,0.7559999999999999,0.3940555380412244,1.0,0.0,0.8945000000000001,0.94,1,0.6272666614123674,"strong budget match, strong seasonality match, strong sustainability match"
U049,D010,Jaffna Fort,heritage,jaffna,3000,54,30,63,27.2,0.058,0.942,0.8450000000000001,0.2038357298064935,1.0,0.0,0.971,0.94,1,0.5867507189419482,"strong budget match, strong seasonality match, strong weather match"
U049,D002,Dambulla Cave Temple,heritage,matale,5000,55,41,47,28.9,0.246,0.754,0.8336666666666667,0.20012118790365663,1.0,0.0,0.877,0.94,1,0.5751030230377636,"strong budget match, strong seasonality match, strong sustainability match"
U049,D095,Aluvihare Rock Temple,heritage;religious,matale,3000,53,32,50,28.5,0.205,0.795,0.851,0.17787152953438265,1.0,0.0,0.8975,0.94,1,0.5722114588603148,"strong budget match, strong seasonality match, strong sustainability match"
U049,D069,Kalutara Bodhiya,religious;heritage,kalutara,3000,55,43,63,26.5,0.156,0.844,0.8156666666666667,0.1700922371578235,1.0,0.0,0.9219999999999999,0.94,1,0.5687943378140137,"strong budget match, strong seasonality match, strong sustainability match"
U049,D087,Kirinda Temple,heritage;coastal,hambantota,3000,53,31,61,30.1,0.023,0.977,0.8046666666666668,0.12460147618124617,1.0,0.0,0.9884999999999999,0.94,1,0.5606971095210405,"strong budget match, strong seasonality match, strong weather match"
U049,D068,Ratnapura Gem Museum Area,culture;heritage,ratnapura,4000,56,23,62,29.8,0.086,0.914,0.7083333333333334,0.1636683450935432,1.0,0.0,0.9570000000000001,0.94,1,0.5596338368613963,"strong budget match, strong seasonality match, strong weather match"
U049,D006,Anuradhapura Sacred City,heritage;religious,anuradhapura,5000,61,29,52,27.2,0.355,0.645,0.8436666666666667,0.16331082045007056,1.0,0.0,0.8225,0.94,1,0.5596099128016878,"strong budget match, strong seasonality match, strong sustainability match"
U050,D089,Kalametiya Bird Sanctuary,wildlife;nature,hambantota,5000,69,36,53,26.4,0.543,0.457,0.7306666666666666,0.3480570940762351,1.0,1.0,0.5,0.7,1,0.6974837948895372,"strong budget match, strong crowd match, strong seasonality match"
U050,D090,Lunugamvehera National Park,wildlife;nature,monaragala,12000,71,32,57,25.8,0.202,0.798,0.717,0.5460828554510279,0.6666666666666666,1.0,0.5,0.7,1,0.6888581899686417,"strong crowd match, strong seasonality match, good sentiment match"
U050,D086,Bundala National Park,wildlife;nature,hambantota,12000,66,29,57,27.8,0.235,0.765,0.7836666666666666,0.5202648515335626,0.6666666666666666,1.0,0.5,0.7,1,0.6877794554600688,"strong crowd match, strong seasonality match, strong sentiment match"
U050,D096,Wasgamuwa National Park,wildlife;nature,matale,14000,65,30,57,26.5,0.396,0.604,0.7893333333333333,0.5445053871378529,0.5714285714285714,1.0,0.5,0.7,1,0.6765706637604035,"strong crowd match, strong seasonality match, strong sentiment match"
U050,D078,Rumassala Sanctuary,nature;wildlife,galle,4000,72,37,58,27.1,0.504,0.496,0.7896666666666667,0.24464116202748787,1.0,1.0,0.5,0.7,1,0.672359015274913,"strong budget match, strong crowd match, strong seasonality match"
U050,D073,Kanneliya Forest Reserve,nature;wildlife,galle,7000,62,38,63,24.6,0.353,0.647,0.7873333333333333,0.22880149368485936,1.0,1.0,0.5,0.7,1,0.6673737814387912,"strong budget match, strong crowd match, strong seasonality match"
U050,D064,Udawalawe National Park,wildlife;nature,ratnapura,15000,64,25,66,29.9,0.244,0.756,0.7563333333333334,0.5392512103455047,0.5333333333333333,1.0,0.5,0.7,1,0.6640753631036515,"strong crowd match, strong seasonality match, strong sentiment match"
U050,D058,Wilpattu Wildlife Area,wildlife;nature,puttalam,16000,68,30,53,27.9,0.43,0.57,0.7163333333333334,0.5682231265170958,0.5,1.0,0.5,0.7,1,0.6621002712884622,"strong crowd match, strong seasonality match, good sentiment match"
U050,D084,Rekawa Turtle Beach,beach;wildlife,hambantota,5000,66,35,60,25.6,0.455,0.545,0.8853333333333332,0.17840900793943124,1.0,1.0,0.5,0.7,1,0.6620560357151628,"strong budget match, strong crowd match, strong seasonality match"
U050,D085,Yala National Park,wildlife;nature,hambantota,16000,66,34,63,26.6,0.632,0.368,0.7666666666666666,0.5479424825595074,0.5,1.0,0.5,0.7,1,0.6610494114345189,"strong crowd match, strong seasonality match, strong sentiment match"
