user_id,destination_id,name,category,district,estimated_cost_lkr,duration_hours,sustainability_score,crowd_score,predicted_crowd_score,predicted_crowd_level,seasonality_score,sbert_hybrid_score,crowd_suitability,demand_aware_score,demand_aware_rank,demand_explanation
U001,D048,Colombo National Museum,heritage;culture,colombo,3000,2.5,58,26,29.084063504916152,Low,53,0.5383827656799716,0.8716760015488636,0.6383707364406391,1,Recommended based on semantic preference matching and predicted low crowd conditions.
U001,D051,Viharamahadevi Park,nature;city,colombo,2000,2.0,58,29,32.05984705342108,Low,56,0.6185891873603064,0.6063965965193558,0.6149314101080212,2,Recommended based on semantic preference matching and predicted low crowd conditions.
U001,D029,Ella Rock,nature;adventure,badulla,5000,6.0,61,29,30.7278406814978,Low,59,0.5303646733762915,0.7251397282289356,0.5887971898320846,3,Recommended based on semantic preference matching and predicted low crowd conditions.
U001,D054,Mount Lavinia Beach,beach,colombo,5000,3.0,59,37,31.827333453739904,Low,62,0.5289283115781223,0.6271242698797659,0.5583870990686153,4,Recommended based on semantic preference matching and predicted low crowd conditions.
U001,D053,Dutch Hospital Colombo,heritage;city,colombo,5000,2.5,60,30,33.808424859497215,Medium,63,0.5894352826153703,0.4505177590693912,0.5477600255515764,5,Recommended based on semantic preference matching and predicted moderate crowd conditions.
U001,D020,Nuwara Eliya City,city;nature,nuwara eliya,5000,3.0,67,34,33.08296827537101,Medium,57,0.5278260540037853,0.5151893616489631,0.5240350462973387,6,Recommended based on semantic preference matching and predicted moderate crowd conditions.
U001,D066,Bopath Ella,nature,ratnapura,3000,3.0,57,34,33.713491242495095,Medium,56,0.5418641868009508,0.45898071782466565,0.5169991461080653,7,Recommended based on semantic preference matching and predicted moderate crowd conditions.
U001,D098,Ohiya,nature;adventure,badulla,5000,4.0,63,38,35.161483212421984,Medium,66,0.557702535175693,0.32989792601250656,0.48936115242673706,8,Recommended based on semantic preference matching and predicted moderate crowd conditions.
U001,D070,Brief Garden,nature,kalutara,4000,2.5,59,37,35.6033150762281,Medium,67,0.5321820316093805,0.29051035227165023,0.45968052780806135,9,Recommended based on semantic preference matching and predicted moderate crowd conditions.
U001,D052,Independence Square,heritage;city,colombo,2000,2.0,60,38,36.89757229123533,Medium,49,0.5524633944738074,0.17513240950267328,0.43926409898246715,10,Recommended based on semantic preference matching and predicted moderate crowd conditions.
U002,D015,Kandy Lake,nature;city,kandy,2000,2.0,63,25,29.22337604016474,Low,53,0.6383768177552014,0.8592568366931181,0.7046408234365764,1,Recommended based on semantic preference matching and predicted low crowd conditions.
U002,D043,Nilaveli Beach,beach,trincomalee,7000,4.0,57,31,33.15998331491094,Medium,48,0.7200219007152375,0.5083237736334163,0.6565124625906912,2,Recommended based on semantic preference matching and predicted moderate crowd conditions.
U002,D054,Mount Lavinia Beach,beach,colombo,5000,3.0,59,37,31.827333453739904,Low,62,0.6468657274244989,0.6271242698797659,0.640943290161079,3,Recommended based on semantic preference matching and predicted low crowd conditions.
U002,D041,Pasikuda Beach,beach,batticaloa,7000,4.0,58,35,34.23727862951952,Medium,51,0.7037681048879054,0.41228713137023054,0.616323812832603,4,Recommended based on semantic preference matching and predicted moderate crowd conditions.
U002,D055,Negombo Beach,beach,gampaha,5000,3.0,57,32,32.97418191385391,Low,52,0.6355665861806099,0.5248872381202137,0.602362781762491,5,Recommended based on semantic preference matching and predicted low crowd conditions.
U002,D047,Marble Beach,beach,trincomalee,5000,3.0,52,33,33.817135756291385,Medium,61,0.6609471799828246,0.4497412168642325,0.597585391047247,6,Recommended based on semantic preference matching and predicted moderate crowd conditions.
U002,D040,Arugam Bay,beach;adventure,ampara,8000,5.0,51,30,32.649231271136856,Low,57,0.6160817818659243,0.5538553104812717,0.5974138404505285,7,Recommended based on semantic preference matching and predicted low crowd conditions.
U002,D079,Mirissa Beach,beach,matara,6000,4.0,56,36,34.95914087301587,Medium,63,0.6721155767340146,0.34793595012783607,0.574861688752161,8,Recommended based on semantic preference matching and predicted moderate crowd conditions.
U002,D088,Tangalle Beach,beach,hambantota,5000,4.0,55,37,35.59599026577287,Medium,61,0.6958736829535508,0.2911633303286376,0.5744605771660768,9,Recommended based on semantic preference matching and predicted moderate crowd conditions.
U002,D012,Casuarina Beach,beach,jaffna,4000,3.0,58,43,38.8621278998779,Medium,50,0.6730872882226735,0.0,0.4711611017558714,10,Recommended based on semantic preference matching and predicted moderate crowd conditions.
U003,D007,Ritigala Monastery,heritage;nature,anuradhapura,5000,3.0,60,29,30.390418342500947,Low,53,0.5831597835358672,0.7552196032849428,0.6347777294605899,1,Recommended based on semantic preference matching and predicted low crowd conditions.
U003,D045,Fort Frederick,heritage,trincomalee,3000,2.0,57,42,30.326710940813594,Low,51,0.5781710518060788,0.7608988677005578,0.6329893965744224,2,Recommended based on semantic preference matching and predicted low crowd conditions.
U003,D006,Anuradhapura Sacred City,heritage;religious,anuradhapura,5000,5.0,61,29,30.234715479015968,Low,52,0.5503180177948217,0.7690999014697478,0.6159525828972995,3,Recommended based on semantic preference matching and predicted low crowd conditions.
U003,D005,Polonnaruwa Ancient City,heritage,polonnaruwa,5000,4.0,58,32,31.190871135356527,Low,62,0.5785950134112147,0.6838623835202121,0.6101752244439138,4,Recommended based on semantic preference matching and predicted low crowd conditions.
U003,D037,Buduruwagala,heritage,monaragala,3000,2.5,62,31,32.42629409159014,Low,48,0.6083201493103286,0.5737292836332581,0.5979428896072074,5,Recommended based on semantic preference matching and predicted low crowd conditions.
U003,D010,Jaffna Fort,heritage,jaffna,3000,2.0,54,30,32.85257867494825,Low,63,0.6004690543662203,0.5357276888252936,0.5810466447039423,6,Recommended based on semantic preference matching and predicted low crowd conditions.
U003,D074,Galle Fort,heritage;coastal,galle,5000,4.0,55,34,32.74346094081358,Low,49,0.5732656910073443,0.5454551058627178,0.5649225154639563,7,Recommended based on semantic preference matching and predicted low crowd conditions.
U003,D008,Mihintale,heritage;religious,anuradhapura,3000,3.0,61,37,34.405824410051366,Medium,57,0.5973436305857729,0.3972619376184252,0.5373191226955685,8,Recommended based on semantic preference matching and predicted moderate crowd conditions.
U003,D042,Batticaloa Fort,heritage,batticaloa,3000,2.0,57,39,35.92052757766573,Medium,49,0.5967885928610664,0.2622321047856816,0.496421646438451,9,Recommended based on semantic preference matching and predicted moderate crowd conditions.
U003,D002,Dambulla Cave Temple,heritage,matale,5000,2.0,55,41,38.12460379795643,Medium,47,0.541453639466575,0.06574737435152012,0.39874175993205846,10,Recommended based on semantic preference matching and predicted moderate crowd conditions.
U004,D064,Udawalawe National Park,wildlife;nature,ratnapura,15000,5.0,64,25,27.644583333333333,Low,66,0.5491227473638148,1.0,0.6843859231546703,1,Recommended based on semantic preference matching and predicted low crowd conditions.
U004,D096,Wasgamuwa National Park,wildlife;nature,matale,14000,5.0,65,30,31.542775209484383,Low,57,0.6877612215379936,0.6524915187074811,0.6771803106888398,2,Recommended based on semantic preference matching and predicted low crowd conditions.
U004,D022,Horton Plains National Park,nature;wildlife,nuwara eliya,7000,6.0,65,27,30.186992541430044,Low,64,0.5902944154825984,0.773354213748413,0.6452123549623427,3,Recommended based on semantic preference matching and predicted low crowd conditions.
U004,D004,Kaudulla National Park,wildlife;nature,polonnaruwa,15000,4.0,64,33,33.004177899072054,Medium,66,0.6049272985835182,0.5222132139574212,0.580113073195689,4,Recommended based on semantic preference matching and predicted moderate crowd conditions.
U004,D084,Rekawa Turtle Beach,beach;wildlife,hambantota,5000,4.0,66,35,31.65207681120653,Low,60,0.5321091546237773,0.6427477105974486,0.5653007214158786,5,Recommended based on semantic preference matching and predicted low crowd conditions.
U004,D089,Kalametiya Bird Sanctuary,wildlife;nature,hambantota,5000,4.0,69,36,32.80298377376152,Low,53,0.5549743943741979,0.540148879299958,0.5505267398519259,6,Recommended based on semantic preference matching and predicted low crowd conditions.
U004,D055,Negombo Beach,beach,gampaha,5000,3.0,57,32,32.97418191385391,Low,52,0.5255603680938145,0.5248872381202137,0.5253584291017341,7,Recommended based on semantic preference matching and predicted low crowd conditions.
U004,D059,Pinnawala Elephant Orphanage,wildlife;family,kegalle,8000,4.0,62,37,34.29655796191314,Medium,50,0.5640469243591125,0.40700261192464615,0.5169336306287726,8,Recommended based on semantic preference matching and predicted moderate crowd conditions.
U004,D003,Minneriya National Park,wildlife;nature,polonnaruwa,15000,4.0,70,35,35.323947767145135,Medium,59,0.5542072621847322,0.31541484963519584,0.48256953841987127,9,Recommended based on semantic preference matching and predicted moderate crowd conditions.
U004,D073,Kanneliya Forest Reserve,nature;wildlife,galle,7000,5.0,62,38,35.52430270628811,Medium,63,0.5319192528688583,0.2975539944405111,0.46160967534035413,10,Recommended based on semantic preference matching and predicted moderate crowd conditions.
U005,D060,Kitulgala,adventure;nature,kegalle,9000,5.0,57,25,29.21970517441428,Low,58,0.5871528014731088,0.8595840799439637,0.6688821850143651,1,Recommended based on semantic preference matching and predicted low crowd conditions.
U005,D092,Meemure,nature;village;adventure,kandy,8000,7.0,63,21,27.870369134090883,Low,52,0.5208116512133643,0.9798720834654905,0.658529780889002,2,Recommended based on semantic preference matching and predicted low crowd conditions.
U005,D080,Weligama Bay,beach;adventure,matara,6000,4.0,53,25,28.158017857142863,Low,47,0.501996896497044,0.9542293306022775,0.6376666267286141,3,Recommended based on semantic preference matching and predicted low crowd conditions.
U005,D035,Diyaluma Falls,nature;adventure,badulla,5000,5.0,67,26,30.11552092352093,Low,62,0.5285879348314592,0.7797256275177216,0.6039292426373378,4,Recommended based on semantic preference matching and predicted low crowd conditions.
U005,D062,Adam's Peak,religious;nature,ratnapura,5000,8.0,62,28,30.012362234664,Low,65,0.4769231257080204,0.7889218190946725,0.570522733724016,5,Recommended based on semantic preference matching and predicted low crowd conditions.
U005,D023,World's End,nature;adventure,nuwara eliya,7000,5.0,63,30,31.51345397328164,Low,58,0.5216004216542652,0.6551053916481059,0.5616519126524174,6,Recommended based on semantic preference matching and predicted low crowd conditions.
U005,D019,Hanthana Mountain Range,nature;adventure,kandy,5000,5.0,62,32,33.087760614824376,Medium,68,0.5142055712263356,0.5147621434262106,0.5143725428862981,7,Recommended based on semantic preference matching and predicted moderate crowd conditions.
U005,D018,Knuckles Mountain Range,nature;adventure,matale,10000,7.0,63,40,33.78162137379049,Medium,62,0.526768325518717,0.4529071844510083,0.5046099831984043,8,Recommended based on semantic preference matching and predicted moderate crowd conditions.
U005,D093,Riverston,nature;adventure,matale,6000,5.0,57,34,34.43166150267749,Medium,58,0.5244759510233423,0.39495866238088495,0.4856207644306051,9,Recommended based on semantic preference matching and predicted moderate crowd conditions.
U005,D098,Ohiya,nature;adventure,badulla,5000,4.0,63,38,35.161483212421984,Medium,66,0.5134106450554418,0.32989792601250656,0.45835682934256117,10,Recommended based on semantic preference matching and predicted moderate crowd conditions.
U006,D049,Galle Face Green,city;coastal,colombo,2000,2.0,55,27,29.169311507936527,Low,55,0.5674416622369883,0.8640764772042382,0.6564321067271632,1,Recommended based on semantic preference matching and predicted low crowd conditions.
U006,D074,Galle Fort,heritage;coastal,galle,5000,4.0,55,34,32.74346094081358,Low,49,0.60584118541425,0.5454551058627178,0.5877253615487903,2,Recommended based on semantic preference matching and predicted low crowd conditions.
U006,D068,Ratnapura Gem Museum Area,culture;heritage,ratnapura,4000,2.5,56,23,28.451238031576263,Low,62,0.4254406718864113,0.9280899047507497,0.5762354417457127,3,Recommended based on semantic preference matching and predicted low crowd conditions.
U006,D092,Meemure,nature;village;adventure,kandy,8000,7.0,63,21,27.870369134090883,Low,52,0.3722752304603151,0.9798720834654905,0.5545542863618677,4,Recommended based on semantic preference matching and predicted low crowd conditions.
U006,D048,Colombo National Museum,heritage;culture,colombo,3000,2.5,58,26,29.084063504916152,Low,53,0.39798297498824,0.8716760015488636,0.540090882956427,5,Recommended based on semantic preference matching and predicted low crowd conditions.
U006,D053,Dutch Hospital Colombo,heritage;city,colombo,5000,2.5,60,30,33.808424859497215,Medium,63,0.5100459898759164,0.4505177590693912,0.4921875206339588,6,Recommended based on semantic preference matching and predicted moderate crowd conditions.
U006,D054,Mount Lavinia Beach,beach,colombo,5000,3.0,59,37,31.827333453739904,Low,62,0.3594509904251433,0.6271242698797659,0.43975297426153004,7,Recommended based on semantic preference matching and predicted low crowd conditions.
U006,D076,Jungle Beach,beach;nature,galle,5000,4.0,65,36,34.60115895093469,Medium,52,0.3677344578926685,0.37984863119253476,0.3713687098826284,8,Recommended based on semantic preference matching and predicted moderate crowd conditions.
U006,D073,Kanneliya Forest Reserve,nature;wildlife,galle,7000,5.0,62,38,35.52430270628811,Medium,63,0.3705409761315244,0.2975539944405111,0.3486448816242204,9,Recommended based on semantic preference matching and predicted moderate crowd conditions.
U006,D100,Pekoe Trail - Tea Country Section,nature;adventure;culture,nuwara eliya,7000,6.0,59,39,36.16415698336751,Medium,62,0.3894290256869189,0.24051350101669033,0.3447543682858503,10,Recommended based on semantic preference matching and predicted moderate crowd conditions.
U007,D017,Udawattakele Forest Reserve,nature,kandy,3000,3.0,72,24,28.891241688116683,Low,67,0.5824067044820926,0.8888653085006313,0.6743442856876543,1,Recommended based on semantic preference matching and predicted low crowd conditions.
U007,D035,Diyaluma Falls,nature;adventure,badulla,5000,5.0,67,26,30.11552092352093,Low,62,0.5853803819765202,0.7797256275177216,0.6436839556388806,2,Recommended based on semantic preference matching and predicted low crowd conditions.
U007,D007,Ritigala Monastery,heritage;nature,anuradhapura,5000,3.0,60,29,30.390418342500947,Low,53,0.5929095853940961,0.7552196032849428,0.6416025907613501,3,Recommended based on semantic preference matching and predicted low crowd conditions.
U007,D026,Lover's Leap Waterfall,nature,nuwara eliya,3000,2.5,60,26,30.40683981141732,Low,63,0.5886909521744974,0.753755693886682,0.6382103746881528,4,Recommended based on semantic preference matching and predicted low crowd conditions.
U007,D067,Bambarakanda Falls,nature,badulla,3000,3.0,62,28,30.775052933556008,Low,53,0.5609141235717048,0.7209309415574732,0.6089191689674353,5,Recommended based on semantic preference matching and predicted low crowd conditions.
U007,D099,Baker's Falls,nature,nuwara eliya,3000,3.0,64,34,31.57728330309182,Low,58,0.5671890867671315,0.649415257819661,0.5918569380828904,6,Recommended based on semantic preference matching and predicted low crowd conditions.
U007,D098,Ohiya,nature;adventure,badulla,5000,4.0,63,38,35.161483212421984,Medium,66,0.6609039269726437,0.32989792601250656,0.5616021266846025,7,Recommended based on semantic preference matching and predicted moderate crowd conditions.
U007,D019,Hanthana Mountain Range,nature;adventure,kandy,5000,5.0,62,32,33.087760614824376,Medium,68,0.5387860114512674,0.5147621434262106,0.5315788510437502,8,Recommended based on semantic preference matching and predicted moderate crowd conditions.
U007,D073,Kanneliya Forest Reserve,nature;wildlife,galle,7000,5.0,62,38,35.52430270628811,Medium,63,0.5636193857007104,0.2975539944405111,0.48379976832265054,9,Recommended based on semantic preference matching and predicted moderate crowd conditions.
U007,D036,Dunhinda Falls,nature,badulla,3000,3.0,57,40,37.54301421042725,Medium,52,0.5487974360137712,0.11759379975050843,0.41943634513479233,10,Recommended based on semantic preference matching and predicted moderate crowd conditions.
U008,D080,Weligama Bay,beach;adventure,matara,6000,4.0,53,25,28.158017857142863,Low,47,0.6902725324073645,0.9542293306022775,0.7694595718658384,1,Recommended based on semantic preference matching and predicted low crowd conditions.
U008,D040,Arugam Bay,beach;adventure,ampara,8000,5.0,51,30,32.649231271136856,Low,57,0.7725931684285514,0.5538553104812717,0.7069718110443675,2,Recommended based on semantic preference matching and predicted low crowd conditions.
U008,D092,Meemure,nature;village;adventure,kandy,8000,7.0,63,21,27.870369134090883,Low,52,0.5569344159023313,0.9798720834654905,0.683815716171279,3,Recommended based on semantic preference matching and predicted low crowd conditions.
U008,D063,Sinharaja Forest Reserve,nature;wildlife,ratnapura,8000,6.0,69,26,28.978210317460302,Low,67,0.5870293334488861,0.8811123970833683,0.6752542525392307,4,Recommended based on semantic preference matching and predicted low crowd conditions.
U008,D068,Ratnapura Gem Museum Area,culture;heritage,ratnapura,4000,2.5,56,23,28.451238031576263,Low,62,0.5359282161524923,0.9280899047507497,0.6535767227319695,5,Recommended based on semantic preference matching and predicted low crowd conditions.
U008,D062,Adam's Peak,religious;nature,ratnapura,5000,8.0,62,28,30.012362234664,Low,65,0.5400526505327519,0.7889218190946725,0.614713401101328,6,Recommended based on semantic preference matching and predicted low crowd conditions.
U008,D071,Bentota Beach,beach;adventure,galle,7000,4.0,58,33,33.55011381737948,Medium,49,0.6421954169104813,0.47354517300881294,0.5916003437399808,7,Recommended based on semantic preference matching and predicted moderate crowd conditions.
U008,D041,Pasikuda Beach,beach,batticaloa,7000,4.0,58,35,34.23727862951952,Medium,51,0.6102503671976769,0.41228713137023054,0.5508613964494429,8,Recommended based on semantic preference matching and predicted moderate crowd conditions.
U008,D043,Nilaveli Beach,beach,trincomalee,7000,4.0,57,31,33.15998331491094,Medium,48,0.5629960261820814,0.5083237736334163,0.5465943504174818,9,Recommended based on semantic preference matching and predicted moderate crowd conditions.
U008,D012,Casuarina Beach,beach,jaffna,4000,3.0,58,43,38.8621278998779,Medium,50,0.5352909276591762,0.0,0.3747036493614233,10,Recommended based on semantic preference matching and predicted moderate crowd conditions.
U009,D048,Colombo National Museum,heritage;culture,colombo,3000,2.5,58,26,29.084063504916152,Low,53,0.6885638802373888,0.8716760015488636,0.7434975166308312,1,Recommended based on semantic preference matching and predicted low crowd conditions.
U009,D045,Fort Frederick,heritage,trincomalee,3000,2.0,57,42,30.326710940813594,Low,51,0.5278537157221788,0.7608988677005578,0.5977672613156924,2,Recommended based on semantic preference matching and predicted low crowd conditions.
U009,D031,Nine Arches Bridge,heritage;nature,badulla,3000,2.0,66,37,30.33896428571428,Low,68,0.5190274796587393,0.7598065301726794,0.5912611948129213,3,Recommended based on semantic preference matching and predicted low crowd conditions.
U009,D006,Anuradhapura Sacred City,heritage;religious,anuradhapura,5000,5.0,61,29,30.234715479015968,Low,52,0.5139485309010715,0.7690999014697478,0.5904939420716744,4,Recommended based on semantic preference matching and predicted low crowd conditions.
U009,D005,Polonnaruwa Ancient City,heritage,polonnaruwa,5000,4.0,58,32,31.190871135356527,Low,62,0.5327463196223428,0.6838623835202121,0.5780811387917035,5,Recommended based on semantic preference matching and predicted low crowd conditions.
U009,D033,Demodara Railway Loop,heritage;nature,badulla,3000,2.0,55,37,35.220742805338574,Medium,54,0.6594998138064543,0.3246151662636996,0.5590344195436279,6,Recommended based on semantic preference matching and predicted moderate crowd conditions.
U009,D050,Gangaramaya Temple,heritage;religious,colombo,3000,2.0,62,33,33.4456254379296,Medium,58,0.5876370643294115,0.482859901274882,0.5562039154130527,7,Recommended based on semantic preference matching and predicted moderate crowd conditions.
U009,D037,Buduruwagala,heritage,monaragala,3000,2.5,62,31,32.42629409159014,Low,48,0.5386374794058253,0.5737292836332581,0.5491650206740551,8,Recommended based on semantic preference matching and predicted low crowd conditions.
U009,D046,Koneswaram Temple,heritage;religious,trincomalee,3000,2.0,62,40,32.64327493381555,Low,53,0.5388628582862869,0.5543862945380743,0.543519889161823,9,Recommended based on semantic preference matching and predicted low crowd conditions.
U009,D042,Batticaloa Fort,heritage,batticaloa,3000,2.0,57,39,35.92052757766573,Medium,49,0.5442682479117565,0.2622321047856816,0.45965740497393404,10,Recommended based on semantic preference matching and predicted moderate crowd conditions.
U010,D096,Wasgamuwa National Park,wildlife;nature,matale,14000,5.0,65,30,31.542775209484383,Low,57,0.8046045663174826,0.6524915187074811,0.7589706520344821,1,Recommended based on semantic preference matching and predicted low crowd conditions.
U010,D064,Udawalawe National Park,wildlife;nature,ratnapura,15000,5.0,64,25,27.644583333333333,Low,66,0.6137051122221013,1.0,0.7295935785554709,2,Recommended based on semantic preference matching and predicted low crowd conditions.
U010,D090,Lunugamvehera National Park,wildlife;nature,monaragala,12000,5.0,71,32,31.940196613136628,Low,57,0.6604527139692653,0.617062962904144,0.6474357886497288,3,Recommended based on semantic preference matching and predicted low crowd conditions.
U010,D086,Bundala National Park,wildlife;nature,hambantota,12000,5.0,66,29,30.98790251299444,Low,57,0.5855593792731605,0.7019562382990399,0.6204784369809242,4,Recommended based on semantic preference matching and predicted low crowd conditions.
U010,D058,Wilpattu Wildlife Area,wildlife;nature,puttalam,16000,5.0,68,30,31.51674553065613,Low,53,0.5777054396361052,0.6548119622478512,0.600837396419629,5,Recommended based on semantic preference matching and predicted low crowd conditions.
U010,D038,Gal Oya National Park,wildlife;nature,ampara,15000,6.0,65,36,33.38568607012357,Medium,65,0.6041388175690255,0.48820326028277006,0.5693581503831489,6,Recommended based on semantic preference matching and predicted moderate crowd conditions.
U010,D004,Kaudulla National Park,wildlife;nature,polonnaruwa,15000,4.0,64,33,33.004177899072054,Medium,66,0.5889051897986297,0.5222132139574212,0.5688975970462671,7,Recommended based on semantic preference matching and predicted moderate crowd conditions.
U010,D085,Yala National Park,wildlife;nature,hambantota,16000,6.0,66,34,33.36449558748785,Medium,63,0.5973207372269866,0.4900923085062927,0.5651522086107784,8,Recommended based on semantic preference matching and predicted moderate crowd conditions.
U010,D010,Jaffna Fort,heritage,jaffna,3000,2.0,54,30,32.85257867494825,Low,63,0.5718471915730956,0.5357276888252936,0.561011340748755,9,Recommended based on semantic preference matching and predicted low crowd conditions.
U010,D003,Minneriya National Park,wildlife;nature,polonnaruwa,15000,4.0,70,35,35.323947767145135,Medium,59,0.5971714021005594,0.31541484963519584,0.5126444363609503,10,Recommended based on semantic preference matching and predicted moderate crowd conditions.
U011,D064,Udawalawe National Park,wildlife;nature,ratnapura,15000,5.0,64,25,27.644583333333333,Low,66,0.5119406611976767,1.0,0.6583584628383736,1,Recommended based on semantic preference matching and predicted low crowd conditions.
U011,D048,Colombo National Museum,heritage;culture,colombo,3000,2.5,58,26,29.084063504916152,Low,53,0.5315357806543584,0.8716760015488636,0.6335778469227099,2,Recommended based on semantic preference matching and predicted low crowd conditions.
U011,D051,Viharamahadevi Park,nature;city,colombo,2000,2.0,58,29,32.05984705342108,Low,56,0.6077474671810206,0.6063965965193558,0.6073422059825211,3,Recommended based on semantic preference matching and predicted low crowd conditions.
U011,D034,Lipton's Seat,nature,badulla,4000,4.0,67,37,30.580079365079367,Low,64,0.5415519815696467,0.7383120687123528,0.6005800077124585,4,Recommended based on semantic preference matching and predicted low crowd conditions.
U011,D097,Haputale,nature;city,badulla,4000,3.0,61,28,30.47437829685945,Low,52,0.5072569688646644,0.7477349034149814,0.5794003492297595,5,Recommended based on semantic preference matching and predicted low crowd conditions.
U011,D032,Ravana Falls,nature,badulla,3000,2.0,65,33,31.449739010989003,Low,59,0.4991138922803765,0.6607853300619599,0.5476153236148515,6,Recommended based on semantic preference matching and predicted low crowd conditions.
U011,D066,Bopath Ella,nature,ratnapura,3000,3.0,57,34,33.713491242495095,Medium,56,0.5215273301724592,0.45898071782466565,0.5027633464681212,7,Recommended based on semantic preference matching and predicted moderate crowd conditions.
U011,D053,Dutch Hospital Colombo,heritage;city,colombo,5000,2.5,60,30,33.808424859497215,Medium,63,0.5139580403907238,0.4505177590693912,0.494925955994324,8,Recommended based on semantic preference matching and predicted moderate crowd conditions.
U011,D070,Brief Garden,nature,kalutara,4000,2.5,59,37,35.6033150762281,Medium,67,0.5096476595093942,0.29051035227165023,0.44390646733807093,9,Recommended based on semantic preference matching and predicted moderate crowd conditions.
U011,D052,Independence Square,heritage;city,colombo,2000,2.0,60,38,36.89757229123533,Medium,49,0.5378744361408234,0.17513240950267328,0.42905182814937837,10,Recommended based on semantic preference matching and predicted moderate crowd conditions.
U012,D015,Kandy Lake,nature;city,kandy,2000,2.0,63,25,29.22337604016474,Low,53,0.6265468353655537,0.8592568366931181,0.696359835763823,1,Recommended based on semantic preference matching and predicted low crowd conditions.
U012,D041,Pasikuda Beach,beach,batticaloa,7000,4.0,58,35,34.23727862951952,Medium,51,0.7385135839199906,0.41228713137023054,0.6406456481550624,2,Recommended based on semantic preference matching and predicted moderate crowd conditions.
U012,D043,Nilaveli Beach,beach,trincomalee,7000,4.0,57,31,33.15998331491094,Medium,48,0.6858512483426492,0.5083237736334163,0.6325930059298793,3,Recommended based on semantic preference matching and predicted moderate crowd conditions.
U012,D054,Mount Lavinia Beach,beach,colombo,5000,3.0,59,37,31.827333453739904,Low,62,0.6343529381126167,0.6271242698797659,0.6321843376427614,4,Recommended based on semantic preference matching and predicted low crowd conditions.
U012,D055,Negombo Beach,beach,gampaha,5000,3.0,57,32,32.97418191385391,Low,52,0.6754319542072278,0.5248872381202137,0.6302685393811235,5,Recommended based on semantic preference matching and predicted low crowd conditions.
U012,D047,Marble Beach,beach,trincomalee,5000,3.0,52,33,33.817135756291385,Medium,61,0.6504886192371011,0.4497412168642325,0.5902643985252405,6,Recommended based on semantic preference matching and predicted moderate crowd conditions.
U012,D071,Bentota Beach,beach;adventure,galle,7000,4.0,58,33,33.55011381737948,Medium,49,0.6311543805319535,0.47354517300881294,0.5838716182750113,7,Recommended based on semantic preference matching and predicted moderate crowd conditions.
U012,D088,Tangalle Beach,beach,hambantota,5000,4.0,55,37,35.59599026577287,Medium,61,0.694429895134054,0.2911633303286376,0.573449925692429,8,Recommended based on semantic preference matching and predicted moderate crowd conditions.
U012,D079,Mirissa Beach,beach,matara,6000,4.0,56,36,34.95914087301587,Medium,63,0.6665473392311241,0.34793595012783607,0.5709639225001376,9,Recommended based on semantic preference matching and predicted moderate crowd conditions.
U012,D012,Casuarina Beach,beach,jaffna,4000,3.0,58,43,38.8621278998779,Medium,50,0.6668520829052897,0.0,0.4667964580337028,10,Recommended based on semantic preference matching and predicted moderate crowd conditions.
U013,D007,Ritigala Monastery,heritage;nature,anuradhapura,5000,3.0,60,29,30.390418342500947,Low,53,0.6684292892521964,0.7552196032849428,0.6944663834620202,1,Recommended based on semantic preference matching and predicted low crowd conditions.
U013,D006,Anuradhapura Sacred City,heritage;religious,anuradhapura,5000,5.0,61,29,30.234715479015968,Low,52,0.6276531730787246,0.7690999014697478,0.6700871915960315,2,Recommended based on semantic preference matching and predicted low crowd conditions.
U013,D005,Polonnaruwa Ancient City,heritage,polonnaruwa,5000,4.0,58,32,31.190871135356527,Low,62,0.6566987162276553,0.6838623835202121,0.6648478164154223,3,Recommended based on semantic preference matching and predicted low crowd conditions.
U013,D045,Fort Frederick,heritage,trincomalee,3000,2.0,57,42,30.326710940813594,Low,51,0.5830500083823834,0.7608988677005578,0.6364046661778358,4,Recommended based on semantic preference matching and predicted low crowd conditions.
U013,D074,Galle Fort,heritage;coastal,galle,5000,4.0,55,34,32.74346094081358,Low,49,0.6554965076205488,0.5454551058627178,0.6224840870931995,5,Recommended based on semantic preference matching and predicted low crowd conditions.
U013,D037,Buduruwagala,heritage,monaragala,3000,2.5,62,31,32.42629409159014,Low,48,0.622016023585843,0.5737292836332581,0.6075300016000675,6,Recommended based on semantic preference matching and predicted low crowd conditions.
U013,D010,Jaffna Fort,heritage,jaffna,3000,2.0,54,30,32.85257867494825,Low,63,0.6133059479119729,0.5357276888252936,0.5900324701859692,7,Recommended based on semantic preference matching and predicted low crowd conditions.
U013,D008,Mihintale,heritage;religious,anuradhapura,3000,3.0,61,37,34.405824410051366,Medium,57,0.6156732883488549,0.3972619376184252,0.550149883129726,8,Recommended based on semantic preference matching and predicted moderate crowd conditions.
U013,D042,Batticaloa Fort,heritage,batticaloa,3000,2.0,57,39,35.92052757766573,Medium,49,0.6096864067237467,0.2622321047856816,0.5054501161423272,9,Recommended based on semantic preference matching and predicted moderate crowd conditions.
U013,D002,Dambulla Cave Temple,heritage,matale,5000,2.0,55,41,38.12460379795643,Medium,47,0.6223082013729141,0.06574737435152012,0.45533995326649584,10,Recommended based on semantic preference matching and predicted moderate crowd conditions.
U014,D063,Sinharaja Forest Reserve,nature;wildlife,ratnapura,8000,6.0,69,26,28.978210317460302,Low,67,0.5832328020421805,0.8811123970833683,0.6725966805545368,1,Recommended based on semantic preference matching and predicted low crowd conditions.
U014,D022,Horton Plains National Park,nature;wildlife,nuwara eliya,7000,6.0,65,27,30.186992541430044,Low,64,0.5539942305546954,0.773354213748413,0.6198022255128106,2,Recommended based on semantic preference matching and predicted low crowd conditions.
U014,D084,Rekawa Turtle Beach,beach;wildlife,hambantota,5000,4.0,66,35,31.65207681120653,Low,60,0.5415856893781723,0.6427477105974486,0.5719342957439552,3,Recommended based on semantic preference matching and predicted low crowd conditions.
U014,D089,Kalametiya Bird Sanctuary,wildlife;nature,hambantota,5000,4.0,69,36,32.80298377376152,Low,53,0.5602236874021359,0.540148879299958,0.5542012449714825,4,Recommended based on semantic preference matching and predicted low crowd conditions.
U014,D059,Pinnawala Elephant Orphanage,wildlife;family,kegalle,8000,4.0,62,37,34.29655796191314,Medium,50,0.6128396921777048,0.40700261192464615,0.5510885681017872,5,Recommended based on semantic preference matching and predicted moderate crowd conditions.
U014,D065,Udawalawe Elephant Transit Home,wildlife,ratnapura,5000,2.0,65,31,32.41671822798978,Low,57,0.4893770774807993,0.574582934228854,0.5149388345052157,6,Recommended based on semantic preference matching and predicted low crowd conditions.
U014,D055,Negombo Beach,beach,gampaha,5000,3.0,57,32,32.97418191385391,Low,52,0.4964403251472044,0.5248872381202137,0.5049743990391071,7,Recommended based on semantic preference matching and predicted low crowd conditions.
U014,D073,Kanneliya Forest Reserve,nature;wildlife,galle,7000,5.0,62,38,35.52430270628811,Medium,63,0.5516672267677715,0.2975539944405111,0.47543325706959333,8,Recommended based on semantic preference matching and predicted moderate crowd conditions.
U014,D057,Kalpitiya Lagoon,marine;nature,puttalam,7000,4.0,72,39,34.88804178338002,Medium,61,0.513920884327171,0.35427415446605626,0.46602686536883653,9,Recommended based on semantic preference matching and predicted moderate crowd conditions.
U014,D003,Minneriya National Park,wildlife;nature,polonnaruwa,15000,4.0,70,35,35.323947767145135,Medium,59,0.4946599763808046,0.31541484963519584,0.440886438357122,10,Recommended based on semantic preference matching and predicted moderate crowd conditions.
U015,D060,Kitulgala,adventure;nature,kegalle,9000,5.0,57,25,29.21970517441428,Low,58,0.5879761908634884,0.8595840799439637,0.669458557587631,1,Recommended based on semantic preference matching and predicted low crowd conditions.
U015,D092,Meemure,nature;village;adventure,kandy,8000,7.0,63,21,27.870369134090883,Low,52,0.5199656101147494,0.9798720834654905,0.6579375521199717,2,Recommended based on semantic preference matching and predicted low crowd conditions.
U015,D080,Weligama Bay,beach;adventure,matara,6000,4.0,53,25,28.158017857142863,Low,47,0.5052736824265478,0.9542293306022775,0.6399603768792668,3,Recommended based on semantic preference matching and predicted low crowd conditions.
U015,D035,Diyaluma Falls,nature;adventure,badulla,5000,5.0,67,26,30.11552092352093,Low,62,0.5392943406584806,0.7797256275177216,0.6114237267162528,4,Recommended based on semantic preference matching and predicted low crowd conditions.
U015,D023,World's End,nature;adventure,nuwara eliya,7000,5.0,63,30,31.51345397328164,Low,58,0.5235979063138845,0.6551053916481059,0.5630501519141509,5,Recommended based on semantic preference matching and predicted low crowd conditions.
U015,D091,Madulsima Mini World's End,nature;adventure,badulla,5000,4.0,65,30,31.0521849156408,Low,58,0.479245899840195,0.6962257148083575,0.5443398443306438,6,Recommended based on semantic preference matching and predicted low crowd conditions.
U015,D019,Hanthana Mountain Range,nature;adventure,kandy,5000,5.0,62,32,33.087760614824376,Medium,68,0.5048372117750821,0.5147621434262106,0.5078146912704207,7,Recommended based on semantic preference matching and predicted moderate crowd conditions.
U015,D018,Knuckles Mountain Range,nature;adventure,matale,10000,7.0,63,40,33.78162137379049,Medium,62,0.5250032959900728,0.4529071844510083,0.5033744625283534,8,Recommended based on semantic preference matching and predicted moderate crowd conditions.
U015,D093,Riverston,nature;adventure,matale,6000,5.0,57,34,34.43166150267749,Medium,58,0.530725688976978,0.39495866238088495,0.4899955809981501,9,Recommended based on semantic preference matching and predicted moderate crowd conditions.
U015,D098,Ohiya,nature;adventure,badulla,5000,4.0,63,38,35.161483212421984,Medium,66,0.5245038063331493,0.32989792601250656,0.46612204223695647,10,Recommended based on semantic preference matching and predicted moderate crowd conditions.
U016,D049,Galle Face Green,city;coastal,colombo,2000,2.0,55,27,29.169311507936527,Low,55,0.6159349162313295,0.8640764772042382,0.690377384523202,1,Recommended based on semantic preference matching and predicted low crowd conditions.
U016,D074,Galle Fort,heritage;coastal,galle,5000,4.0,55,34,32.74346094081358,Low,49,0.6195247607530019,0.5454551058627178,0.5973038642859166,2,Recommended based on semantic preference matching and predicted low crowd conditions.
U016,D068,Ratnapura Gem Museum Area,culture;heritage,ratnapura,4000,2.5,56,23,28.451238031576263,Low,62,0.4281438060413575,0.9280899047507497,0.5781276356541751,3,Recommended based on semantic preference matching and predicted low crowd conditions.
U016,D048,Colombo National Museum,heritage;culture,colombo,3000,2.5,58,26,29.084063504916152,Low,53,0.4010837872777622,0.8716760015488636,0.5422614515590927,4,Recommended based on semantic preference matching and predicted low crowd conditions.
U016,D053,Dutch Hospital Colombo,heritage;city,colombo,5000,2.5,60,30,33.808424859497215,Medium,63,0.5130430749661937,0.4505177590693912,0.4942854801971529,5,Recommended based on semantic preference matching and predicted moderate crowd conditions.
U016,D096,Wasgamuwa National Park,wildlife;nature,matale,14000,5.0,65,30,31.542775209484383,Low,57,0.3790642184611191,0.6524915187074811,0.4610924085350277,6,Recommended based on semantic preference matching and predicted low crowd conditions.
U016,D071,Bentota Beach,beach;adventure,galle,7000,4.0,58,33,33.55011381737948,Medium,49,0.4041131416281578,0.47354517300881294,0.42494275104235435,7,Recommended based on semantic preference matching and predicted moderate crowd conditions.
U016,D076,Jungle Beach,beach;nature,galle,5000,4.0,65,36,34.60115895093469,Medium,52,0.3763799775021866,0.37984863119253476,0.37742057360929104,8,Recommended based on semantic preference matching and predicted moderate crowd conditions.
U016,D073,Kanneliya Forest Reserve,nature;wildlife,galle,7000,5.0,62,38,35.52430270628811,Medium,63,0.3781852523208055,0.2975539944405111,0.3539958749567172,9,Recommended based on semantic preference matching and predicted moderate crowd conditions.
U016,D100,Pekoe Trail - Tea Country Section,nature;adventure;culture,nuwara eliya,7000,6.0,59,39,36.16415698336751,Medium,62,0.3927719102709999,0.24051350101669033,0.347094387494707,10,Recommended based on semantic preference matching and predicted moderate crowd conditions.
U017,D092,Meemure,nature;village;adventure,kandy,8000,7.0,63,21,27.870369134090883,Low,52,0.5694272577151651,0.9798720834654905,0.6925607054402627,1,Recommended based on semantic preference matching and predicted low crowd conditions.
U017,D017,Udawattakele Forest Reserve,nature,kandy,3000,3.0,72,24,28.891241688116683,Low,67,0.5776263249269076,0.8888653085006313,0.6709980199990246,2,Recommended based on semantic preference matching and predicted low crowd conditions.
U017,D026,Lover's Leap Waterfall,nature,nuwara eliya,3000,2.5,60,26,30.40683981141732,Low,63,0.5846371261936653,0.753755693886682,0.6353726965015702,3,Recommended based on semantic preference matching and predicted low crowd conditions.
U017,D067,Bambarakanda Falls,nature,badulla,3000,3.0,62,28,30.775052933556008,Low,53,0.5605709754912582,0.7209309415574732,0.6086789653111226,4,Recommended based on semantic preference matching and predicted low crowd conditions.
U017,D007,Ritigala Monastery,heritage;nature,anuradhapura,5000,3.0,60,29,30.390418342500947,Low,53,0.5188639105031614,0.7552196032849428,0.5897706183376957,5,Recommended based on semantic preference matching and predicted low crowd conditions.
U017,D099,Baker's Falls,nature,nuwara eliya,3000,3.0,64,34,31.57728330309182,Low,58,0.5631686315105926,0.649415257819661,0.5890426194033132,6,Recommended based on semantic preference matching and predicted low crowd conditions.
U017,D023,World's End,nature;adventure,nuwara eliya,7000,5.0,63,30,31.51345397328164,Low,58,0.5091298402653992,0.6551053916481059,0.5529225056802112,7,Recommended based on semantic preference matching and predicted low crowd conditions.
U017,D073,Kanneliya Forest Reserve,nature;wildlife,galle,7000,5.0,62,38,35.52430270628811,Medium,63,0.6075010237179836,0.2975539944405111,0.5145169149347418,8,Recommended based on semantic preference matching and predicted moderate crowd conditions.
U017,D098,Ohiya,nature;adventure,badulla,5000,4.0,63,38,35.161483212421984,Medium,66,0.5803522248919563,0.32989792601250656,0.5052159352281214,9,Recommended based on semantic preference matching and predicted moderate crowd conditions.
U017,D036,Dunhinda Falls,nature,badulla,3000,3.0,57,40,37.54301421042725,Medium,52,0.5479093739725955,0.11759379975050843,0.4188147017059694,10,Recommended based on semantic preference matching and predicted moderate crowd conditions.
U018,D080,Weligama Bay,beach;adventure,matara,6000,4.0,53,25,28.158017857142863,Low,47,0.6794895056756505,0.9542293306022775,0.7619114531536386,1,Recommended based on semantic preference matching and predicted low crowd conditions.
U018,D068,Ratnapura Gem Museum Area,culture;heritage,ratnapura,4000,2.5,56,23,28.451238031576263,Low,62,0.5105062353451926,0.9280899047507497,0.6357813361668596,2,Recommended based on semantic preference matching and predicted low crowd conditions.
U018,D040,Arugam Bay,beach;adventure,ampara,8000,5.0,51,30,32.649231271136856,Low,57,0.6366803820552676,0.5538553104812717,0.6118328605830687,3,Recommended based on semantic preference matching and predicted low crowd conditions.
U018,D062,Adam's Peak,religious;nature,ratnapura,5000,8.0,62,28,30.012362234664,Low,65,0.5263623049935221,0.7889218190946725,0.6051301592238671,4,Recommended based on semantic preference matching and predicted low crowd conditions.
U018,D071,Bentota Beach,beach;adventure,galle,7000,4.0,58,33,33.55011381737948,Medium,49,0.6379944013035412,0.47354517300881294,0.5886596328151227,5,Recommended based on semantic preference matching and predicted moderate crowd conditions.
U018,D041,Pasikuda Beach,beach,batticaloa,7000,4.0,58,35,34.23727862951952,Medium,51,0.5524237284657327,0.41228713137023054,0.510382749337082,6,Recommended based on semantic preference matching and predicted moderate crowd conditions.
U018,D076,Jungle Beach,beach;nature,galle,5000,4.0,65,36,34.60115895093469,Medium,52,0.5115701058772937,0.37984863119253476,0.472053663471866,7,Recommended based on semantic preference matching and predicted moderate crowd conditions.
U018,D079,Mirissa Beach,beach,matara,6000,4.0,56,36,34.95914087301587,Medium,63,0.5182056055499273,0.34793595012783607,0.46712470892329994,8,Recommended based on semantic preference matching and predicted moderate crowd conditions.
U018,D088,Tangalle Beach,beach,hambantota,5000,4.0,55,37,35.59599026577287,Medium,61,0.5140056581781929,0.2911633303286376,0.44715295982332626,9,Recommended based on semantic preference matching and predicted moderate crowd conditions.
U018,D012,Casuarina Beach,beach,jaffna,4000,3.0,58,43,38.8621278998779,Medium,50,0.5243357372537565,0.0,0.3670350160776295,10,Recommended based on semantic preference matching and predicted moderate crowd conditions.
U019,D048,Colombo National Museum,heritage;culture,colombo,3000,2.5,58,26,29.084063504916152,Low,53,0.7017538759210658,0.8716760015488636,0.7527305136094051,1,Recommended based on semantic preference matching and predicted low crowd conditions.
U019,D006,Anuradhapura Sacred City,heritage;religious,anuradhapura,5000,5.0,61,29,30.234715479015968,Low,52,0.580472803637219,0.7690999014697478,0.6370609329869776,2,Recommended based on semantic preference matching and predicted low crowd conditions.
U019,D005,Polonnaruwa Ancient City,heritage,polonnaruwa,5000,4.0,58,32,31.190871135356527,Low,62,0.6134368031106942,0.6838623835202121,0.6345644772335495,3,Recommended based on semantic preference matching and predicted low crowd conditions.
U019,D050,Gangaramaya Temple,heritage;religious,colombo,3000,2.0,62,33,33.4456254379296,Medium,58,0.5989029936804041,0.482859901274882,0.5640900659587474,4,Recommended based on semantic preference matching and predicted moderate crowd conditions.
U019,D074,Galle Fort,heritage;coastal,galle,5000,4.0,55,34,32.74346094081358,Low,49,0.5644508275665109,0.5454551058627178,0.5587521110553729,5,Recommended based on semantic preference matching and predicted low crowd conditions.
U019,D033,Demodara Railway Loop,heritage;nature,badulla,3000,2.0,55,37,35.220742805338574,Medium,54,0.6524431349523325,0.3246151662636996,0.5540947443457426,6,Recommended based on semantic preference matching and predicted moderate crowd conditions.
U019,D046,Koneswaram Temple,heritage;religious,trincomalee,3000,2.0,62,40,32.64327493381555,Low,53,0.5483852020233939,0.5543862945380743,0.550185529777798,7,Recommended based on semantic preference matching and predicted low crowd conditions.
U019,D053,Dutch Hospital Colombo,heritage;city,colombo,5000,2.5,60,30,33.808424859497215,Medium,63,0.5724949179059662,0.4505177590693912,0.5359017702549936,8,Recommended based on semantic preference matching and predicted moderate crowd conditions.
U019,D042,Batticaloa Fort,heritage,batticaloa,3000,2.0,57,39,35.92052757766573,Medium,49,0.5474854081798046,0.2622321047856816,0.4619094171615677,9,Recommended based on semantic preference matching and predicted moderate crowd conditions.
U019,D002,Dambulla Cave Temple,heritage,matale,5000,2.0,55,41,38.12460379795643,Medium,47,0.5820541289906374,0.06574737435152012,0.42716210259890214,10,Recommended based on semantic preference matching and predicted moderate crowd conditions.
U020,D063,Sinharaja Forest Reserve,nature;wildlife,ratnapura,8000,6.0,69,26,28.978210317460302,Low,67,0.6668337418609852,0.8811123970833683,0.7311173384277001,1,Recommended based on semantic preference matching and predicted low crowd conditions.
U020,D064,Udawalawe National Park,wildlife;nature,ratnapura,15000,5.0,64,25,27.644583333333333,Low,66,0.5998062538882429,1.0,0.71986437772177,2,Recommended based on semantic preference matching and predicted low crowd conditions.
U020,D092,Meemure,nature;village;adventure,kandy,8000,7.0,63,21,27.870369134090883,Low,52,0.5529135914540644,0.9798720834654905,0.6810011390574922,3,Recommended based on semantic preference matching and predicted low crowd conditions.
U020,D090,Lunugamvehera National Park,wildlife;nature,monaragala,12000,5.0,71,32,31.940196613136628,Low,57,0.6343657463014603,0.617062962904144,0.6291749112822653,4,Recommended based on semantic preference matching and predicted low crowd conditions.
U020,D096,Wasgamuwa National Park,wildlife;nature,matale,14000,5.0,65,30,31.542775209484383,Low,57,0.5797059550444313,0.6524915187074811,0.6015416241433462,5,Recommended based on semantic preference matching and predicted low crowd conditions.
U020,D086,Bundala National Park,wildlife;nature,hambantota,12000,5.0,66,29,30.98790251299444,Low,57,0.5502922580504852,0.7019562382990399,0.5957914521250516,6,Recommended based on semantic preference matching and predicted low crowd conditions.
U020,D010,Jaffna Fort,heritage,jaffna,3000,2.0,54,30,32.85257867494825,Low,63,0.5825448519674801,0.5357276888252936,0.5684997030248241,7,Recommended based on semantic preference matching and predicted low crowd conditions.
U020,D059,Pinnawala Elephant Orphanage,wildlife;family,kegalle,8000,4.0,62,37,34.29655796191314,Medium,50,0.6295316383086824,0.40700261192464615,0.5627729303934714,8,Recommended based on semantic preference matching and predicted moderate crowd conditions.
U020,D089,Kalametiya Bird Sanctuary,wildlife;nature,hambantota,5000,4.0,69,36,32.80298377376152,Low,53,0.5561693519225611,0.540148879299958,0.5513632101357802,9,Recommended based on semantic preference matching and predicted low crowd conditions.
U020,D073,Kanneliya Forest Reserve,nature;wildlife,galle,7000,5.0,62,38,35.52430270628811,Medium,63,0.5611767464795749,0.2975539944405111,0.48208992086785574,10,Recommended based on semantic preference matching and predicted moderate crowd conditions.
U021,D048,Colombo National Museum,heritage;culture,colombo,3000,2.5,58,26,29.084063504916152,Low,53,0.5430266066799152,0.8716760015488636,0.6416214251405996,1,Recommended based on semantic preference matching and predicted low crowd conditions.
U021,D051,Viharamahadevi Park,nature;city,colombo,2000,2.0,58,29,32.05984705342108,Low,56,0.617149596539318,0.6063965965193558,0.6139236965333293,2,Recommended based on semantic preference matching and predicted low crowd conditions.
U021,D063,Sinharaja Forest Reserve,nature;wildlife,ratnapura,8000,6.0,69,26,28.978210317460302,Low,67,0.4891707080224334,0.8811123970833683,0.6067532147407138,3,Recommended based on semantic preference matching and predicted low crowd conditions.
U021,D049,Galle Face Green,city;coastal,colombo,2000,2.0,55,27,29.169311507936527,Low,55,0.4950973445842401,0.8640764772042382,0.6057910843702394,4,Recommended based on semantic preference matching and predicted low crowd conditions.
U021,D097,Haputale,nature;city,badulla,4000,3.0,61,28,30.47437829685945,Low,52,0.5139904497604719,0.7477349034149814,0.5841137858568247,5,Recommended based on semantic preference matching and predicted low crowd conditions.
U021,D032,Ravana Falls,nature,badulla,3000,2.0,65,33,31.449739010989003,Low,59,0.5004169639027365,0.6607853300619599,0.5485274737505035,6,Recommended based on semantic preference matching and predicted low crowd conditions.
U021,D066,Bopath Ella,nature,ratnapura,3000,3.0,57,34,33.713491242495095,Medium,56,0.5296245121905808,0.45898071782466565,0.5084313738808063,7,Recommended based on semantic preference matching and predicted moderate crowd conditions.
U021,D053,Dutch Hospital Colombo,heritage;city,colombo,5000,2.5,60,30,33.808424859497215,Medium,63,0.5219651955022602,0.4505177590693912,0.5005309645723994,8,Recommended based on semantic preference matching and predicted moderate crowd conditions.
U021,D070,Brief Garden,nature,kalutara,4000,2.5,59,37,35.6033150762281,Medium,67,0.5228265668475798,0.29051035227165023,0.45313170247480083,9,Recommended based on semantic preference matching and predicted moderate crowd conditions.
U021,D052,Independence Square,heritage;city,colombo,2000,2.0,60,38,36.89757229123533,Medium,49,0.5493383763868236,0.17513240950267328,0.4370765863215785,10,Recommended based on semantic preference matching and predicted moderate crowd conditions.
U022,D015,Kandy Lake,nature;city,kandy,2000,2.0,63,25,29.22337604016474,Low,53,0.6318893264253633,0.8592568366931181,0.7000995795056897,1,Recommended based on semantic preference matching and predicted low crowd conditions.
U022,D054,Mount Lavinia Beach,beach,colombo,5000,3.0,59,37,31.827333453739904,Low,62,0.6426279267741204,0.6271242698797659,0.637976829705814,2,Recommended based on semantic preference matching and predicted low crowd conditions.
U022,D041,Pasikuda Beach,beach,batticaloa,7000,4.0,58,35,34.23727862951952,Medium,51,0.7069303756958034,0.41228713137023054,0.6185374023981315,3,Recommended based on semantic preference matching and predicted moderate crowd conditions.
U022,D043,Nilaveli Beach,beach,trincomalee,7000,4.0,57,31,33.15998331491094,Medium,48,0.6548323269220717,0.5083237736334163,0.610879760935475,4,Recommended based on semantic preference matching and predicted moderate crowd conditions.
U022,D055,Negombo Beach,beach,gampaha,5000,3.0,57,32,32.97418191385391,Low,52,0.6440914351822762,0.5248872381202137,0.6083301760636574,5,Recommended based on semantic preference matching and predicted low crowd conditions.
U022,D047,Marble Beach,beach,trincomalee,5000,3.0,52,33,33.817135756291385,Medium,61,0.6636831359335627,0.4497412168642325,0.5995005602127635,6,Recommended based on semantic preference matching and predicted moderate crowd conditions.
U022,D088,Tangalle Beach,beach,hambantota,5000,4.0,55,37,35.59599026577287,Medium,61,0.7045290887684545,0.2911633303286376,0.5805193612365094,7,Recommended based on semantic preference matching and predicted moderate crowd conditions.
U022,D079,Mirissa Beach,beach,matara,6000,4.0,56,36,34.95914087301587,Medium,63,0.6791935510822806,0.34793595012783607,0.5798162707959472,8,Recommended based on semantic preference matching and predicted moderate crowd conditions.
U022,D071,Bentota Beach,beach;adventure,galle,7000,4.0,58,33,33.55011381737948,Medium,49,0.5989532800620343,0.47354517300881294,0.5613308479460679,9,Recommended based on semantic preference matching and predicted moderate crowd conditions.
U022,D012,Casuarina Beach,beach,jaffna,4000,3.0,58,43,38.8621278998779,Medium,50,0.6805359086249705,0.0,0.47637513603747933,10,Recommended based on semantic preference matching and predicted moderate crowd conditions.
U023,D045,Fort Frederick,heritage,trincomalee,3000,2.0,57,42,30.326710940813594,Low,51,0.6437322334184404,0.7608988677005578,0.6788822237030756,1,Recommended based on semantic preference matching and predicted low crowd conditions.
U023,D037,Buduruwagala,heritage,monaragala,3000,2.5,62,31,32.42629409159014,Low,48,0.6744598650048386,0.5737292836332581,0.6442406905933644,2,Recommended based on semantic preference matching and predicted low crowd conditions.
U023,D007,Ritigala Monastery,heritage;nature,anuradhapura,5000,3.0,60,29,30.390418342500947,Low,53,0.5777275947793501,0.7552196032849428,0.6309751973310278,3,Recommended based on semantic preference matching and predicted low crowd conditions.
U023,D006,Anuradhapura Sacred City,heritage;religious,anuradhapura,5000,5.0,61,29,30.234715479015968,Low,52,0.5460102998225533,0.7690999014697478,0.6129371803167116,4,Recommended based on semantic preference matching and predicted low crowd conditions.
U023,D005,Polonnaruwa Ancient City,heritage,polonnaruwa,5000,4.0,58,32,31.190871135356527,Low,62,0.5770017808859726,0.6838623835202121,0.6090599616762444,5,Recommended based on semantic preference matching and predicted low crowd conditions.
U023,D010,Jaffna Fort,heritage,jaffna,3000,2.0,54,30,32.85257867494825,Low,63,0.5974719565287578,0.5357276888252936,0.5789486762177186,6,Recommended based on semantic preference matching and predicted low crowd conditions.
U023,D074,Galle Fort,heritage;coastal,galle,5000,4.0,55,34,32.74346094081358,Low,49,0.5711715750147676,0.5454551058627178,0.5634566342691526,7,Recommended based on semantic preference matching and predicted low crowd conditions.
U023,D008,Mihintale,heritage;religious,anuradhapura,3000,3.0,61,37,34.405824410051366,Medium,57,0.5942925971706677,0.3972619376184252,0.5351833993049949,8,Recommended based on semantic preference matching and predicted moderate crowd conditions.
U023,D042,Batticaloa Fort,heritage,batticaloa,3000,2.0,57,39,35.92052757766573,Medium,49,0.5933387203525837,0.2622321047856816,0.4940067356825131,9,Recommended based on semantic preference matching and predicted moderate crowd conditions.
U023,D002,Dambulla Cave Temple,heritage,matale,5000,2.0,55,41,38.12460379795643,Medium,47,0.5376796227486722,0.06574737435152012,0.39609994822952654,10,Recommended based on semantic preference matching and predicted moderate crowd conditions.
U024,D022,Horton Plains National Park,nature;wildlife,nuwara eliya,7000,6.0,65,27,30.186992541430044,Low,64,0.5366177224124283,0.773354213748413,0.6076386698132237,1,Recommended based on semantic preference matching and predicted low crowd conditions.
U024,D096,Wasgamuwa National Park,wildlife;nature,matale,14000,5.0,65,30,31.542775209484383,Low,57,0.5334640455933436,0.6524915187074811,0.5691722875275849,2,Recommended based on semantic preference matching and predicted low crowd conditions.
U024,D084,Rekawa Turtle Beach,beach;wildlife,hambantota,5000,4.0,66,35,31.65207681120653,Low,60,0.5347753289926406,0.6427477105974486,0.567167043474083,3,Recommended based on semantic preference matching and predicted low crowd conditions.
U024,D004,Kaudulla National Park,wildlife;nature,polonnaruwa,15000,4.0,64,33,33.004177899072054,Medium,66,0.5648378482274995,0.5222132139574212,0.552050457946476,4,Recommended based on semantic preference matching and predicted moderate crowd conditions.
U024,D089,Kalametiya Bird Sanctuary,wildlife;nature,hambantota,5000,4.0,69,36,32.80298377376152,Low,53,0.5565027436555623,0.540148879299958,0.551596584348881,5,Recommended based on semantic preference matching and predicted low crowd conditions.
U024,D055,Negombo Beach,beach,gampaha,5000,3.0,57,32,32.97418191385391,Low,52,0.5230119968745008,0.5248872381202137,0.5235745692482147,6,Recommended based on semantic preference matching and predicted low crowd conditions.
U024,D085,Yala National Park,wildlife;nature,hambantota,16000,6.0,66,34,33.36449558748785,Medium,63,0.532983849748206,0.4900923085062927,0.520116387375632,7,Recommended based on semantic preference matching and predicted moderate crowd conditions.
U024,D059,Pinnawala Elephant Orphanage,wildlife;family,kegalle,8000,4.0,62,37,34.29655796191314,Medium,50,0.5660253413231029,0.40700261192464615,0.5183185225035658,8,Recommended based on semantic preference matching and predicted moderate crowd conditions.
U024,D003,Minneriya National Park,wildlife;nature,polonnaruwa,15000,4.0,70,35,35.323947767145135,Medium,59,0.5710640129744299,0.31541484963519584,0.4943692639726597,9,Recommended based on semantic preference matching and predicted moderate crowd conditions.
U024,D073,Kanneliya Forest Reserve,nature;wildlife,galle,7000,5.0,62,38,35.52430270628811,Medium,63,0.5355917232039851,0.2975539944405111,0.46418040457494286,10,Recommended based on semantic preference matching and predicted moderate crowd conditions.
U025,D035,Diyaluma Falls,nature;adventure,badulla,5000,5.0,67,26,30.11552092352093,Low,62,0.5985503019721216,0.7797256275177216,0.6529028996358015,1,Recommended based on semantic preference matching and predicted low crowd conditions.
U025,D080,Weligama Bay,beach;adventure,matara,6000,4.0,53,25,28.158017857142863,Low,47,0.478287685462993,0.9542293306022775,0.6210701790047783,2,Recommended based on semantic preference matching and predicted low crowd conditions.
U025,D062,Adam's Peak,religious;nature,ratnapura,5000,8.0,62,28,30.012362234664,Low,65,0.5353723885503021,0.7889218190946725,0.6114372177136131,3,Recommended based on semantic preference matching and predicted low crowd conditions.
U025,D060,Kitulgala,adventure;nature,kegalle,9000,5.0,57,25,29.21970517441428,Low,58,0.494522014086808,0.8595840799439637,0.6040406338439547,4,Recommended based on semantic preference matching and predicted low crowd conditions.
U025,D029,Ella Rock,nature;adventure,badulla,5000,6.0,61,29,30.7278406814978,Low,59,0.5335176903774129,0.7251397282289356,0.5910043017328697,5,Recommended based on semantic preference matching and predicted low crowd conditions.
U025,D091,Madulsima Mini World's End,nature;adventure,badulla,5000,4.0,65,30,31.0521849156408,Low,58,0.5367034096374186,0.6962257148083575,0.5845601011887003,6,Recommended based on semantic preference matching and predicted low crowd conditions.
U025,D019,Hanthana Mountain Range,nature;adventure,kandy,5000,5.0,62,32,33.087760614824376,Medium,68,0.5754368189687362,0.5147621434262106,0.5572344163059786,7,Recommended based on semantic preference matching and predicted moderate crowd conditions.
U025,D098,Ohiya,nature;adventure,badulla,5000,4.0,63,38,35.161483212421984,Medium,66,0.5849580191387951,0.32989792601250656,0.5084399912009084,8,Recommended based on semantic preference matching and predicted moderate crowd conditions.
U025,D093,Riverston,nature;adventure,matale,6000,5.0,57,34,34.43166150267749,Medium,58,0.5046275304147345,0.39495866238088495,0.4717268700045796,9,Recommended based on semantic preference matching and predicted moderate crowd conditions.
U025,D030,Little Adam's Peak,nature;adventure,badulla,3000,3.0,63,39,35.43239272245107,Medium,64,0.4888809082535766,0.3057474081855436,0.4339408582331667,10,Recommended based on semantic preference matching and predicted moderate crowd conditions.
U026,D049,Galle Face Green,city;coastal,colombo,2000,2.0,55,27,29.169311507936527,Low,55,0.5895174027530015,0.8640764772042382,0.6718851250883724,1,Recommended based on semantic preference matching and predicted low crowd conditions.
U026,D092,Meemure,nature;village;adventure,kandy,8000,7.0,63,21,27.870369134090883,Low,52,0.4955347591763417,0.9798720834654905,0.6408359564630863,2,Recommended based on semantic preference matching and predicted low crowd conditions.
U026,D074,Galle Fort,heritage;coastal,galle,5000,4.0,55,34,32.74346094081358,Low,49,0.6372471662265251,0.5454551058627178,0.6097095481173829,3,Recommended based on semantic preference matching and predicted low crowd conditions.
U026,D068,Ratnapura Gem Museum Area,culture;heritage,ratnapura,4000,2.5,56,23,28.451238031576263,Low,62,0.4366040644662105,0.9280899047507497,0.5840498165515722,4,Recommended based on semantic preference matching and predicted low crowd conditions.
U026,D048,Colombo National Museum,heritage;culture,colombo,3000,2.5,58,26,29.084063504916152,Low,53,0.4079927796261261,0.8716760015488636,0.5470977462029474,5,Recommended based on semantic preference matching and predicted low crowd conditions.
U026,D053,Dutch Hospital Colombo,heritage;city,colombo,5000,2.5,60,30,33.808424859497215,Medium,63,0.526615973953148,0.4505177590693912,0.503786509488021,6,Recommended based on semantic preference matching and predicted moderate crowd conditions.
U026,D078,Rumassala Sanctuary,nature;wildlife,galle,4000,3.0,72,37,31.566973196984492,Low,58,0.4343224906221797,0.6503343632483196,0.49912605241002167,7,Recommended based on semantic preference matching and predicted low crowd conditions.
U026,D076,Jungle Beach,beach;nature,galle,5000,4.0,65,36,34.60115895093469,Medium,52,0.385186251610189,0.37984863119253476,0.3835849654848927,8,Recommended based on semantic preference matching and predicted moderate crowd conditions.
U026,D073,Kanneliya Forest Reserve,nature;wildlife,galle,7000,5.0,62,38,35.52430270628811,Medium,63,0.3939193142632165,0.2975539944405111,0.3650097183164049,9,Recommended based on semantic preference matching and predicted moderate crowd conditions.
U026,D100,Pekoe Trail - Tea Country Section,nature;adventure;culture,nuwara eliya,7000,6.0,59,39,36.16415698336751,Medium,62,0.3975680887338446,0.24051350101669033,0.35045171241869827,10,Recommended based on semantic preference matching and predicted moderate crowd conditions.
U027,D092,Meemure,nature;village;adventure,kandy,8000,7.0,63,21,27.870369134090883,Low,52,0.574198203222097,0.9798720834654905,0.695900367295115,1,Recommended based on semantic preference matching and predicted low crowd conditions.
U027,D017,Udawattakele Forest Reserve,nature,kandy,3000,3.0,72,24,28.891241688116683,Low,67,0.578588734197313,0.8888653085006313,0.6716717064883084,2,Recommended based on semantic preference matching and predicted low crowd conditions.
U027,D026,Lover's Leap Waterfall,nature,nuwara eliya,3000,2.5,60,26,30.40683981141732,Low,63,0.5908399824968018,0.753755693886682,0.6397146959137658,3,Recommended based on semantic preference matching and predicted low crowd conditions.
U027,D067,Bambarakanda Falls,nature,badulla,3000,3.0,62,28,30.775052933556008,Low,53,0.5717581010681358,0.7209309415574732,0.6165099532149371,4,Recommended based on semantic preference matching and predicted low crowd conditions.
U027,D035,Diyaluma Falls,nature;adventure,badulla,5000,5.0,67,26,30.11552092352093,Low,62,0.519009258339205,0.7797256275177216,0.5972241690927599,5,Recommended based on semantic preference matching and predicted low crowd conditions.
U027,D007,Ritigala Monastery,heritage;nature,anuradhapura,5000,3.0,60,29,30.390418342500947,Low,53,0.5262005896896925,0.7552196032849428,0.5949062937682675,6,Recommended based on semantic preference matching and predicted low crowd conditions.
U027,D099,Baker's Falls,nature,nuwara eliya,3000,3.0,64,34,31.57728330309182,Low,58,0.5711306853593958,0.649415257819661,0.5946160570974753,7,Recommended based on semantic preference matching and predicted low crowd conditions.
U027,D073,Kanneliya Forest Reserve,nature;wildlife,galle,7000,5.0,62,38,35.52430270628811,Medium,63,0.6069330025698207,0.2975539944405111,0.5141193001310278,8,Recommended based on semantic preference matching and predicted moderate crowd conditions.
U027,D098,Ohiya,nature;adventure,badulla,5000,4.0,63,38,35.161483212421984,Medium,66,0.5927312647941362,0.32989792601250656,0.5138812631596472,9,Recommended based on semantic preference matching and predicted moderate crowd conditions.
U027,D036,Dunhinda Falls,nature,badulla,3000,3.0,57,40,37.54301421042725,Medium,52,0.56013179035868,0.11759379975050843,0.42737039317622855,10,Recommended based on semantic preference matching and predicted moderate crowd conditions.
U028,D080,Weligama Bay,beach;adventure,matara,6000,4.0,53,25,28.158017857142863,Low,47,0.6768660154715247,0.9542293306022775,0.7600750100107505,1,Recommended based on semantic preference matching and predicted low crowd conditions.
U028,D068,Ratnapura Gem Museum Area,culture;heritage,ratnapura,4000,2.5,56,23,28.451238031576263,Low,62,0.525740818855648,0.9280899047507497,0.6464455446241785,2,Recommended based on semantic preference matching and predicted low crowd conditions.
U028,D040,Arugam Bay,beach;adventure,ampara,8000,5.0,51,30,32.649231271136856,Low,57,0.6352282325117946,0.5538553104812717,0.6108163559026377,3,Recommended based on semantic preference matching and predicted low crowd conditions.
U028,D062,Adam's Peak,religious;nature,ratnapura,5000,8.0,62,28,30.012362234664,Low,65,0.5322336443104283,0.7889218190946725,0.6092400967457015,4,Recommended based on semantic preference matching and predicted low crowd conditions.
U028,D071,Bentota Beach,beach;adventure,galle,7000,4.0,58,33,33.55011381737948,Medium,49,0.6219147339697553,0.47354517300881294,0.5774038656814725,5,Recommended based on semantic preference matching and predicted moderate crowd conditions.
U028,D096,Wasgamuwa National Park,wildlife;nature,matale,14000,5.0,65,30,31.542775209484383,Low,57,0.5363259621561725,0.6524915187074811,0.571175629121565,6,Recommended based on semantic preference matching and predicted low crowd conditions.
U028,D041,Pasikuda Beach,beach,batticaloa,7000,4.0,58,35,34.23727862951952,Medium,51,0.5975590595046114,0.41228713137023054,0.5419774810642971,7,Recommended based on semantic preference matching and predicted moderate crowd conditions.
U028,D043,Nilaveli Beach,beach,trincomalee,7000,4.0,57,31,33.15998331491094,Medium,48,0.5481073862322821,0.5083237736334163,0.5361723024526223,8,Recommended based on semantic preference matching and predicted moderate crowd conditions.
U028,D079,Mirissa Beach,beach,matara,6000,4.0,56,36,34.95914087301587,Medium,63,0.5223838102789071,0.34793595012783607,0.47004945223358574,9,Recommended based on semantic preference matching and predicted moderate crowd conditions.
U028,D012,Casuarina Beach,beach,jaffna,4000,3.0,58,43,38.8621278998779,Medium,50,0.5257972933846282,0.0,0.3680581053692397,10,Recommended based on semantic preference matching and predicted moderate crowd conditions.
U029,D048,Colombo National Museum,heritage;culture,colombo,3000,2.5,58,26,29.084063504916152,Low,53,0.6974878021183193,0.8716760015488636,0.7497442619474826,1,Recommended based on semantic preference matching and predicted low crowd conditions.
U029,D006,Anuradhapura Sacred City,heritage;religious,anuradhapura,5000,5.0,61,29,30.234715479015968,Low,52,0.5149782384591597,0.7690999014697478,0.5912147373623361,2,Recommended based on semantic preference matching and predicted low crowd conditions.
U029,D031,Nine Arches Bridge,heritage;nature,badulla,3000,2.0,66,37,30.33896428571428,Low,68,0.5132135584873465,0.7598065301726794,0.5871914499929464,3,Recommended based on semantic preference matching and predicted low crowd conditions.
U029,D005,Polonnaruwa Ancient City,heritage,polonnaruwa,5000,4.0,58,32,31.190871135356527,Low,62,0.5373910586497953,0.6838623835202121,0.5813324561109203,4,Recommended based on semantic preference matching and predicted low crowd conditions.
U029,D050,Gangaramaya Temple,heritage;religious,colombo,3000,2.0,62,33,33.4456254379296,Medium,58,0.5913317819590573,0.482859901274882,0.5587902177538047,5,Recommended based on semantic preference matching and predicted moderate crowd conditions.
U029,D033,Demodara Railway Loop,heritage;nature,badulla,3000,2.0,55,37,35.220742805338574,Medium,54,0.6584989535304951,0.3246151662636996,0.5583338173504564,6,Recommended based on semantic preference matching and predicted moderate crowd conditions.
U029,D046,Koneswaram Temple,heritage;religious,trincomalee,3000,2.0,62,40,32.64327493381555,Low,53,0.5415485862448473,0.5543862945380743,0.5453998987328154,7,Recommended based on semantic preference matching and predicted low crowd conditions.
U029,D010,Jaffna Fort,heritage,jaffna,3000,2.0,54,30,32.85257867494825,Low,63,0.5063045425283064,0.5357276888252936,0.5151314864174026,8,Recommended based on semantic preference matching and predicted low crowd conditions.
U029,D042,Batticaloa Fort,heritage,batticaloa,3000,2.0,57,39,35.92052757766573,Medium,49,0.5485442165522781,0.2622321047856816,0.46265058302229917,9,Recommended based on semantic preference matching and predicted moderate crowd conditions.
U029,D002,Dambulla Cave Temple,heritage,matale,5000,2.0,55,41,38.12460379795643,Medium,47,0.5143900705841231,0.06574737435152012,0.3797972617143422,10,Recommended based on semantic preference matching and predicted moderate crowd conditions.
U030,D064,Udawalawe National Park,wildlife;nature,ratnapura,15000,5.0,64,25,27.644583333333333,Low,66,0.6271437011756483,1.0,0.7390005908229538,1,Recommended based on semantic preference matching and predicted low crowd conditions.
U030,D096,Wasgamuwa National Park,wildlife;nature,matale,14000,5.0,65,30,31.542775209484383,Low,57,0.6517169634293067,0.6524915187074811,0.651949330012759,2,Recommended based on semantic preference matching and predicted low crowd conditions.
U030,D090,Lunugamvehera National Park,wildlife;nature,monaragala,12000,5.0,71,32,31.940196613136628,Low,57,0.6572789886474406,0.617062962904144,0.6452141809244516,3,Recommended based on semantic preference matching and predicted low crowd conditions.
U030,D086,Bundala National Park,wildlife;nature,hambantota,12000,5.0,66,29,30.98790251299444,Low,57,0.5799010053645025,0.7019562382990399,0.6165175752448637,4,Recommended based on semantic preference matching and predicted low crowd conditions.
U030,D058,Wilpattu Wildlife Area,wildlife;nature,puttalam,16000,5.0,68,30,31.51674553065613,Low,53,0.5912684064058205,0.6548119622478512,0.6103314731584297,5,Recommended based on semantic preference matching and predicted low crowd conditions.
U030,D038,Gal Oya National Park,wildlife;nature,ampara,15000,6.0,65,36,33.38568607012357,Medium,65,0.620204839669989,0.48820326028277006,0.5806043658538232,6,Recommended based on semantic preference matching and predicted moderate crowd conditions.
U030,D004,Kaudulla National Park,wildlife;nature,polonnaruwa,15000,4.0,64,33,33.004177899072054,Medium,66,0.6001253543366504,0.5222132139574212,0.5767517122228816,7,Recommended based on semantic preference matching and predicted moderate crowd conditions.
U030,D085,Yala National Park,wildlife;nature,hambantota,16000,6.0,66,34,33.36449558748785,Medium,63,0.6102123622093267,0.4900923085062927,0.5741763460984165,8,Recommended based on semantic preference matching and predicted moderate crowd conditions.
U030,D010,Jaffna Fort,heritage,jaffna,3000,2.0,54,30,32.85257867494825,Low,63,0.5644130139395594,0.5357276888252936,0.5558074164052796,9,Recommended based on semantic preference matching and predicted low crowd conditions.
U030,D003,Minneriya National Park,wildlife;nature,polonnaruwa,15000,4.0,70,35,35.323947767145135,Medium,59,0.6089787163022051,0.31541484963519584,0.5209095563021023,10,Recommended based on semantic preference matching and predicted moderate crowd conditions.
U031,D051,Viharamahadevi Park,nature;city,colombo,2000,2.0,58,29,32.05984705342108,Low,56,0.6741832019283107,0.6063965965193558,0.6538472203056243,1,Recommended based on semantic preference matching and predicted low crowd conditions.
U031,D048,Colombo National Museum,heritage;culture,colombo,3000,2.5,58,26,29.084063504916152,Low,53,0.54484089282466,0.8716760015488636,0.642891425441921,2,Recommended based on semantic preference matching and predicted low crowd conditions.
U031,D029,Ella Rock,nature;adventure,badulla,5000,6.0,61,29,30.7278406814978,Low,59,0.5324358677829084,0.7251397282289356,0.5902470259167165,3,Recommended based on semantic preference matching and predicted low crowd conditions.
U031,D066,Bopath Ella,nature,ratnapura,3000,3.0,57,34,33.713491242495095,Medium,56,0.6047581518048626,0.45898071782466565,0.5610249216108035,4,Recommended based on semantic preference matching and predicted moderate crowd conditions.
U031,D054,Mount Lavinia Beach,beach,colombo,5000,3.0,59,37,31.827333453739904,Low,62,0.5249810773669541,0.6271242698797659,0.5556240351207976,5,Recommended based on semantic preference matching and predicted low crowd conditions.
U031,D094,Sembuwatta Lake,nature,matale,5000,4.0,64,37,33.44835720550408,Medium,56,0.5841695924873278,0.4826163749346678,0.5537036272215298,6,Recommended based on semantic preference matching and predicted moderate crowd conditions.
U031,D053,Dutch Hospital Colombo,heritage;city,colombo,5000,2.5,60,30,33.808424859497215,Medium,63,0.5963759059935864,0.4505177590693912,0.5526184619163278,7,Recommended based on semantic preference matching and predicted moderate crowd conditions.
U031,D098,Ohiya,nature;adventure,badulla,5000,4.0,63,38,35.161483212421984,Medium,66,0.5554447891065275,0.32989792601250656,0.4877807301783212,8,Recommended based on semantic preference matching and predicted moderate crowd conditions.
U031,D070,Brief Garden,nature,kalutara,4000,2.5,59,37,35.6033150762281,Medium,67,0.5282497261533525,0.29051035227165023,0.4569279139888418,9,Recommended based on semantic preference matching and predicted moderate crowd conditions.
U031,D052,Independence Square,heritage;city,colombo,2000,2.0,60,38,36.89757229123533,Medium,49,0.5516777744944193,0.17513240950267328,0.43871416499689553,10,Recommended based on semantic preference matching and predicted moderate crowd conditions.
U032,D015,Kandy Lake,nature;city,kandy,2000,2.0,63,25,29.22337604016474,Low,53,0.6350391846664889,0.8592568366931181,0.7023044802744776,1,Recommended based on semantic preference matching and predicted low crowd conditions.
U032,D041,Pasikuda Beach,beach,batticaloa,7000,4.0,58,35,34.23727862951952,Medium,51,0.7476379942770093,0.41228713137023054,0.6470327354049756,2,Recommended based on semantic preference matching and predicted moderate crowd conditions.
U032,D054,Mount Lavinia Beach,beach,colombo,5000,3.0,59,37,31.827333453739904,Low,62,0.6471458037526023,0.6271242698797659,0.6411393435907513,3,Recommended based on semantic preference matching and predicted low crowd conditions.
U032,D043,Nilaveli Beach,beach,trincomalee,7000,4.0,57,31,33.15998331491094,Medium,48,0.6945899601286057,0.5083237736334163,0.6387101041800489,4,Recommended based on semantic preference matching and predicted moderate crowd conditions.
U032,D055,Negombo Beach,beach,gampaha,5000,3.0,57,32,32.97418191385391,Low,52,0.679500663785187,0.5248872381202137,0.633116636085695,5,Recommended based on semantic preference matching and predicted low crowd conditions.
U032,D071,Bentota Beach,beach;adventure,galle,7000,4.0,58,33,33.55011381737948,Medium,49,0.6996271674999032,0.47354517300881294,0.631802569152576,6,Recommended based on semantic preference matching and predicted moderate crowd conditions.
U032,D047,Marble Beach,beach,trincomalee,5000,3.0,52,33,33.817135756291385,Medium,61,0.6613236299079726,0.4497412168642325,0.5978489059948505,7,Recommended based on semantic preference matching and predicted moderate crowd conditions.
U032,D088,Tangalle Beach,beach,hambantota,5000,4.0,55,37,35.59599026577287,Medium,61,0.6989492205849901,0.2911633303286376,0.5766134535080842,8,Recommended based on semantic preference matching and predicted moderate crowd conditions.
U032,D079,Mirissa Beach,beach,matara,6000,4.0,56,36,34.95914087301587,Medium,63,0.6727637630495804,0.34793595012783607,0.5753154191730571,9,Recommended based on semantic preference matching and predicted moderate crowd conditions.
U032,D012,Casuarina Beach,beach,jaffna,4000,3.0,58,43,38.8621278998779,Medium,50,0.674343713152405,0.0,0.4720405992066835,10,Recommended based on semantic preference matching and predicted moderate crowd conditions.
U033,D007,Ritigala Monastery,heritage;nature,anuradhapura,5000,3.0,60,29,30.390418342500947,Low,53,0.5875130672519219,0.7552196032849428,0.6378250280618281,1,Recommended based on semantic preference matching and predicted low crowd conditions.
U033,D045,Fort Frederick,heritage,trincomalee,3000,2.0,57,42,30.326710940813594,Low,51,0.5744478233944494,0.7608988677005578,0.630383136686282,2,Recommended based on semantic preference matching and predicted low crowd conditions.
U033,D006,Anuradhapura Sacred City,heritage;religious,anuradhapura,5000,5.0,61,29,30.234715479015968,Low,52,0.5525995856419786,0.7690999014697478,0.6175496803903093,3,Recommended based on semantic preference matching and predicted low crowd conditions.
U033,D005,Polonnaruwa Ancient City,heritage,polonnaruwa,5000,4.0,58,32,31.190871135356527,Low,62,0.5749660462786635,0.6838623835202121,0.6076349474511281,4,Recommended based on semantic preference matching and predicted low crowd conditions.
U033,D037,Buduruwagala,heritage,monaragala,3000,2.5,62,31,32.42629409159014,Low,48,0.6095570867638046,0.5737292836332581,0.5988087458246406,5,Recommended based on semantic preference matching and predicted low crowd conditions.
U033,D010,Jaffna Fort,heritage,jaffna,3000,2.0,54,30,32.85257867494825,Low,63,0.6011840381437905,0.5357276888252936,0.5815471333482415,6,Recommended based on semantic preference matching and predicted low crowd conditions.
U033,D074,Galle Fort,heritage;coastal,galle,5000,4.0,55,34,32.74346094081358,Low,49,0.5742219454439018,0.5454551058627178,0.5655918935695466,7,Recommended based on semantic preference matching and predicted low crowd conditions.
U033,D008,Mihintale,heritage;religious,anuradhapura,3000,3.0,61,37,34.405824410051366,Medium,57,0.5998743524297996,0.3972619376184252,0.5390906279863872,8,Recommended based on semantic preference matching and predicted moderate crowd conditions.
U033,D042,Batticaloa Fort,heritage,batticaloa,3000,2.0,57,39,35.92052757766573,Medium,49,0.599776333541133,0.2622321047856816,0.4985130649144976,9,Recommended based on semantic preference matching and predicted moderate crowd conditions.
U033,D002,Dambulla Cave Temple,heritage,matale,5000,2.0,55,41,38.12460379795643,Medium,47,0.5437650553472939,0.06574737435152012,0.40035975104856175,10,Recommended based on semantic preference matching and predicted moderate crowd conditions.
U034,D096,Wasgamuwa National Park,wildlife;nature,matale,14000,5.0,65,30,31.542775209484383,Low,57,0.704003720022164,0.6524915187074811,0.6885500596277592,1,Recommended based on semantic preference matching and predicted low crowd conditions.
U034,D022,Horton Plains National Park,nature;wildlife,nuwara eliya,7000,6.0,65,27,30.186992541430044,Low,64,0.5481524149432021,0.773354213748413,0.6157129545847654,2,Recommended based on semantic preference matching and predicted low crowd conditions.
U034,D084,Rekawa Turtle Beach,beach;wildlife,hambantota,5000,4.0,66,35,31.65207681120653,Low,60,0.5364205971801126,0.6427477105974486,0.5683187312053134,3,Recommended based on semantic preference matching and predicted low crowd conditions.
U034,D089,Kalametiya Bird Sanctuary,wildlife;nature,hambantota,5000,4.0,69,36,32.80298377376152,Low,53,0.5599648352053805,0.540148879299958,0.5540200484337537,4,Recommended based on semantic preference matching and predicted low crowd conditions.
U034,D004,Kaudulla National Park,wildlife;nature,polonnaruwa,15000,4.0,64,33,33.004177899072054,Medium,66,0.5577062787787902,0.5222132139574212,0.5470583593323795,5,Recommended based on semantic preference matching and predicted moderate crowd conditions.
U034,D090,Lunugamvehera National Park,wildlife;nature,monaragala,12000,5.0,71,32,31.940196613136628,Low,57,0.5147996790826335,0.617062962904144,0.5454786642290866,6,Recommended based on semantic preference matching and predicted low crowd conditions.
U034,D085,Yala National Park,wildlife;nature,hambantota,16000,6.0,66,34,33.36449558748785,Medium,63,0.5283277989082756,0.4900923085062927,0.5168571517876808,7,Recommended based on semantic preference matching and predicted moderate crowd conditions.
U034,D003,Minneriya National Park,wildlife;nature,polonnaruwa,15000,4.0,70,35,35.323947767145135,Medium,59,0.5651238220050007,0.31541484963519584,0.4902111302940592,8,Recommended based on semantic preference matching and predicted moderate crowd conditions.
U034,D073,Kanneliya Forest Reserve,nature;wildlife,galle,7000,5.0,62,38,35.52430270628811,Medium,63,0.542940164598484,0.2975539944405111,0.4693243135510921,9,Recommended based on semantic preference matching and predicted moderate crowd conditions.
U034,D057,Kalpitiya Lagoon,marine;nature,puttalam,7000,4.0,72,39,34.88804178338002,Medium,61,0.5124786719809,0.35427415446605626,0.46501731672644686,10,Recommended based on semantic preference matching and predicted moderate crowd conditions.
U035,D060,Kitulgala,adventure;nature,kegalle,9000,5.0,57,25,29.21970517441428,Low,58,0.5838766244721513,0.8595840799439637,0.666588861113695,1,Recommended based on semantic preference matching and predicted low crowd conditions.
U035,D092,Meemure,nature;village;adventure,kandy,8000,7.0,63,21,27.870369134090883,Low,52,0.5215298310838667,0.9798720834654905,0.6590325067983538,2,Recommended based on semantic preference matching and predicted low crowd conditions.
U035,D080,Weligama Bay,beach;adventure,matara,6000,4.0,53,25,28.158017857142863,Low,47,0.5044336931295881,0.9542293306022775,0.6393723843713949,3,Recommended based on semantic preference matching and predicted low crowd conditions.
U035,D035,Diyaluma Falls,nature;adventure,badulla,5000,5.0,67,26,30.11552092352093,Low,62,0.5318290144231999,0.7797256275177216,0.6061979983515563,4,Recommended based on semantic preference matching and predicted low crowd conditions.
U035,D023,World's End,nature;adventure,nuwara eliya,7000,5.0,63,30,31.51345397328164,Low,58,0.5214126964437604,0.6551053916481059,0.561520505005064,5,Recommended based on semantic preference matching and predicted low crowd conditions.
U035,D091,Madulsima Mini World's End,nature;adventure,badulla,5000,4.0,65,30,31.0521849156408,Low,58,0.475056217964641,0.6962257148083575,0.541407067017756,6,Recommended based on semantic preference matching and predicted low crowd conditions.
U035,D019,Hanthana Mountain Range,nature;adventure,kandy,5000,5.0,62,32,33.087760614824376,Medium,68,0.5044390750924438,0.5147621434262106,0.5075359955925738,7,Recommended based on semantic preference matching and predicted moderate crowd conditions.
U035,D018,Knuckles Mountain Range,nature;adventure,matale,10000,7.0,63,40,33.78162137379049,Medium,62,0.5235057817643123,0.4529071844510083,0.502326202570321,8,Recommended based on semantic preference matching and predicted moderate crowd conditions.
U035,D093,Riverston,nature;adventure,matale,6000,5.0,57,34,34.43166150267749,Medium,58,0.5270712242526535,0.39495866238088495,0.48743745569112296,9,Recommended based on semantic preference matching and predicted moderate crowd conditions.
U035,D098,Ohiya,nature;adventure,badulla,5000,4.0,63,38,35.161483212421984,Medium,66,0.5187772356280194,0.32989792601250656,0.4621134427433655,10,Recommended based on semantic preference matching and predicted moderate crowd conditions.
U036,D049,Galle Face Green,city;coastal,colombo,2000,2.0,55,27,29.169311507936527,Low,55,0.601450365142383,0.8640764772042382,0.6802381987609396,1,Recommended based on semantic preference matching and predicted low crowd conditions.
U036,D074,Galle Fort,heritage;coastal,galle,5000,4.0,55,34,32.74346094081358,Low,49,0.6022982802016588,0.5454551058627178,0.5852453278999764,2,Recommended based on semantic preference matching and predicted low crowd conditions.
U036,D068,Ratnapura Gem Museum Area,culture;heritage,ratnapura,4000,2.5,56,23,28.451238031576263,Low,62,0.4260366441246589,0.9280899047507497,0.5766526223124862,3,Recommended based on semantic preference matching and predicted low crowd conditions.
U036,D092,Meemure,nature;village;adventure,kandy,8000,7.0,63,21,27.870369134090883,Low,52,0.372673303484948,0.9798720834654905,0.5548329374791108,4,Recommended based on semantic preference matching and predicted low crowd conditions.
U036,D048,Colombo National Museum,heritage;culture,colombo,3000,2.5,58,26,29.084063504916152,Low,53,0.3985641699797752,0.8716760015488636,0.5404977194505016,5,Recommended based on semantic preference matching and predicted low crowd conditions.
U036,D053,Dutch Hospital Colombo,heritage;city,colombo,5000,2.5,60,30,33.808424859497215,Medium,63,0.5126502117784575,0.4505177590693912,0.49401047596573755,6,Recommended based on semantic preference matching and predicted moderate crowd conditions.
U036,D055,Negombo Beach,beach,gampaha,5000,3.0,57,32,32.97418191385391,Low,52,0.381408783846575,0.5248872381202137,0.4244523201286666,7,Recommended based on semantic preference matching and predicted low crowd conditions.
U036,D071,Bentota Beach,beach;adventure,galle,7000,4.0,58,33,33.55011381737948,Medium,49,0.393652689548463,0.47354517300881294,0.41762043458656795,8,Recommended based on semantic preference matching and predicted moderate crowd conditions.
U036,D073,Kanneliya Forest Reserve,nature;wildlife,galle,7000,5.0,62,38,35.52430270628811,Medium,63,0.3703409971854626,0.2975539944405111,0.3485048963619771,9,Recommended based on semantic preference matching and predicted moderate crowd conditions.
U036,D100,Pekoe Trail - Tea Country Section,nature;adventure;culture,nuwara eliya,7000,6.0,59,39,36.16415698336751,Medium,62,0.3913861781527472,0.24051350101669033,0.3461243750119301,10,Recommended based on semantic preference matching and predicted moderate crowd conditions.
U037,D017,Udawattakele Forest Reserve,nature,kandy,3000,3.0,72,24,28.891241688116683,Low,67,0.5847429609270022,0.8888653085006313,0.6759796651990909,1,Recommended based on semantic preference matching and predicted low crowd conditions.
U037,D035,Diyaluma Falls,nature;adventure,badulla,5000,5.0,67,26,30.11552092352093,Low,62,0.5813669318607241,0.7797256275177216,0.6408745405578233,2,Recommended based on semantic preference matching and predicted low crowd conditions.
U037,D007,Ritigala Monastery,heritage;nature,anuradhapura,5000,3.0,60,29,30.390418342500947,Low,53,0.5904265800929562,0.7552196032849428,0.6398644870505521,3,Recommended based on semantic preference matching and predicted low crowd conditions.
U037,D026,Lover's Leap Waterfall,nature,nuwara eliya,3000,2.5,60,26,30.40683981141732,Low,63,0.588753724038329,0.753755693886682,0.6382543149928349,4,Recommended based on semantic preference matching and predicted low crowd conditions.
U037,D067,Bambarakanda Falls,nature,badulla,3000,3.0,62,28,30.775052933556008,Low,53,0.5581070165061757,0.7209309415574732,0.6069541940215649,5,Recommended based on semantic preference matching and predicted low crowd conditions.
U037,D099,Baker's Falls,nature,nuwara eliya,3000,3.0,64,34,31.57728330309182,Low,58,0.5657991798073561,0.649415257819661,0.5908840032110475,6,Recommended based on semantic preference matching and predicted low crowd conditions.
U037,D098,Ohiya,nature;adventure,badulla,5000,4.0,63,38,35.161483212421984,Medium,66,0.6571726319947159,0.32989792601250656,0.5589902202000531,7,Recommended based on semantic preference matching and predicted moderate crowd conditions.
U037,D019,Hanthana Mountain Range,nature;adventure,kandy,5000,5.0,62,32,33.087760614824376,Medium,68,0.5433755391164646,0.5147621434262106,0.5347915204093885,8,Recommended based on semantic preference matching and predicted moderate crowd conditions.
U037,D073,Kanneliya Forest Reserve,nature;wildlife,galle,7000,5.0,62,38,35.52430270628811,Medium,63,0.5669094902703748,0.2975539944405111,0.4861028415214157,9,Recommended based on semantic preference matching and predicted moderate crowd conditions.
U037,D036,Dunhinda Falls,nature,badulla,3000,3.0,57,40,37.54301421042725,Medium,52,0.5444699245672078,0.11759379975050843,0.416407087122198,10,Recommended based on semantic preference matching and predicted moderate crowd conditions.
U038,D080,Weligama Bay,beach;adventure,matara,6000,4.0,53,25,28.158017857142863,Low,47,0.6840129808737652,0.9542293306022775,0.7650778857923188,1,Recommended based on semantic preference matching and predicted low crowd conditions.
U038,D040,Arugam Bay,beach;adventure,ampara,8000,5.0,51,30,32.649231271136856,Low,57,0.7639993391985596,0.5538553104812717,0.7009561305833731,2,Recommended based on semantic preference matching and predicted low crowd conditions.
U038,D068,Ratnapura Gem Museum Area,culture;heritage,ratnapura,4000,2.5,56,23,28.451238031576263,Low,62,0.5829337992956259,0.9280899047507497,0.6864806309321629,3,Recommended based on semantic preference matching and predicted low crowd conditions.
U038,D092,Meemure,nature;village;adventure,kandy,8000,7.0,63,21,27.870369134090883,Low,52,0.5501571908187795,0.9798720834654905,0.6790716586127927,4,Recommended based on semantic preference matching and predicted low crowd conditions.
U038,D063,Sinharaja Forest Reserve,nature;wildlife,ratnapura,8000,6.0,69,26,28.978210317460302,Low,67,0.5854225833406587,0.8811123970833683,0.6741295274634715,5,Recommended based on semantic preference matching and predicted low crowd conditions.
U038,D062,Adam's Peak,religious;nature,ratnapura,5000,8.0,62,28,30.012362234664,Low,65,0.5388065258192916,0.7889218190946725,0.6138411138019058,6,Recommended based on semantic preference matching and predicted low crowd conditions.
U038,D071,Bentota Beach,beach;adventure,galle,7000,4.0,58,33,33.55011381737948,Medium,49,0.5902235400098859,0.47354517300881294,0.555220029909564,7,Recommended based on semantic preference matching and predicted moderate crowd conditions.
U038,D041,Pasikuda Beach,beach,batticaloa,7000,4.0,58,35,34.23727862951952,Medium,51,0.5616042179225111,0.41228713137023054,0.5168090919568269,8,Recommended based on semantic preference matching and predicted moderate crowd conditions.
U038,D079,Mirissa Beach,beach,matara,6000,4.0,56,36,34.95914087301587,Medium,63,0.5830906195189001,0.34793595012783607,0.5125442187015808,9,Recommended based on semantic preference matching and predicted moderate crowd conditions.
U038,D012,Casuarina Beach,beach,jaffna,4000,3.0,58,43,38.8621278998779,Medium,50,0.5293520821615638,0.0,0.3705464575130947,10,Recommended based on semantic preference matching and predicted moderate crowd conditions.
U039,D048,Colombo National Museum,heritage;culture,colombo,3000,2.5,58,26,29.084063504916152,Low,53,0.6828416714863972,0.8716760015488636,0.739491970505137,1,Recommended based on semantic preference matching and predicted low crowd conditions.
U039,D031,Nine Arches Bridge,heritage;nature,badulla,3000,2.0,66,37,30.33896428571428,Low,68,0.5188659166884464,0.7598065301726794,0.5911481007337163,2,Recommended based on semantic preference matching and predicted low crowd conditions.
U039,D006,Anuradhapura Sacred City,heritage;religious,anuradhapura,5000,5.0,61,29,30.234715479015968,Low,52,0.5012703641410268,0.7690999014697478,0.581619225339643,3,Recommended based on semantic preference matching and predicted low crowd conditions.
U039,D005,Polonnaruwa Ancient City,heritage,polonnaruwa,5000,4.0,58,32,31.190871135356527,Low,62,0.5289254907811097,0.6838623835202121,0.5754065586028404,4,Recommended based on semantic preference matching and predicted low crowd conditions.
U039,D050,Gangaramaya Temple,heritage;religious,colombo,3000,2.0,62,33,33.4456254379296,Medium,58,0.5824083359886492,0.482859901274882,0.552543805574519,5,Recommended based on semantic preference matching and predicted moderate crowd conditions.
U039,D033,Demodara Railway Loop,heritage;nature,badulla,3000,2.0,55,37,35.220742805338574,Medium,54,0.6469260605791012,0.3246151662636996,0.5502327922844806,6,Recommended based on semantic preference matching and predicted moderate crowd conditions.
U039,D046,Koneswaram Temple,heritage;religious,trincomalee,3000,2.0,62,40,32.64327493381555,Low,53,0.528852969238448,0.5543862945380743,0.5365129668283359,7,Recommended based on semantic preference matching and predicted low crowd conditions.
U039,D010,Jaffna Fort,heritage,jaffna,3000,2.0,54,30,32.85257867494825,Low,63,0.4925378355908593,0.5357276888252936,0.5054947915611896,8,Recommended based on semantic preference matching and predicted low crowd conditions.
U039,D042,Batticaloa Fort,heritage,batticaloa,3000,2.0,57,39,35.92052757766573,Medium,49,0.5349177085331993,0.2622321047856816,0.45311202740894396,9,Recommended based on semantic preference matching and predicted moderate crowd conditions.
U039,D002,Dambulla Cave Temple,heritage,matale,5000,2.0,55,41,38.12460379795643,Medium,47,0.502491458989883,0.06574737435152012,0.3714682335983741,10,Recommended based on semantic preference matching and predicted moderate crowd conditions.
U040,D096,Wasgamuwa National Park,wildlife;nature,matale,14000,5.0,65,30,31.542775209484383,Low,57,0.8039303255081177,0.6524915187074811,0.7584986834679266,1,Recommended based on semantic preference matching and predicted low crowd conditions.
U040,D064,Udawalawe National Park,wildlife;nature,ratnapura,15000,5.0,64,25,27.644583333333333,Low,66,0.6541781571436691,1.0,0.7579247100005684,2,Recommended based on semantic preference matching and predicted low crowd conditions.
U040,D090,Lunugamvehera National Park,wildlife;nature,monaragala,12000,5.0,71,32,31.940196613136628,Low,57,0.6615601866478105,0.617062962904144,0.6482110195247105,3,Recommended based on semantic preference matching and predicted low crowd conditions.
U040,D086,Bundala National Park,wildlife;nature,hambantota,12000,5.0,66,29,30.98790251299444,Low,57,0.5869070445924979,0.7019562382990399,0.6214218027044605,4,Recommended based on semantic preference matching and predicted low crowd conditions.
U040,D058,Wilpattu Wildlife Area,wildlife;nature,puttalam,16000,5.0,68,30,31.51674553065613,Low,53,0.5788835607087284,0.6548119622478512,0.6016620811704652,5,Recommended based on semantic preference matching and predicted low crowd conditions.
U040,D004,Kaudulla National Park,wildlife;nature,polonnaruwa,15000,4.0,64,33,33.004177899072054,Medium,66,0.5904032353691273,0.5222132139574212,0.5699462289456154,6,Recommended based on semantic preference matching and predicted moderate crowd conditions.
U040,D038,Gal Oya National Park,wildlife;nature,ampara,15000,6.0,65,36,33.38568607012357,Medium,65,0.6024908680879435,0.48820326028277006,0.5682045857463914,7,Recommended based on semantic preference matching and predicted moderate crowd conditions.
U040,D085,Yala National Park,wildlife;nature,hambantota,16000,6.0,66,34,33.36449558748785,Medium,63,0.5969110858843146,0.4900923085062927,0.564865452670908,8,Recommended based on semantic preference matching and predicted moderate crowd conditions.
U040,D010,Jaffna Fort,heritage,jaffna,3000,2.0,54,30,32.85257867494825,Low,63,0.5731724263005507,0.5357276888252936,0.5619390050579736,9,Recommended based on semantic preference matching and predicted low crowd conditions.
U040,D003,Minneriya National Park,wildlife;nature,polonnaruwa,15000,4.0,70,35,35.323947767145135,Medium,59,0.5974348131895898,0.31541484963519584,0.5128288241232716,10,Recommended based on semantic preference matching and predicted moderate crowd conditions.
U041,D048,Colombo National Museum,heritage;culture,colombo,3000,2.5,58,26,29.084063504916152,Low,53,0.5352815139557998,0.8716760015488636,0.6361998602337189,1,Recommended based on semantic preference matching and predicted low crowd conditions.
U041,D051,Viharamahadevi Park,nature;city,colombo,2000,2.0,58,29,32.05984705342108,Low,56,0.617808152214147,0.6063965965193558,0.6143846855057096,2,Recommended based on semantic preference matching and predicted low crowd conditions.
U041,D049,Galle Face Green,city;coastal,colombo,2000,2.0,55,27,29.169311507936527,Low,55,0.4916693295050209,0.8640764772042382,0.6033914738147861,3,Recommended based on semantic preference matching and predicted low crowd conditions.
U041,D097,Haputale,nature;city,badulla,4000,3.0,61,28,30.47437829685945,Low,52,0.5114696721485461,0.7477349034149814,0.5823492415284767,4,Recommended based on semantic preference matching and predicted low crowd conditions.
U041,D032,Ravana Falls,nature,badulla,3000,2.0,65,33,31.449739010989003,Low,59,0.5006165491503789,0.6607853300619599,0.5486671834238532,5,Recommended based on semantic preference matching and predicted low crowd conditions.
U041,D066,Bopath Ella,nature,ratnapura,3000,3.0,57,34,33.713491242495095,Medium,56,0.529464422615797,0.45898071782466565,0.5083193111784575,6,Recommended based on semantic preference matching and predicted moderate crowd conditions.
U041,D053,Dutch Hospital Colombo,heritage;city,colombo,5000,2.5,60,30,33.808424859497215,Medium,63,0.5146742846710161,0.4505177590693912,0.49542732699052855,7,Recommended based on semantic preference matching and predicted moderate crowd conditions.
U041,D070,Brief Garden,nature,kalutara,4000,2.5,59,37,35.6033150762281,Medium,67,0.5193630602841217,0.29051035227165023,0.4507072478803802,8,Recommended based on semantic preference matching and predicted moderate crowd conditions.
U041,D052,Independence Square,heritage;city,colombo,2000,2.0,60,38,36.89757229123533,Medium,49,0.5454658698816135,0.17513240950267328,0.4343658317679314,9,Recommended based on semantic preference matching and predicted moderate crowd conditions.
U041,D021,Gregory Lake,nature,nuwara eliya,3000,2.5,61,39,37.00068795093794,Medium,53,0.4827369621988756,0.16594005380567478,0.3876978896809153,10,Recommended based on semantic preference matching and predicted moderate crowd conditions.
U042,D015,Kandy Lake,nature;city,kandy,2000,2.0,63,25,29.22337604016474,Low,53,0.6245282314196305,0.8592568366931181,0.6949468130016767,1,Recommended based on semantic preference matching and predicted low crowd conditions.
U042,D054,Mount Lavinia Beach,beach,colombo,5000,3.0,59,37,31.827333453739904,Low,62,0.632909720099502,0.6271242698797659,0.6311740850335811,2,Recommended based on semantic preference matching and predicted low crowd conditions.
U042,D041,Pasikuda Beach,beach,batticaloa,7000,4.0,58,35,34.23727862951952,Medium,51,0.6943001543369121,0.41228713137023054,0.6096962474469075,3,Recommended based on semantic preference matching and predicted moderate crowd conditions.
U042,D043,Nilaveli Beach,beach,trincomalee,7000,4.0,57,31,33.15998331491094,Medium,48,0.644952167022895,0.5083237736334163,0.6039636490060514,4,Recommended based on semantic preference matching and predicted moderate crowd conditions.
U042,D055,Negombo Beach,beach,gampaha,5000,3.0,57,32,32.97418191385391,Low,52,0.6331280675869758,0.5248872381202137,0.6006558187469472,5,Recommended based on semantic preference matching and predicted low crowd conditions.
U042,D047,Marble Beach,beach,trincomalee,5000,3.0,52,33,33.817135756291385,Medium,61,0.6521050412960137,0.4497412168642325,0.5913958939664793,6,Recommended based on semantic preference matching and predicted moderate crowd conditions.
U042,D088,Tangalle Beach,beach,hambantota,5000,4.0,55,37,35.59599026577287,Medium,61,0.690667885541727,0.2911633303286376,0.5708165189778001,7,Recommended based on semantic preference matching and predicted moderate crowd conditions.
U042,D079,Mirissa Beach,beach,matara,6000,4.0,56,36,34.95914087301587,Medium,63,0.6654002692355603,0.34793595012783607,0.570160973503243,8,Recommended based on semantic preference matching and predicted moderate crowd conditions.
U042,D071,Bentota Beach,beach;adventure,galle,7000,4.0,58,33,33.55011381737948,Medium,49,0.5902064024040138,0.47354517300881294,0.5552080335854536,9,Recommended based on semantic preference matching and predicted moderate crowd conditions.
U042,D012,Casuarina Beach,beach,jaffna,4000,3.0,58,43,38.8621278998779,Medium,50,0.6648330909603207,0.0,0.4653831636722245,10,Recommended based on semantic preference matching and predicted moderate crowd conditions.
U043,D007,Ritigala Monastery,heritage;nature,anuradhapura,5000,3.0,60,29,30.390418342500947,Low,53,0.6642253019999615,0.7552196032849428,0.6915235923854559,1,Recommended based on semantic preference matching and predicted low crowd conditions.
U043,D006,Anuradhapura Sacred City,heritage;religious,anuradhapura,5000,5.0,61,29,30.234715479015968,Low,52,0.6248212432489042,0.7690999014697478,0.6681048407151573,2,Recommended based on semantic preference matching and predicted low crowd conditions.
U043,D005,Polonnaruwa Ancient City,heritage,polonnaruwa,5000,4.0,58,32,31.190871135356527,Low,62,0.6600467548020559,0.6838623835202121,0.6671914434175027,3,Recommended based on semantic preference matching and predicted low crowd conditions.
U043,D045,Fort Frederick,heritage,trincomalee,3000,2.0,57,42,30.326710940813594,Low,51,0.5856276169280035,0.7608988677005578,0.6382089921597698,4,Recommended based on semantic preference matching and predicted low crowd conditions.
U043,D074,Galle Fort,heritage;coastal,galle,5000,4.0,55,34,32.74346094081358,Low,49,0.6528695672660021,0.5454551058627178,0.6206452288450168,5,Recommended based on semantic preference matching and predicted low crowd conditions.
U043,D037,Buduruwagala,heritage,monaragala,3000,2.5,62,31,32.42629409159014,Low,48,0.6203850354350651,0.5737292836332581,0.606388309894523,6,Recommended based on semantic preference matching and predicted low crowd conditions.
U043,D010,Jaffna Fort,heritage,jaffna,3000,2.0,54,30,32.85257867494825,Low,63,0.6120202935830331,0.5357276888252936,0.5891325121557113,7,Recommended based on semantic preference matching and predicted low crowd conditions.
U043,D008,Mihintale,heritage;religious,anuradhapura,3000,3.0,61,37,34.405824410051366,Medium,57,0.613663458625506,0.3972619376184252,0.5487430023233817,8,Recommended based on semantic preference matching and predicted moderate crowd conditions.
U043,D042,Batticaloa Fort,heritage,batticaloa,3000,2.0,57,39,35.92052757766573,Medium,49,0.6064247365460569,0.2622321047856816,0.5031669470179443,9,Recommended based on semantic preference matching and predicted moderate crowd conditions.
U043,D002,Dambulla Cave Temple,heritage,matale,5000,2.0,55,41,38.12460379795643,Medium,47,0.6194121904523924,0.06574737435152012,0.45331274562213064,10,Recommended based on semantic preference matching and predicted moderate crowd conditions.
U044,D063,Sinharaja Forest Reserve,nature;wildlife,ratnapura,8000,6.0,69,26,28.978210317460302,Low,67,0.5788279163112442,0.8811123970833683,0.6695132605428814,1,Recommended based on semantic preference matching and predicted low crowd conditions.
U044,D022,Horton Plains National Park,nature;wildlife,nuwara eliya,7000,6.0,65,27,30.186992541430044,Low,64,0.5480404716801033,0.773354213748413,0.6156345943005962,2,Recommended based on semantic preference matching and predicted low crowd conditions.
U044,D059,Pinnawala Elephant Orphanage,wildlife;family,kegalle,8000,4.0,62,37,34.29655796191314,Medium,50,0.6929714847393956,0.40700261192464615,0.6071808228949708,3,Recommended based on semantic preference matching and predicted moderate crowd conditions.
U044,D084,Rekawa Turtle Beach,beach;wildlife,hambantota,5000,4.0,66,35,31.65207681120653,Low,60,0.5424782626878836,0.6427477105974486,0.572559097060753,4,Recommended based on semantic preference matching and predicted low crowd conditions.
U044,D089,Kalametiya Bird Sanctuary,wildlife;nature,hambantota,5000,4.0,69,36,32.80298377376152,Low,53,0.5620374655823244,0.540148879299958,0.5554708896976145,5,Recommended based on semantic preference matching and predicted low crowd conditions.
U044,D065,Udawalawe Elephant Transit Home,wildlife,ratnapura,5000,2.0,65,31,32.41671822798978,Low,57,0.5298285220017038,0.574582934228854,0.5432548456698488,6,Recommended based on semantic preference matching and predicted low crowd conditions.
U044,D055,Negombo Beach,beach,gampaha,5000,3.0,57,32,32.97418191385391,Low,52,0.5368524312141916,0.5248872381202137,0.5332628732859982,7,Recommended based on semantic preference matching and predicted low crowd conditions.
U044,D043,Nilaveli Beach,beach,trincomalee,7000,4.0,57,31,33.15998331491094,Medium,48,0.5016784811993245,0.5083237736334163,0.503672068929552,8,Recommended based on semantic preference matching and predicted moderate crowd conditions.
U044,D073,Kanneliya Forest Reserve,nature;wildlife,galle,7000,5.0,62,38,35.52430270628811,Medium,63,0.5491423372699584,0.2975539944405111,0.4736658344211242,9,Recommended based on semantic preference matching and predicted moderate crowd conditions.
U044,D057,Kalpitiya Lagoon,marine;nature,puttalam,7000,4.0,72,39,34.88804178338002,Medium,61,0.513560071087369,0.35427415446605626,0.46577429610097515,10,Recommended based on semantic preference matching and predicted moderate crowd conditions.
U045,D060,Kitulgala,adventure;nature,kegalle,9000,5.0,57,25,29.21970517441428,Low,58,0.5885790780702735,0.8595840799439637,0.6698805786323805,1,Recommended based on semantic preference matching and predicted low crowd conditions.
U045,D092,Meemure,nature;village;adventure,kandy,8000,7.0,63,21,27.870369134090883,Low,52,0.5192887151079497,0.9798720834654905,0.6574637256152118,2,Recommended based on semantic preference matching and predicted low crowd conditions.
U045,D080,Weligama Bay,beach;adventure,matara,6000,4.0,53,25,28.158017857142863,Low,47,0.5030925965817243,0.9542293306022775,0.6384336167878903,3,Recommended based on semantic preference matching and predicted low crowd conditions.
U045,D035,Diyaluma Falls,nature;adventure,badulla,5000,5.0,67,26,30.11552092352093,Low,62,0.530570909439244,0.7797256275177216,0.6053173248627872,4,Recommended based on semantic preference matching and predicted low crowd conditions.
U045,D062,Adam's Peak,religious;nature,ratnapura,5000,8.0,62,28,30.012362234664,Low,65,0.4773956800881851,0.7889218190946725,0.5708535217901314,5,Recommended based on semantic preference matching and predicted low crowd conditions.
U045,D023,World's End,nature;adventure,nuwara eliya,7000,5.0,63,30,31.51345397328164,Low,58,0.5209439130565346,0.6551053916481059,0.561192356634006,6,Recommended based on semantic preference matching and predicted low crowd conditions.
U045,D019,Hanthana Mountain Range,nature;adventure,kandy,5000,5.0,62,32,33.087760614824376,Medium,68,0.514081707166588,0.5147621434262106,0.5142858380444748,7,Recommended based on semantic preference matching and predicted moderate crowd conditions.
U045,D018,Knuckles Mountain Range,nature;adventure,matale,10000,7.0,63,40,33.78162137379049,Medium,62,0.5287455983595848,0.4529071844510083,0.5059940741870118,8,Recommended based on semantic preference matching and predicted moderate crowd conditions.
U045,D093,Riverston,nature;adventure,matale,6000,5.0,57,34,34.43166150267749,Medium,58,0.52618454950188,0.39495866238088495,0.48681678336558143,9,Recommended based on semantic preference matching and predicted moderate crowd conditions.
U045,D098,Ohiya,nature;adventure,badulla,5000,4.0,63,38,35.161483212421984,Medium,66,0.5159918832284419,0.32989792601250656,0.4601636960636613,10,Recommended based on semantic preference matching and predicted moderate crowd conditions.
U046,D049,Galle Face Green,city;coastal,colombo,2000,2.0,55,27,29.169311507936527,Low,55,0.5751622593187389,0.8640764772042382,0.6618365246843887,1,Recommended based on semantic preference matching and predicted low crowd conditions.
U046,D074,Galle Fort,heritage;coastal,galle,5000,4.0,55,34,32.74346094081358,Low,49,0.6136717279533352,0.5454551058627178,0.59320674132615,2,Recommended based on semantic preference matching and predicted low crowd conditions.
U046,D068,Ratnapura Gem Museum Area,culture;heritage,ratnapura,4000,2.5,56,23,28.451238031576263,Low,62,0.4227231305707553,0.9280899047507497,0.5743331628247536,3,Recommended based on semantic preference matching and predicted low crowd conditions.
U046,D048,Colombo National Museum,heritage;culture,colombo,3000,2.5,58,26,29.084063504916152,Low,53,0.3967205827718074,0.8716760015488636,0.5392072084049242,4,Recommended based on semantic preference matching and predicted low crowd conditions.
U046,D053,Dutch Hospital Colombo,heritage;city,colombo,5000,2.5,60,30,33.808424859497215,Medium,63,0.5066350284120238,0.4505177590693912,0.48979984760923395,5,Recommended based on semantic preference matching and predicted moderate crowd conditions.
U046,D096,Wasgamuwa National Park,wildlife;nature,matale,14000,5.0,65,30,31.542775209484383,Low,57,0.3792650013820514,0.6524915187074811,0.4612329565796803,6,Recommended based on semantic preference matching and predicted low crowd conditions.
U046,D071,Bentota Beach,beach;adventure,galle,7000,4.0,58,33,33.55011381737948,Medium,49,0.4138293236663432,0.47354517300881294,0.43174407846908414,7,Recommended based on semantic preference matching and predicted moderate crowd conditions.
U046,D076,Jungle Beach,beach;nature,galle,5000,4.0,65,36,34.60115895093469,Medium,52,0.3691107995306194,0.37984863119253476,0.37233214902919404,8,Recommended based on semantic preference matching and predicted moderate crowd conditions.
U046,D073,Kanneliya Forest Reserve,nature;wildlife,galle,7000,5.0,62,38,35.52430270628811,Medium,63,0.3712132888699412,0.2975539944405111,0.3491155005411122,9,Recommended based on semantic preference matching and predicted moderate crowd conditions.
U046,D100,Pekoe Trail - Tea Country Section,nature;adventure;culture,nuwara eliya,7000,6.0,59,39,36.16415698336751,Medium,62,0.3874604914380109,0.24051350101669033,0.3433763943116147,10,Recommended based on semantic preference matching and predicted moderate crowd conditions.
U047,D017,Udawattakele Forest Reserve,nature,kandy,3000,3.0,72,24,28.891241688116683,Low,67,0.6445294941659161,0.8888653085006313,0.7178302384663307,1,Recommended based on semantic preference matching and predicted low crowd conditions.
U047,D092,Meemure,nature;village;adventure,kandy,8000,7.0,63,21,27.870369134090883,Low,52,0.5691944416893249,0.9798720834654905,0.6923977342221745,2,Recommended based on semantic preference matching and predicted low crowd conditions.
U047,D026,Lover's Leap Waterfall,nature,nuwara eliya,3000,2.5,60,26,30.40683981141732,Low,63,0.5833435098476549,0.753755693886682,0.634467165059363,3,Recommended based on semantic preference matching and predicted low crowd conditions.
U047,D067,Bambarakanda Falls,nature,badulla,3000,3.0,62,28,30.775052933556008,Low,53,0.5612626909474825,0.7209309415574732,0.6091631661304797,4,Recommended based on semantic preference matching and predicted low crowd conditions.
U047,D078,Rumassala Sanctuary,nature;wildlife,galle,4000,3.0,72,37,31.566973196984492,Low,58,0.5740101676793481,0.6503343632483196,0.5969074263500396,5,Recommended based on semantic preference matching and predicted low crowd conditions.
U047,D007,Ritigala Monastery,heritage;nature,anuradhapura,5000,3.0,60,29,30.390418342500947,Low,53,0.5195401388189695,0.7552196032849428,0.5902439781587614,6,Recommended based on semantic preference matching and predicted low crowd conditions.
U047,D099,Baker's Falls,nature,nuwara eliya,3000,3.0,64,34,31.57728330309182,Low,58,0.5627475833133286,0.649415257819661,0.5887478856652284,7,Recommended based on semantic preference matching and predicted low crowd conditions.
U047,D073,Kanneliya Forest Reserve,nature;wildlife,galle,7000,5.0,62,38,35.52430270628811,Medium,63,0.6025632649961934,0.2975539944405111,0.5110604838294887,8,Recommended based on semantic preference matching and predicted moderate crowd conditions.
U047,D098,Ohiya,nature;adventure,badulla,5000,4.0,63,38,35.161483212421984,Medium,66,0.5824987627712858,0.32989792601250656,0.506718511743652,9,Recommended based on semantic preference matching and predicted moderate crowd conditions.
U047,D036,Dunhinda Falls,nature,badulla,3000,3.0,57,40,37.54301421042725,Medium,52,0.5502644637339723,0.11759379975050843,0.4204632645389331,10,Recommended based on semantic preference matching and predicted moderate crowd conditions.
U048,D080,Weligama Bay,beach;adventure,matara,6000,4.0,53,25,28.158017857142863,Low,47,0.6858493890006425,0.9542293306022775,0.766363371481133,1,Recommended based on semantic preference matching and predicted low crowd conditions.
U048,D040,Arugam Bay,beach;adventure,ampara,8000,5.0,51,30,32.649231271136856,Low,57,0.6417293805782189,0.5538553104812717,0.6153671595491347,2,Recommended based on semantic preference matching and predicted low crowd conditions.
U048,D062,Adam's Peak,religious;nature,ratnapura,5000,8.0,62,28,30.012362234664,Low,65,0.5306427998932435,0.7889218190946725,0.6081265056536722,3,Recommended based on semantic preference matching and predicted low crowd conditions.
U048,D071,Bentota Beach,beach;adventure,galle,7000,4.0,58,33,33.55011381737948,Medium,49,0.6348884449801546,0.47354517300881294,0.5864854633887521,4,Recommended based on semantic preference matching and predicted moderate crowd conditions.
U048,D041,Pasikuda Beach,beach,batticaloa,7000,4.0,58,35,34.23727862951952,Medium,51,0.6031320100530644,0.41228713137023054,0.5458785464482142,5,Recommended based on semantic preference matching and predicted moderate crowd conditions.
U048,D043,Nilaveli Beach,beach,trincomalee,7000,4.0,57,31,33.15998331491094,Medium,48,0.5570460506590909,0.5083237736334163,0.5424293675513885,6,Recommended based on semantic preference matching and predicted moderate crowd conditions.
U048,D076,Jungle Beach,beach;nature,galle,5000,4.0,65,36,34.60115895093469,Medium,52,0.5213842918958393,0.37984863119253476,0.47892359368484794,7,Recommended based on semantic preference matching and predicted moderate crowd conditions.
U048,D079,Mirissa Beach,beach,matara,6000,4.0,56,36,34.95914087301587,Medium,63,0.5257612618620962,0.34793595012783607,0.4724136683418181,8,Recommended based on semantic preference matching and predicted moderate crowd conditions.
U048,D088,Tangalle Beach,beach,hambantota,5000,4.0,55,37,35.59599026577287,Medium,61,0.5230071359455495,0.2911633303286376,0.4534539942604759,9,Recommended based on semantic preference matching and predicted moderate crowd conditions.
U048,D012,Casuarina Beach,beach,jaffna,4000,3.0,58,43,38.8621278998779,Medium,50,0.5309470280105366,0.0,0.37166291960737563,10,Recommended based on semantic preference matching and predicted moderate crowd conditions.
U049,D048,Colombo National Museum,heritage;culture,colombo,3000,2.5,58,26,29.084063504916152,Low,53,0.7021881417061853,0.8716760015488636,0.7530344996589887,1,Recommended based on semantic preference matching and predicted low crowd conditions.
U049,D006,Anuradhapura Sacred City,heritage;religious,anuradhapura,5000,5.0,61,29,30.234715479015968,Low,52,0.586891753213324,0.7690999014697478,0.6415541976902511,2,Recommended based on semantic preference matching and predicted low crowd conditions.
U049,D005,Polonnaruwa Ancient City,heritage,polonnaruwa,5000,4.0,58,32,31.190871135356527,Low,62,0.6115523475680371,0.6838623835202121,0.6332453583536896,3,Recommended based on semantic preference matching and predicted low crowd conditions.
U049,D050,Gangaramaya Temple,heritage;religious,colombo,3000,2.0,62,33,33.4456254379296,Medium,58,0.5986046758180428,0.482859901274882,0.5638812434550945,4,Recommended based on semantic preference matching and predicted moderate crowd conditions.
U049,D074,Galle Fort,heritage;coastal,galle,5000,4.0,55,34,32.74346094081358,Low,49,0.5659954170209023,0.5454551058627178,0.559833323673447,5,Recommended based on semantic preference matching and predicted low crowd conditions.
U049,D033,Demodara Railway Loop,heritage;nature,badulla,3000,2.0,55,37,35.220742805338574,Medium,54,0.6601972114738711,0.3246151662636996,0.5595225979108196,6,Recommended based on semantic preference matching and predicted moderate crowd conditions.
U049,D046,Koneswaram Temple,heritage;religious,trincomalee,3000,2.0,62,40,32.64327493381555,Low,53,0.5516258573566868,0.5543862945380743,0.5524539885111031,7,Recommended based on semantic preference matching and predicted low crowd conditions.
U049,D053,Dutch Hospital Colombo,heritage;city,colombo,5000,2.5,60,30,33.808424859497215,Medium,63,0.567378555270458,0.4505177590693912,0.532320316410138,8,Recommended based on semantic preference matching and predicted moderate crowd conditions.
U049,D042,Batticaloa Fort,heritage,batticaloa,3000,2.0,57,39,35.92052757766573,Medium,49,0.5521857630087259,0.2622321047856816,0.4651996655418126,9,Recommended based on semantic preference matching and predicted moderate crowd conditions.
U049,D002,Dambulla Cave Temple,heritage,matale,5000,2.0,55,41,38.12460379795643,Medium,47,0.587747104217102,0.06574737435152012,0.43114718525742735,10,Recommended based on semantic preference matching and predicted moderate crowd conditions.
U050,D063,Sinharaja Forest Reserve,nature;wildlife,ratnapura,8000,6.0,69,26,28.978210317460302,Low,67,0.6666023076305441,0.8811123970833683,0.7309553344663913,1,Recommended based on semantic preference matching and predicted low crowd conditions.
U050,D064,Udawalawe National Park,wildlife;nature,ratnapura,15000,5.0,64,25,27.644583333333333,Low,66,0.557148383273171,1.0,0.6900038682912196,2,Recommended based on semantic preference matching and predicted low crowd conditions.
U050,D092,Meemure,nature;village;adventure,kandy,8000,7.0,63,21,27.870369134090883,Low,52,0.5518780452907832,0.9798720834654905,0.6802762567431954,3,Recommended based on semantic preference matching and predicted low crowd conditions.
U050,D090,Lunugamvehera National Park,wildlife;nature,monaragala,12000,5.0,71,32,31.940196613136628,Low,57,0.632895275994589,0.617062962904144,0.6281455820674554,4,Recommended based on semantic preference matching and predicted low crowd conditions.
U050,D096,Wasgamuwa National Park,wildlife;nature,matale,14000,5.0,65,30,31.542775209484383,Low,57,0.5800875166507351,0.6524915187074811,0.6018087172677589,5,Recommended based on semantic preference matching and predicted low crowd conditions.
U050,D086,Bundala National Park,wildlife;nature,hambantota,12000,5.0,66,29,30.98790251299444,Low,57,0.5490271437657579,0.7019562382990399,0.5949058721257425,6,Recommended based on semantic preference matching and predicted low crowd conditions.
U050,D010,Jaffna Fort,heritage,jaffna,3000,2.0,54,30,32.85257867494825,Low,63,0.5812360233842871,0.5357276888252936,0.5675835230165891,7,Recommended based on semantic preference matching and predicted low crowd conditions.
U050,D089,Kalametiya Bird Sanctuary,wildlife;nature,hambantota,5000,4.0,69,36,32.80298377376152,Low,53,0.5528831584806488,0.540148879299958,0.5490628747264416,8,Recommended based on semantic preference matching and predicted low crowd conditions.
U050,D059,Pinnawala Elephant Orphanage,wildlife;family,kegalle,8000,4.0,62,37,34.29655796191314,Medium,50,0.5463070857393517,0.40700261192464615,0.50451574359494,9,Recommended based on semantic preference matching and predicted moderate crowd conditions.
U050,D073,Kanneliya Forest Reserve,nature;wildlife,galle,7000,5.0,62,38,35.52430270628811,Medium,63,0.5602939197249117,0.2975539944405111,0.4814719421395915,10,Recommended based on semantic preference matching and predicted moderate crowd conditions.
