user_id,destination_id,name,category,district,estimated_cost_lkr,sustainability_score,seasonality_score,weather_temp_c,weather_rain_risk,weather_suitability,sentiment_nature,sentiment_service,sentiment_value,predicted_crowd_score,predicted_crowd_level,preference_score,budget_fit,predicted_crowd_fit,weather_fit,sustainability_fit,sentiment_fit,demand_suitability,demand_aware_score,explanation,seasonality_normalized,predicted_crowd_normalized
U001,D083,Hummanaya Blow Hole,nature;coastal,matara,3000,58,67,25.9,0.173,0.827,0.786,0.804,0.812,33.13954424827962,High,0.2189560400094616,1.0,0.0,0.6948,0.7,0.8006666666666667,0.6686045575172038,0.5053349521639399,fits your budget; good sustainability alignment,0.9523809523809523,0.3313954424827962
U001,D028,Pidurutalagala View Area,nature,nuwara eliya,3000,60,68,26.8,0.399,0.601,0.705,0.877,0.828,34.756458384878904,High,0.2528206401435119,1.0,0.0,0.5683999999999999,0.7,0.8033333333333332,0.6524354161512109,0.5030002641767718,fits your budget; good sustainability alignment,1.0,0.347564583848789
U001,D017,Udawattakele Forest Reserve,nature,kandy,3000,72,67,26.1,0.296,0.704,0.944,0.891,0.749,28.01564619883041,High,0.1261488459563539,1.0,0.0,0.6376,0.7,0.8613333333333334,0.7198435380116959,0.48504176934205423,fits your budget; good sustainability alignment,0.9523809523809523,0.28015646198830413
U001,D031,Nine Arches Bridge,heritage;nature,badulla,3000,66,68,30.8,0.032,0.968,0.802,0.612,0.665,29.1955,High,0.1206494411945267,1.0,0.0,0.5551999999999999,0.7,0.6930000000000001,0.708045,0.4603846102986317,fits your budget; good sustainability alignment,1.0,0.29195499999999996
U001,D062,Adam's Peak,religious;nature,ratnapura,5000,62,65,27.5,0.372,0.628,0.871,0.691,0.841,28.97799071688546,High,0.0797734267132992,1.0,0.0,0.5512,0.7,0.8009999999999998,0.7102200928311454,0.4535315041770249,fits your budget; good sustainability alignment,0.8571428571428571,0.2897799071688546
U001,D061,Belilena Cave,heritage;nature,kegalle,3000,61,68,29.9,0.335,0.665,0.64,0.57,0.777,29.927790314401623,High,0.0859567232079939,1.0,0.0,0.4700000000000001,0.7,0.6623333333333333,0.7007220968559837,0.43975861897813096,fits your budget; good sustainability alignment,1.0,0.29927790314401626
U001,D068,Ratnapura Gem Museum Area,culture;heritage,ratnapura,4000,56,62,29.8,0.086,0.914,0.684,0.714,0.727,26.34284318555008,High,0.0,1.0,0.0,0.5735999999999999,0.7,0.7083333333333334,0.7365715681444992,0.42073619745484403,fits your budget; good sustainability alignment,0.7142857142857143,0.2634284318555008
U001,D009,Wilpattu National Park,wildlife;nature,puttalam,16000,63,68,27.6,0.173,0.827,0.665,0.761,0.79,30.689920967190705,High,0.2422969089226855,0.3125,0.0,0.6268,0.7,0.7386666666666667,0.693100790328093,0.3986509334137427,good sustainability alignment,1.0,0.30689920967190704
U001,D063,Sinharaja Forest Reserve,nature;wildlife,ratnapura,8000,69,67,29.4,0.261,0.739,0.836,0.586,0.664,27.5105,High,0.1126412269399109,0.625,0.0,0.5196000000000001,0.7,0.6953333333333332,0.7248950000000001,0.39726743768735867,good sustainability alignment,0.9523809523809523,0.275105
U001,D064,Udawalawe National Park,wildlife;nature,ratnapura,15000,64,66,29.9,0.244,0.756,0.811,0.753,0.705,27.03333333333333,High,0.2387659596552772,0.3333333333333333,0.0,0.5064000000000001,0.7,0.7563333333333334,0.7296666666666667,0.3876862518185812,good sustainability alignment,0.9047619047619048,0.2703333333333333
U002,D017,Udawattakele Forest Reserve,nature,kandy,3000,72,67,26.1,0.296,0.704,0.944,0.891,0.749,28.01564619883041,High,0.0,1.0,0.0,0.8056000000000001,0.74,0.8613333333333334,0.7198435380116959,0.47430455785296577,fits your budget; suitable weather conditions; good sustainability alignment,0.9523809523809523,0.28015646198830413
U002,D083,Hummanaya Blow Hole,nature;coastal,matara,3000,58,67,25.9,0.173,0.827,0.786,0.804,0.812,33.13954424827962,High,0.0,1.0,0.0,0.8467999999999999,0.74,0.8006666666666667,0.6686045575172038,0.4697959421615745,fits your budget; suitable weather conditions; good sustainability alignment,0.9523809523809523,0.3313954424827962
U002,D031,Nine Arches Bridge,heritage;nature,badulla,3000,66,68,30.8,0.032,0.968,0.802,0.612,0.665,29.1955,High,0.0,1.0,0.0,0.8752,0.74,0.6930000000000001,0.708045,0.46622225000000006,fits your budget; suitable weather conditions; good sustainability alignment,1.0,0.29195499999999996
U002,D062,Adam's Peak,religious;nature,ratnapura,5000,62,65,27.5,0.372,0.628,0.871,0.691,0.841,28.97799071688546,High,0.0,1.0,0.0,0.8312,0.74,0.8009999999999998,0.7102200928311454,0.46558814749870014,fits your budget; suitable weather conditions; good sustainability alignment,0.8571428571428571,0.2897799071688546
U002,D063,Sinharaja Forest Reserve,nature;wildlife,ratnapura,8000,69,67,29.4,0.261,0.739,0.836,0.586,0.664,27.5105,High,0.0,1.0,0.0,0.8396000000000001,0.74,0.6953333333333332,0.7248950000000001,0.46135713095238096,fits your budget; suitable weather conditions; good sustainability alignment,0.9523809523809523,0.275105
U002,D068,Ratnapura Gem Museum Area,culture;heritage,ratnapura,4000,56,62,29.8,0.086,0.914,0.684,0.714,0.727,26.34284318555008,High,0.0,1.0,0.0,0.8936,0.74,0.7083333333333334,0.7365715681444992,0.456736197454844,fits your budget; suitable weather conditions; good sustainability alignment,0.7142857142857143,0.2634284318555008
U002,D022,Horton Plains National Park,nature;wildlife,nuwara eliya,7000,65,64,26.4,0.371,0.629,0.787,0.626,0.935,29.71699206349207,High,0.0,1.0,0.0,0.7876,0.74,0.7826666666666666,0.7028300793650792,0.45664436111111106,fits your budget; suitable weather conditions; good sustainability alignment,0.8095238095238095,0.2971699206349207
U002,D061,Belilena Cave,heritage;nature,kegalle,3000,61,68,29.9,0.335,0.665,0.64,0.57,0.777,29.927790314401623,High,0.0,1.0,0.0,0.79,0.74,0.6623333333333333,0.7007220968559837,0.4542694381761325,fits your budget; suitable weather conditions; good sustainability alignment,1.0,0.29927790314401626
U002,D009,Wilpattu National Park,wildlife;nature,puttalam,16000,63,68,27.6,0.173,0.827,0.665,0.761,0.79,30.689920967190705,High,0.0,0.5,0.0,0.9148,0.74,0.7386666666666667,0.693100790328093,0.39900170618307135,suitable weather conditions; good sustainability alignment,1.0,0.30689920967190704
U002,D064,Udawalawe National Park,wildlife;nature,ratnapura,15000,64,66,29.9,0.244,0.756,0.811,0.753,0.705,27.03333333333333,High,0.0,0.5333333333333333,0.0,0.8264,0.74,0.7563333333333334,0.7296666666666667,0.3939947619047619,suitable weather conditions; good sustainability alignment,0.9047619047619048,0.2703333333333333
U003,D031,Nine Arches Bridge,heritage;nature,badulla,3000,66,68,30.8,0.032,0.968,0.802,0.612,0.665,29.1955,High,0.1401977866386803,1.0,0.0,0.968,0.78,0.6930000000000001,0.708045,0.51455169665967,fits your budget; suitable weather conditions; good sustainability alignment,1.0,0.29195499999999996
U003,D061,Belilena Cave,heritage;nature,kegalle,3000,61,68,29.9,0.335,0.665,0.64,0.57,0.777,29.927790314401623,High,0.2304557361337483,1.0,0.0,0.665,0.78,0.6623333333333333,0.7007220968559837,0.5033833722095696,fits your budget; good sustainability alignment,1.0,0.29927790314401626
U003,D068,Ratnapura Gem Museum Area,culture;heritage,ratnapura,4000,56,62,29.8,0.086,0.914,0.684,0.714,0.727,26.34284318555008,High,0.1342398101748814,1.0,0.0,0.914,0.78,0.7083333333333334,0.7365715681444992,0.4963361499985644,fits your budget; suitable weather conditions; good sustainability alignment,0.7142857142857143,0.2634284318555008
U003,D083,Hummanaya Blow Hole,nature;coastal,matara,3000,58,67,25.9,0.173,0.827,0.786,0.804,0.812,33.13954424827962,High,0.0,1.0,0.0,0.827,0.78,0.8006666666666667,0.6686045575172038,0.47181594216157446,fits your budget; suitable weather conditions; good sustainability alignment,0.9523809523809523,0.3313954424827962
U003,D017,Udawattakele Forest Reserve,nature,kandy,3000,72,67,26.1,0.296,0.704,0.944,0.891,0.749,28.01564619883041,High,0.0,1.0,0.0,0.704,0.78,0.8613333333333334,0.7198435380116959,0.46814455785296577,fits your budget; suitable weather conditions; good sustainability alignment,0.9523809523809523,0.28015646198830413
U003,D063,Sinharaja Forest Reserve,nature;wildlife,ratnapura,8000,69,67,29.4,0.261,0.739,0.836,0.586,0.664,27.5105,High,0.0,1.0,0.0,0.739,0.78,0.6953333333333332,0.7248950000000001,0.45529713095238095,fits your budget; suitable weather conditions; good sustainability alignment,0.9523809523809523,0.275105
U003,D062,Adam's Peak,religious;nature,ratnapura,5000,62,65,27.5,0.372,0.628,0.871,0.691,0.841,28.97799071688546,High,0.0,1.0,0.0,0.628,0.78,0.8009999999999998,0.7102200928311454,0.44926814749870014,fits your budget; good sustainability alignment,0.8571428571428571,0.2897799071688546
U003,D022,Horton Plains National Park,nature;wildlife,nuwara eliya,7000,65,64,26.4,0.371,0.629,0.787,0.626,0.935,29.71699206349207,High,0.0,1.0,0.0,0.629,0.78,0.7826666666666666,0.7028300793650792,0.4447843611111111,fits your budget; good sustainability alignment,0.8095238095238095,0.2971699206349207
U003,D009,Wilpattu National Park,wildlife;nature,puttalam,16000,63,68,27.6,0.173,0.827,0.665,0.761,0.79,30.689920967190705,High,0.0,0.6875,0.0,0.827,0.78,0.7386666666666667,0.693100790328093,0.4223467061830713,suitable weather conditions; good sustainability alignment,1.0,0.30689920967190704
U003,D064,Udawalawe National Park,wildlife;nature,ratnapura,15000,64,66,29.9,0.244,0.756,0.811,0.753,0.705,27.03333333333333,High,0.0,0.7333333333333333,0.0,0.756,0.78,0.7563333333333334,0.7296666666666667,0.4209547619047619,suitable weather conditions; good sustainability alignment,0.9047619047619048,0.2703333333333333
U004,D022,Horton Plains National Park,nature;wildlife,nuwara eliya,7000,65,64,26.4,0.371,0.629,0.787,0.626,0.935,29.71699206349207,High,0.2670297455215619,1.0,0.0,0.8145,0.8200000000000001,0.7826666666666666,0.7028300793650792,0.5340917974915016,fits your budget; suitable weather conditions; good sustainability alignment,0.8095238095238095,0.2971699206349207
U004,D064,Udawalawe National Park,wildlife;nature,ratnapura,15000,64,66,29.9,0.244,0.756,0.811,0.753,0.705,27.03333333333333,High,0.2582147813435834,0.9333333333333332,0.0,0.878,0.8200000000000001,0.7563333333333334,0.7296666666666667,0.5317084572406577,fits your budget; suitable weather conditions; good sustainability alignment,0.9047619047619048,0.2703333333333333
U004,D017,Udawattakele Forest Reserve,nature,kandy,3000,72,67,26.1,0.296,0.704,0.944,0.891,0.749,28.01564619883041,High,0.0841544964724678,1.0,0.0,0.852,0.8200000000000001,0.8613333333333334,0.7198435380116959,0.5079831819710827,fits your budget; suitable weather conditions; good sustainability alignment,0.9523809523809523,0.28015646198830413
U004,D063,Sinharaja Forest Reserve,nature;wildlife,ratnapura,8000,69,67,29.4,0.261,0.739,0.836,0.586,0.664,27.5105,High,0.1353815285842942,1.0,0.0,0.8694999999999999,0.8200000000000001,0.6953333333333332,0.7248950000000001,0.5061925130984546,fits your budget; suitable weather conditions; good sustainability alignment,0.9523809523809523,0.275105
U004,D009,Wilpattu National Park,wildlife;nature,puttalam,16000,63,68,27.6,0.173,0.827,0.665,0.761,0.79,30.689920967190705,High,0.1532931102342323,0.875,0.0,0.9135,0.8200000000000001,0.7386666666666667,0.693100790328093,0.5014449837416295,fits your budget; suitable weather conditions; good sustainability alignment,1.0,0.30689920967190704
U004,D031,Nine Arches Bridge,heritage;nature,badulla,3000,66,68,30.8,0.032,0.968,0.802,0.612,0.665,29.1955,High,0.015965172878375,1.0,0.0,0.984,0.8200000000000001,0.6930000000000001,0.708045,0.4890935432195938,fits your budget; suitable weather conditions; good sustainability alignment,1.0,0.29195499999999996
U004,D083,Hummanaya Blow Hole,nature;coastal,matara,3000,58,67,25.9,0.173,0.827,0.786,0.804,0.812,33.13954424827962,High,0.0152516897402595,1.0,0.0,0.9135,0.8200000000000001,0.8006666666666667,0.6686045575172038,0.4882788645966394,fits your budget; suitable weather conditions; good sustainability alignment,0.9523809523809523,0.3313954424827962
U004,D062,Adam's Peak,religious;nature,ratnapura,5000,62,65,27.5,0.372,0.628,0.871,0.691,0.841,28.97799071688546,High,0.0,1.0,0.0,0.8140000000000001,0.8200000000000001,0.8009999999999998,0.7102200928311454,0.47186814749870015,fits your budget; suitable weather conditions; good sustainability alignment,0.8571428571428571,0.2897799071688546
U004,D068,Ratnapura Gem Museum Area,culture;heritage,ratnapura,4000,56,62,29.8,0.086,0.914,0.684,0.714,0.727,26.34284318555008,High,0.0,1.0,0.0,0.957,0.8200000000000001,0.7083333333333334,0.7365715681444992,0.471076197454844,fits your budget; suitable weather conditions; good sustainability alignment,0.7142857142857143,0.2634284318555008
U004,D061,Belilena Cave,heritage;nature,kegalle,3000,61,68,29.9,0.335,0.665,0.64,0.57,0.777,29.927790314401623,High,0.0,1.0,0.0,0.8325,0.8200000000000001,0.6623333333333333,0.7007220968559837,0.4665194381761325,fits your budget; suitable weather conditions; good sustainability alignment,1.0,0.29927790314401626
U005,D035,Diyaluma Falls,nature;adventure,badulla,5000,67,62,25.3,0.167,0.833,0.829,0.573,0.88,28.68648672161173,High,0.3407457309433117,1.0,1.0,0.5,0.86,0.7606666666666667,0.7131351327838826,0.7186241417559744,fits your budget; matches your preferred crowd level; good sustainability alignment,0.7142857142857143,0.2868648672161173
U005,D062,Adam's Peak,religious;nature,ratnapura,5000,62,65,27.5,0.372,0.628,0.871,0.691,0.841,28.97799071688546,High,0.1789620072787928,1.0,1.0,0.5,0.86,0.8009999999999998,0.7102200928311454,0.6892086493183983,fits your budget; matches your preferred crowd level; good sustainability alignment,0.8571428571428571,0.2897799071688546
U005,D017,Udawattakele Forest Reserve,nature,kandy,3000,72,67,26.1,0.296,0.704,0.944,0.891,0.749,28.01564619883041,High,0.1085519333420897,1.0,1.0,0.5,0.86,0.8613333333333334,0.7198435380116959,0.6828825411884881,fits your budget; matches your preferred crowd level; good sustainability alignment,0.9523809523809523,0.28015646198830413
U005,D009,Wilpattu National Park,wildlife;nature,puttalam,16000,63,68,27.6,0.173,0.827,0.665,0.761,0.79,30.689920967190705,High,0.1063376379079423,1.0,1.0,0.5,0.86,0.7386666666666667,0.693100790328093,0.671106115660057,fits your budget; matches your preferred crowd level; good sustainability alignment,1.0,0.30689920967190704
U005,D063,Sinharaja Forest Reserve,nature;wildlife,ratnapura,8000,69,67,29.4,0.261,0.739,0.836,0.586,0.664,27.5105,High,0.0969285360135832,1.0,1.0,0.5,0.86,0.6953333333333332,0.7248950000000001,0.6636292649557768,fits your budget; matches your preferred crowd level; good sustainability alignment,0.9523809523809523,0.275105
U005,D022,Horton Plains National Park,nature;wildlife,nuwara eliya,7000,65,64,26.4,0.371,0.629,0.787,0.626,0.935,29.71699206349207,High,0.0919918542954573,1.0,1.0,0.5,0.86,0.7826666666666666,0.7028300793650792,0.6628823246849754,fits your budget; matches your preferred crowd level; good sustainability alignment,0.8095238095238095,0.2971699206349207
U005,D061,Belilena Cave,heritage;nature,kegalle,3000,61,68,29.9,0.335,0.665,0.64,0.57,0.777,29.927790314401623,High,0.0948930219509947,1.0,1.0,0.5,0.86,0.6623333333333333,0.7007220968559837,0.6609926936638812,fits your budget; matches your preferred crowd level; good sustainability alignment,1.0,0.29927790314401626
U005,D064,Udawalawe National Park,wildlife;nature,ratnapura,15000,64,66,29.9,0.244,0.756,0.811,0.753,0.705,27.03333333333333,High,0.0,1.0,1.0,0.5,0.86,0.7563333333333334,0.7296666666666667,0.6433547619047619,fits your budget; matches your preferred crowd level; good sustainability alignment,0.9047619047619048,0.2703333333333333
U005,D031,Nine Arches Bridge,heritage;nature,badulla,3000,66,68,30.8,0.032,0.968,0.802,0.612,0.665,29.1955,High,0.0,1.0,1.0,0.5,0.86,0.6930000000000001,0.708045,0.64070225,fits your budget; matches your preferred crowd level; good sustainability alignment,1.0,0.29195499999999996
U005,D068,Ratnapura Gem Museum Area,culture;heritage,ratnapura,4000,56,62,29.8,0.086,0.914,0.684,0.714,0.727,26.34284318555008,High,0.0,1.0,1.0,0.5,0.86,0.7083333333333334,0.7365715681444992,0.629376197454844,fits your budget; matches your preferred crowd level; good sustainability alignment,0.7142857142857143,0.2634284318555008
U006,D068,Ratnapura Gem Museum Area,culture;heritage,ratnapura,4000,56,62,29.8,0.086,0.914,0.684,0.714,0.727,26.34284318555008,High,0.1427924433903865,1.0,0.0,0.5735999999999999,0.9,0.7083333333333334,0.7365715681444992,0.47643430830244066,fits your budget; good sustainability alignment,0.7142857142857143,0.2634284318555008
U006,D017,Udawattakele Forest Reserve,nature,kandy,3000,72,67,26.1,0.296,0.704,0.944,0.891,0.749,28.01564619883041,High,0.0,1.0,0.0,0.6376,0.9,0.8613333333333334,0.7198435380116959,0.4735045578529658,fits your budget; good sustainability alignment,0.9523809523809523,0.28015646198830413
U006,D083,Hummanaya Blow Hole,nature;coastal,matara,3000,58,67,25.9,0.173,0.827,0.786,0.804,0.812,33.13954424827962,High,0.0,1.0,0.0,0.6948,0.9,0.8006666666666667,0.6686045575172038,0.4705959421615745,fits your budget; good sustainability alignment,0.9523809523809523,0.3313954424827962
U006,D009,Wilpattu National Park,wildlife;nature,puttalam,16000,63,68,27.6,0.173,0.827,0.665,0.761,0.79,30.689920967190705,High,0.0,1.0,0.0,0.6268,0.9,0.7386666666666667,0.693100790328093,0.4612017061830713,fits your budget; good sustainability alignment,1.0,0.30689920967190704
U006,D062,Adam's Peak,religious;nature,ratnapura,5000,62,65,27.5,0.372,0.628,0.871,0.691,0.841,28.97799071688546,High,0.0,1.0,0.0,0.5512,0.9,0.8009999999999998,0.7102200928311454,0.45358814749870013,fits your budget; good sustainability alignment,0.8571428571428571,0.2897799071688546
U006,D022,Horton Plains National Park,nature;wildlife,nuwara eliya,7000,65,64,26.4,0.371,0.629,0.787,0.626,0.935,29.71699206349207,High,0.0,1.0,0.0,0.5956000000000001,0.9,0.7826666666666666,0.7028300793650792,0.45344436111111114,fits your budget; good sustainability alignment,0.8095238095238095,0.2971699206349207
U006,D031,Nine Arches Bridge,heritage;nature,badulla,3000,66,68,30.8,0.032,0.968,0.802,0.612,0.665,29.1955,High,0.0,1.0,0.0,0.5551999999999999,0.9,0.6930000000000001,0.708045,0.45022225000000005,fits your budget; good sustainability alignment,1.0,0.29195499999999996
U006,D064,Udawalawe National Park,wildlife;nature,ratnapura,15000,64,66,29.9,0.244,0.756,0.811,0.753,0.705,27.03333333333333,High,0.0,1.0,0.0,0.5064000000000001,0.9,0.7563333333333334,0.7296666666666667,0.4479947619047619,fits your budget; good sustainability alignment,0.9047619047619048,0.2703333333333333
U006,D063,Sinharaja Forest Reserve,nature;wildlife,ratnapura,8000,69,67,29.4,0.261,0.739,0.836,0.586,0.664,27.5105,High,0.0,1.0,0.0,0.5196000000000001,0.9,0.6953333333333332,0.7248950000000001,0.44535713095238094,fits your budget; good sustainability alignment,0.9523809523809523,0.275105
U006,D061,Belilena Cave,heritage;nature,kegalle,3000,61,68,29.9,0.335,0.665,0.64,0.57,0.777,29.927790314401623,High,0.0,1.0,0.0,0.4700000000000001,0.9,0.6623333333333333,0.7007220968559837,0.4382694381761325,fits your budget; good sustainability alignment,1.0,0.29927790314401626
U007,D017,Udawattakele Forest Reserve,nature,kandy,3000,72,67,26.1,0.296,0.704,0.944,0.891,0.749,28.01564619883041,High,0.30662945501026,1.0,0.0,0.8056000000000001,0.94,0.8613333333333334,0.7198435380116959,0.5709619216055307,fits your budget; suitable weather conditions; good sustainability alignment,0.9523809523809523,0.28015646198830413
U007,D035,Diyaluma Falls,nature;adventure,badulla,5000,67,62,25.3,0.167,0.833,0.829,0.573,0.88,28.68648672161173,High,0.3276340313439955,1.0,0.0,0.8251999999999999,0.94,0.7606666666666667,0.7131351327838826,0.5558662168561452,fits your budget; suitable weather conditions; good sustainability alignment,0.7142857142857143,0.2868648672161173
U007,D026,Lover's Leap Waterfall,nature,nuwara eliya,3000,60,63,27.1,0.543,0.457,0.64,0.893,0.804,29.59335733112673,High,0.3040785556258402,1.0,0.0,0.7468000000000001,0.94,0.7789999999999999,0.7040664266887326,0.5458981983361347,fits your budget; suitable weather conditions; good sustainability alignment,0.7619047619047619,0.2959335733112673
U007,D062,Adam's Peak,religious;nature,ratnapura,5000,62,65,27.5,0.372,0.628,0.871,0.691,0.841,28.97799071688546,High,0.1272007392647745,1.0,0.0,0.8312,0.94,0.8009999999999998,0.7102200928311454,0.5173883323148938,fits your budget; suitable weather conditions; good sustainability alignment,0.8571428571428571,0.2897799071688546
U007,D031,Nine Arches Bridge,heritage;nature,badulla,3000,66,68,30.8,0.032,0.968,0.802,0.612,0.665,29.1955,High,0.0640520488856208,1.0,0.0,0.8752,0.94,0.6930000000000001,0.708045,0.5022352622214052,fits your budget; suitable weather conditions; good sustainability alignment,1.0,0.29195499999999996
U007,D061,Belilena Cave,heritage;nature,kegalle,3000,61,68,29.9,0.335,0.665,0.64,0.57,0.777,29.927790314401623,High,0.0604248491501104,1.0,0.0,0.79,0.94,0.6623333333333333,0.7007220968559837,0.48937565046366005,fits your budget; suitable weather conditions; good sustainability alignment,1.0,0.29927790314401626
U007,D068,Ratnapura Gem Museum Area,culture;heritage,ratnapura,4000,56,62,29.8,0.086,0.914,0.684,0.714,0.727,26.34284318555008,High,0.0,1.0,0.0,0.8936,0.94,0.7083333333333334,0.7365715681444992,0.476736197454844,fits your budget; suitable weather conditions; good sustainability alignment,0.7142857142857143,0.2634284318555008
U007,D063,Sinharaja Forest Reserve,nature;wildlife,ratnapura,8000,69,67,29.4,0.261,0.739,0.836,0.586,0.664,27.5105,High,0.1356440498899448,0.625,0.0,0.8396000000000001,0.94,0.6953333333333332,0.7248950000000001,0.45901814342486713,suitable weather conditions; good sustainability alignment,0.9523809523809523,0.275105
U007,D009,Wilpattu National Park,wildlife;nature,puttalam,16000,63,68,27.6,0.173,0.827,0.665,0.761,0.79,30.689920967190705,High,0.0677124154912543,0.3125,0.0,0.9148,0.94,0.7386666666666667,0.693100790328093,0.4078048100558849,suitable weather conditions; good sustainability alignment,1.0,0.30689920967190704
U007,D064,Udawalawe National Park,wildlife;nature,ratnapura,15000,64,66,29.9,0.244,0.756,0.811,0.753,0.705,27.03333333333333,High,0.0667256546409556,0.3333333333333333,0.0,0.8264,0.94,0.7563333333333334,0.7296666666666667,0.4006761755650008,suitable weather conditions; good sustainability alignment,0.9047619047619048,0.2703333333333333
U008,D083,Hummanaya Blow Hole,nature;coastal,matara,3000,58,67,25.9,0.173,0.827,0.786,0.804,0.812,33.13954424827962,High,0.0498362004389624,1.0,0.0,0.827,0.7,0.8006666666666667,0.6686045575172038,0.4762749922713151,fits your budget; suitable weather conditions; good sustainability alignment,0.9523809523809523,0.3313954424827962
U008,D031,Nine Arches Bridge,heritage;nature,badulla,3000,66,68,30.8,0.032,0.968,0.802,0.612,0.665,29.1955,High,0.0,1.0,0.0,0.968,0.7,0.6930000000000001,0.708045,0.47150225,fits your budget; suitable weather conditions; good sustainability alignment,1.0,0.29195499999999996
U008,D017,Udawattakele Forest Reserve,nature,kandy,3000,72,67,26.1,0.296,0.704,0.944,0.891,0.749,28.01564619883041,High,0.0,1.0,0.0,0.704,0.7,0.8613333333333334,0.7198435380116959,0.46014455785296576,fits your budget; suitable weather conditions; good sustainability alignment,0.9523809523809523,0.28015646198830413
U008,D068,Ratnapura Gem Museum Area,culture;heritage,ratnapura,4000,56,62,29.8,0.086,0.914,0.684,0.714,0.727,26.34284318555008,High,0.0,1.0,0.0,0.914,0.7,0.7083333333333334,0.7365715681444992,0.45477619745484404,fits your budget; suitable weather conditions; good sustainability alignment,0.7142857142857143,0.2634284318555008
U008,D062,Adam's Peak,religious;nature,ratnapura,5000,62,65,27.5,0.372,0.628,0.871,0.691,0.841,28.97799071688546,High,0.0456732096680979,1.0,0.0,0.628,0.7,0.8009999999999998,0.7102200928311454,0.45268644991572465,fits your budget; good sustainability alignment,0.8571428571428571,0.2897799071688546
U008,D061,Belilena Cave,heritage;nature,kegalle,3000,61,68,29.9,0.335,0.665,0.64,0.57,0.777,29.927790314401623,High,0.0492133734654633,1.0,0.0,0.665,0.7,0.6623333333333333,0.7007220968559837,0.4500727815424983,fits your budget; good sustainability alignment,1.0,0.29927790314401626
U008,D063,Sinharaja Forest Reserve,nature;wildlife,ratnapura,8000,69,67,29.4,0.261,0.739,0.836,0.586,0.664,27.5105,High,0.0,1.0,0.0,0.739,0.7,0.6953333333333332,0.7248950000000001,0.44729713095238094,fits your budget; suitable weather conditions; good sustainability alignment,0.9523809523809523,0.275105
U008,D022,Horton Plains National Park,nature;wildlife,nuwara eliya,7000,65,64,26.4,0.371,0.629,0.787,0.626,0.935,29.71699206349207,High,0.0,1.0,0.0,0.629,0.7,0.7826666666666666,0.7028300793650792,0.4367843611111111,fits your budget; good sustainability alignment,0.8095238095238095,0.2971699206349207
U008,D064,Udawalawe National Park,wildlife;nature,ratnapura,15000,64,66,29.9,0.244,0.756,0.811,0.753,0.705,27.03333333333333,High,0.092355940172217,0.5333333333333333,0.0,0.756,0.7,0.7563333333333334,0.7296666666666667,0.40604374694781614,suitable weather conditions; good sustainability alignment,0.9047619047619048,0.2703333333333333
U008,D009,Wilpattu National Park,wildlife;nature,puttalam,16000,63,68,27.6,0.173,0.827,0.665,0.761,0.79,30.689920967190705,High,0.0551487746960082,0.5,0.0,0.827,0.7,0.7386666666666667,0.693100790328093,0.4000088998570734,suitable weather conditions; good sustainability alignment,1.0,0.30689920967190704
U009,D031,Nine Arches Bridge,heritage;nature,badulla,3000,66,68,30.8,0.032,0.968,0.802,0.612,0.665,29.1955,High,0.1201290764900024,1.0,0.0,0.984,0.74,0.6930000000000001,0.708045,0.5071345191225006,fits your budget; suitable weather conditions; good sustainability alignment,1.0,0.29195499999999996
U009,D068,Ratnapura Gem Museum Area,culture;heritage,ratnapura,4000,56,62,29.8,0.086,0.914,0.684,0.714,0.727,26.34284318555008,High,0.1636683450935432,1.0,0.0,0.957,0.74,0.7083333333333334,0.7365715681444992,0.5039932837282298,fits your budget; suitable weather conditions; good sustainability alignment,0.7142857142857143,0.2634284318555008
U009,D061,Belilena Cave,heritage;nature,kegalle,3000,61,68,29.9,0.335,0.665,0.64,0.57,0.777,29.927790314401623,High,0.1133262940333515,1.0,0.0,0.8325,0.74,0.6623333333333333,0.7007220968559837,0.4868510116844704,fits your budget; suitable weather conditions; good sustainability alignment,1.0,0.29927790314401626
U009,D017,Udawattakele Forest Reserve,nature,kandy,3000,72,67,26.1,0.296,0.704,0.944,0.891,0.749,28.01564619883041,High,0.0,1.0,0.0,0.852,0.74,0.8613333333333334,0.7198435380116959,0.47894455785296575,fits your budget; suitable weather conditions; good sustainability alignment,0.9523809523809523,0.28015646198830413
U009,D083,Hummanaya Blow Hole,nature;coastal,matara,3000,58,67,25.9,0.173,0.827,0.786,0.804,0.812,33.13954424827962,High,0.0,1.0,0.0,0.9135,0.74,0.8006666666666667,0.6686045575172038,0.4764659421615745,fits your budget; suitable weather conditions; good sustainability alignment,0.9523809523809523,0.3313954424827962
U009,D063,Sinharaja Forest Reserve,nature;wildlife,ratnapura,8000,69,67,29.4,0.261,0.739,0.836,0.586,0.664,27.5105,High,0.0,1.0,0.0,0.8694999999999999,0.74,0.6953333333333332,0.7248950000000001,0.46434713095238095,fits your budget; suitable weather conditions; good sustainability alignment,0.9523809523809523,0.275105
U009,D062,Adam's Peak,religious;nature,ratnapura,5000,62,65,27.5,0.372,0.628,0.871,0.691,0.841,28.97799071688546,High,0.0,1.0,0.0,0.8140000000000001,0.74,0.8009999999999998,0.7102200928311454,0.46386814749870015,fits your budget; suitable weather conditions; good sustainability alignment,0.8571428571428571,0.2897799071688546
U009,D022,Horton Plains National Park,nature;wildlife,nuwara eliya,7000,65,64,26.4,0.371,0.629,0.787,0.626,0.935,29.71699206349207,High,0.0,1.0,0.0,0.8145,0.74,0.7826666666666666,0.7028300793650792,0.4593343611111111,fits your budget; suitable weather conditions; good sustainability alignment,0.8095238095238095,0.2971699206349207
U009,D064,Udawalawe National Park,wildlife;nature,ratnapura,15000,64,66,29.9,0.244,0.756,0.811,0.753,0.705,27.03333333333333,High,0.0,0.7333333333333333,0.0,0.878,0.74,0.7563333333333334,0.7296666666666667,0.42915476190476187,suitable weather conditions; good sustainability alignment,0.9047619047619048,0.2703333333333333
U009,D009,Wilpattu National Park,wildlife;nature,puttalam,16000,63,68,27.6,0.173,0.827,0.665,0.761,0.79,30.689920967190705,High,0.0,0.6875,0.0,0.9135,0.74,0.7386666666666667,0.693100790328093,0.42699670618307134,suitable weather conditions; good sustainability alignment,1.0,0.30689920967190704
U010,D064,Udawalawe National Park,wildlife;nature,ratnapura,15000,64,66,29.9,0.244,0.756,0.811,0.753,0.705,27.03333333333333,High,0.5392512103455046,0.9333333333333332,1.0,0.5,0.78,0.7563333333333334,0.7296666666666667,0.7601675644911381,fits your budget; matches your preferred crowd level; good sustainability alignment,0.9047619047619048,0.2703333333333333
U010,D009,Wilpattu National Park,wildlife;nature,puttalam,16000,63,68,27.6,0.173,0.827,0.665,0.761,0.79,30.689920967190705,High,0.5472258339847684,0.875,1.0,0.5,0.78,0.7386666666666667,0.693100790328093,0.7545781646792634,fits your budget; matches your preferred crowd level; good sustainability alignment,1.0,0.30689920967190704
U010,D017,Udawattakele Forest Reserve,nature,kandy,3000,72,67,26.1,0.296,0.704,0.944,0.891,0.749,28.01564619883041,High,0.1561397231176412,1.0,1.0,0.5,0.78,0.8613333333333334,0.7198435380116959,0.686779488632376,fits your budget; matches your preferred crowd level; good sustainability alignment,0.9523809523809523,0.28015646198830413
U010,D063,Sinharaja Forest Reserve,nature;wildlife,ratnapura,8000,69,67,29.4,0.261,0.739,0.836,0.586,0.664,27.5105,High,0.2184832686662854,1.0,1.0,0.5,0.78,0.6953333333333332,0.7248950000000001,0.6860179481189524,fits your budget; matches your preferred crowd level; good sustainability alignment,0.9523809523809523,0.275105
U010,D022,Horton Plains National Park,nature;wildlife,nuwara eliya,7000,65,64,26.4,0.371,0.629,0.787,0.626,0.935,29.71699206349207,High,0.207355664737654,1.0,1.0,0.5,0.78,0.7826666666666666,0.7028300793650792,0.6837232772955246,fits your budget; matches your preferred crowd level; good sustainability alignment,0.8095238095238095,0.2971699206349207
U010,D083,Hummanaya Blow Hole,nature;coastal,matara,3000,58,67,25.9,0.173,0.827,0.786,0.804,0.812,33.13954424827962,High,0.0617602659019648,1.0,1.0,0.5,0.78,0.8006666666666667,0.6686045575172038,0.6545560086370658,fits your budget; matches your preferred crowd level; good sustainability alignment,0.9523809523809523,0.3313954424827962
U010,D062,Adam's Peak,religious;nature,ratnapura,5000,62,65,27.5,0.372,0.628,0.871,0.691,0.841,28.97799071688546,High,0.056601216562501,1.0,1.0,0.5,0.78,0.8009999999999998,0.7102200928311454,0.6506184516393254,fits your budget; matches your preferred crowd level; good sustainability alignment,0.8571428571428571,0.2897799071688546
U010,D031,Nine Arches Bridge,heritage;nature,badulla,3000,66,68,30.8,0.032,0.968,0.802,0.612,0.665,29.1955,High,0.064649447958315,1.0,1.0,0.5,0.78,0.6930000000000001,0.708045,0.6488646119895788,fits your budget; matches your preferred crowd level; good sustainability alignment,1.0,0.29195499999999996
U010,D061,Belilena Cave,heritage;nature,kegalle,3000,61,68,29.9,0.335,0.665,0.64,0.57,0.777,29.927790314401623,High,0.0609884181456069,1.0,1.0,0.5,0.78,0.6623333333333333,0.7007220968559837,0.6445165427125343,fits your budget; matches your preferred crowd level; good sustainability alignment,1.0,0.29927790314401626
U010,D068,Ratnapura Gem Museum Area,culture;heritage,ratnapura,4000,56,62,29.8,0.086,0.914,0.684,0.714,0.727,26.34284318555008,High,0.0,1.0,1.0,0.5,0.78,0.7083333333333334,0.7365715681444992,0.621376197454844,fits your budget; matches your preferred crowd level; good sustainability alignment,0.7142857142857143,0.2634284318555008
U011,D083,Hummanaya Blow Hole,nature;coastal,matara,3000,58,67,25.9,0.173,0.827,0.786,0.804,0.812,33.13954424827962,High,0.2189560400094616,1.0,0.0,0.6948,0.8200000000000001,0.8006666666666667,0.6686045575172038,0.5173349521639399,fits your budget; good sustainability alignment,0.9523809523809523,0.3313954424827962
U011,D009,Wilpattu National Park,wildlife;nature,puttalam,16000,63,68,27.6,0.173,0.827,0.665,0.761,0.79,30.689920967190705,High,0.2422969089226855,1.0,0.0,0.6268,0.8200000000000001,0.7386666666666667,0.693100790328093,0.5137759334137427,fits your budget; good sustainability alignment,1.0,0.30689920967190704
U011,D064,Udawalawe National Park,wildlife;nature,ratnapura,15000,64,66,29.9,0.244,0.756,0.811,0.753,0.705,27.03333333333333,High,0.2387659596552772,1.0,0.0,0.5064000000000001,0.8200000000000001,0.7563333333333334,0.7296666666666667,0.49968625181858123,fits your budget; good sustainability alignment,0.9047619047619048,0.2703333333333333
U011,D017,Udawattakele Forest Reserve,nature,kandy,3000,72,67,26.1,0.296,0.704,0.944,0.891,0.749,28.01564619883041,High,0.1261488459563539,1.0,0.0,0.6376,0.8200000000000001,0.8613333333333334,0.7198435380116959,0.49704176934205424,fits your budget; good sustainability alignment,0.9523809523809523,0.28015646198830413
U011,D031,Nine Arches Bridge,heritage;nature,badulla,3000,66,68,30.8,0.032,0.968,0.802,0.612,0.665,29.1955,High,0.1206494411945267,1.0,0.0,0.5551999999999999,0.8200000000000001,0.6930000000000001,0.708045,0.4723846102986317,fits your budget; good sustainability alignment,1.0,0.29195499999999996
U011,D022,Horton Plains National Park,nature;wildlife,nuwara eliya,7000,65,64,26.4,0.371,0.629,0.787,0.626,0.935,29.71699206349207,High,0.1069042798177177,1.0,0.0,0.5956000000000001,0.8200000000000001,0.7826666666666666,0.7028300793650792,0.4721704310655405,fits your budget; good sustainability alignment,0.8095238095238095,0.2971699206349207
U011,D062,Adam's Peak,religious;nature,ratnapura,5000,62,65,27.5,0.372,0.628,0.871,0.691,0.841,28.97799071688546,High,0.0797734267132992,1.0,0.0,0.5512,0.8200000000000001,0.8009999999999998,0.7102200928311454,0.465531504177025,fits your budget; good sustainability alignment,0.8571428571428571,0.2897799071688546
U011,D063,Sinharaja Forest Reserve,nature;wildlife,ratnapura,8000,69,67,29.4,0.261,0.739,0.836,0.586,0.664,27.5105,High,0.1126412269399109,1.0,0.0,0.5196000000000001,0.8200000000000001,0.6953333333333332,0.7248950000000001,0.46551743768735865,fits your budget; good sustainability alignment,0.9523809523809523,0.275105
U011,D061,Belilena Cave,heritage;nature,kegalle,3000,61,68,29.9,0.335,0.665,0.64,0.57,0.777,29.927790314401623,High,0.0859567232079939,1.0,0.0,0.4700000000000001,0.8200000000000001,0.6623333333333333,0.7007220968559837,0.45175861897813097,fits your budget; good sustainability alignment,1.0,0.29927790314401626
U011,D068,Ratnapura Gem Museum Area,culture;heritage,ratnapura,4000,56,62,29.8,0.086,0.914,0.684,0.714,0.727,26.34284318555008,High,0.0,1.0,0.0,0.5735999999999999,0.8200000000000001,0.7083333333333334,0.7365715681444992,0.43273619745484404,fits your budget; good sustainability alignment,0.7142857142857143,0.2634284318555008
U012,D064,Udawalawe National Park,wildlife;nature,ratnapura,15000,64,66,29.9,0.244,0.756,0.811,0.753,0.705,27.03333333333333,High,0.1008598186637938,1.0,0.0,0.8264,0.86,0.7563333333333334,0.7296666666666667,0.5012097165707103,fits your budget; suitable weather conditions; good sustainability alignment,0.9047619047619048,0.2703333333333333
U012,D017,Udawattakele Forest Reserve,nature,kandy,3000,72,67,26.1,0.296,0.704,0.944,0.891,0.749,28.01564619883041,High,0.0,1.0,0.0,0.8056000000000001,0.86,0.8613333333333334,0.7198435380116959,0.4863045578529658,fits your budget; suitable weather conditions; good sustainability alignment,0.9523809523809523,0.28015646198830413
U012,D009,Wilpattu National Park,wildlife;nature,puttalam,16000,63,68,27.6,0.173,0.827,0.665,0.761,0.79,30.689920967190705,High,0.0,1.0,0.0,0.9148,0.86,0.7386666666666667,0.693100790328093,0.4860017061830713,fits your budget; suitable weather conditions; good sustainability alignment,1.0,0.30689920967190704
U012,D083,Hummanaya Blow Hole,nature;coastal,matara,3000,58,67,25.9,0.173,0.827,0.786,0.804,0.812,33.13954424827962,High,0.0,1.0,0.0,0.8467999999999999,0.86,0.8006666666666667,0.6686045575172038,0.4817959421615745,fits your budget; suitable weather conditions; good sustainability alignment,0.9523809523809523,0.3313954424827962
U012,D031,Nine Arches Bridge,heritage;nature,badulla,3000,66,68,30.8,0.032,0.968,0.802,0.612,0.665,29.1955,High,0.0,1.0,0.0,0.8752,0.86,0.6930000000000001,0.708045,0.47822225000000007,fits your budget; suitable weather conditions; good sustainability alignment,1.0,0.29195499999999996
U012,D062,Adam's Peak,religious;nature,ratnapura,5000,62,65,27.5,0.372,0.628,0.871,0.691,0.841,28.97799071688546,High,0.0,1.0,0.0,0.8312,0.86,0.8009999999999998,0.7102200928311454,0.47758814749870016,fits your budget; suitable weather conditions; good sustainability alignment,0.8571428571428571,0.2897799071688546
U012,D063,Sinharaja Forest Reserve,nature;wildlife,ratnapura,8000,69,67,29.4,0.261,0.739,0.836,0.586,0.664,27.5105,High,0.0,1.0,0.0,0.8396000000000001,0.86,0.6953333333333332,0.7248950000000001,0.47335713095238097,fits your budget; suitable weather conditions; good sustainability alignment,0.9523809523809523,0.275105
U012,D068,Ratnapura Gem Museum Area,culture;heritage,ratnapura,4000,56,62,29.8,0.086,0.914,0.684,0.714,0.727,26.34284318555008,High,0.0,1.0,0.0,0.8936,0.86,0.7083333333333334,0.7365715681444992,0.468736197454844,fits your budget; suitable weather conditions; good sustainability alignment,0.7142857142857143,0.2634284318555008
U012,D022,Horton Plains National Park,nature;wildlife,nuwara eliya,7000,65,64,26.4,0.371,0.629,0.787,0.626,0.935,29.71699206349207,High,0.0,1.0,0.0,0.7876,0.86,0.7826666666666666,0.7028300793650792,0.4686443611111111,fits your budget; suitable weather conditions; good sustainability alignment,0.8095238095238095,0.2971699206349207
U012,D061,Belilena Cave,heritage;nature,kegalle,3000,61,68,29.9,0.335,0.665,0.64,0.57,0.777,29.927790314401623,High,0.0,1.0,0.0,0.79,0.86,0.6623333333333333,0.7007220968559837,0.46626943817613253,fits your budget; suitable weather conditions; good sustainability alignment,1.0,0.29927790314401626
U013,D031,Nine Arches Bridge,heritage;nature,badulla,3000,66,68,30.8,0.032,0.968,0.802,0.612,0.665,29.1955,High,0.1401977866386803,1.0,0.0,0.968,0.9,0.6930000000000001,0.708045,0.52655169665967,fits your budget; suitable weather conditions; good sustainability alignment,1.0,0.29195499999999996
U013,D061,Belilena Cave,heritage;nature,kegalle,3000,61,68,29.9,0.335,0.665,0.64,0.57,0.777,29.927790314401623,High,0.2304557361337483,1.0,0.0,0.665,0.9,0.6623333333333333,0.7007220968559837,0.5153833722095696,fits your budget; good sustainability alignment,1.0,0.29927790314401626
U013,D068,Ratnapura Gem Museum Area,culture;heritage,ratnapura,4000,56,62,29.8,0.086,0.914,0.684,0.714,0.727,26.34284318555008,High,0.1342398101748814,1.0,0.0,0.914,0.9,0.7083333333333334,0.7365715681444992,0.5083361499985644,fits your budget; suitable weather conditions; good sustainability alignment,0.7142857142857143,0.2634284318555008
U013,D083,Hummanaya Blow Hole,nature;coastal,matara,3000,58,67,25.9,0.173,0.827,0.786,0.804,0.812,33.13954424827962,High,0.0,1.0,0.0,0.827,0.9,0.8006666666666667,0.6686045575172038,0.4838159421615745,fits your budget; suitable weather conditions; good sustainability alignment,0.9523809523809523,0.3313954424827962
U013,D017,Udawattakele Forest Reserve,nature,kandy,3000,72,67,26.1,0.296,0.704,0.944,0.891,0.749,28.01564619883041,High,0.0,1.0,0.0,0.704,0.9,0.8613333333333334,0.7198435380116959,0.4801445578529658,fits your budget; suitable weather conditions; good sustainability alignment,0.9523809523809523,0.28015646198830413
U013,D035,Diyaluma Falls,nature;adventure,badulla,5000,67,62,25.3,0.167,0.833,0.829,0.573,0.88,28.68648672161173,High,0.0,1.0,0.0,0.833,0.9,0.7606666666666667,0.7131351327838826,0.47073770902014656,fits your budget; suitable weather conditions; good sustainability alignment,0.7142857142857143,0.2868648672161173
U013,D062,Adam's Peak,religious;nature,ratnapura,5000,62,65,27.5,0.372,0.628,0.871,0.691,0.841,28.97799071688546,High,0.0,1.0,0.0,0.628,0.9,0.8009999999999998,0.7102200928311454,0.46126814749870015,fits your budget; good sustainability alignment,0.8571428571428571,0.2897799071688546
U013,D063,Sinharaja Forest Reserve,nature;wildlife,ratnapura,8000,69,67,29.4,0.261,0.739,0.836,0.586,0.664,27.5105,High,0.0,0.625,0.0,0.739,0.9,0.6953333333333332,0.7248950000000001,0.411047130952381,suitable weather conditions; good sustainability alignment,0.9523809523809523,0.275105
U013,D009,Wilpattu National Park,wildlife;nature,puttalam,16000,63,68,27.6,0.173,0.827,0.665,0.761,0.79,30.689920967190705,High,0.0,0.3125,0.0,0.827,0.9,0.7386666666666667,0.693100790328093,0.37809670618307134,suitable weather conditions; good sustainability alignment,1.0,0.30689920967190704
U013,D064,Udawalawe National Park,wildlife;nature,ratnapura,15000,64,66,29.9,0.244,0.756,0.811,0.753,0.705,27.03333333333333,High,0.0,0.3333333333333333,0.0,0.756,0.9,0.7563333333333334,0.7296666666666667,0.3729547619047619,suitable weather conditions; good sustainability alignment,0.9047619047619048,0.2703333333333333
U014,D022,Horton Plains National Park,nature;wildlife,nuwara eliya,7000,65,64,26.4,0.371,0.629,0.787,0.626,0.935,29.71699206349207,High,0.3198015249787022,1.0,0.0,0.8145,0.94,0.7826666666666666,0.7028300793650792,0.5592847423557867,fits your budget; suitable weather conditions; good sustainability alignment,0.8095238095238095,0.2971699206349207
U014,D063,Sinharaja Forest Reserve,nature;wildlife,ratnapura,8000,69,67,29.4,0.261,0.739,0.836,0.586,0.664,27.5105,High,0.1621363163517267,1.0,0.0,0.8694999999999999,0.94,0.6953333333333332,0.7248950000000001,0.5248812100403126,fits your budget; suitable weather conditions; good sustainability alignment,0.9523809523809523,0.275105
U014,D017,Udawattakele Forest Reserve,nature,kandy,3000,72,67,26.1,0.296,0.704,0.944,0.891,0.749,28.01564619883041,High,0.1007855370312551,1.0,0.0,0.852,0.94,0.8613333333333334,0.7198435380116959,0.5241409421107794,fits your budget; suitable weather conditions; good sustainability alignment,0.9523809523809523,0.28015646198830413
U014,D031,Nine Arches Bridge,heritage;nature,badulla,3000,66,68,30.8,0.032,0.968,0.802,0.612,0.665,29.1955,High,0.0191202917228585,1.0,0.0,0.984,0.94,0.6930000000000001,0.708045,0.5018823229307147,fits your budget; suitable weather conditions; good sustainability alignment,1.0,0.29195499999999996
U014,D083,Hummanaya Blow Hole,nature;coastal,matara,3000,58,67,25.9,0.173,0.827,0.786,0.804,0.812,33.13954424827962,High,0.0182658064101072,1.0,0.0,0.9135,0.94,0.8006666666666667,0.6686045575172038,0.5010323937641012,fits your budget; suitable weather conditions; good sustainability alignment,0.9523809523809523,0.3313954424827962
U014,D062,Adam's Peak,religious;nature,ratnapura,5000,62,65,27.5,0.372,0.628,0.871,0.691,0.841,28.97799071688546,High,0.0,1.0,0.0,0.8140000000000001,0.94,0.8009999999999998,0.7102200928311454,0.48386814749870016,fits your budget; suitable weather conditions; good sustainability alignment,0.8571428571428571,0.2897799071688546
U014,D068,Ratnapura Gem Museum Area,culture;heritage,ratnapura,4000,56,62,29.8,0.086,0.914,0.684,0.714,0.727,26.34284318555008,High,0.0,1.0,0.0,0.957,0.94,0.7083333333333334,0.7365715681444992,0.48307619745484404,fits your budget; suitable weather conditions; good sustainability alignment,0.7142857142857143,0.2634284318555008
U014,D061,Belilena Cave,heritage;nature,kegalle,3000,61,68,29.9,0.335,0.665,0.64,0.57,0.777,29.927790314401623,High,0.0,1.0,0.0,0.8325,0.94,0.6623333333333333,0.7007220968559837,0.4785194381761325,fits your budget; suitable weather conditions; good sustainability alignment,1.0,0.29927790314401626
U014,D009,Wilpattu National Park,wildlife;nature,puttalam,16000,63,68,27.6,0.173,0.827,0.665,0.761,0.79,30.689920967190705,High,0.1835876760691339,0.5,0.0,0.9135,0.94,0.7386666666666667,0.693100790328093,0.46476862520035483,suitable weather conditions; good sustainability alignment,1.0,0.30689920967190704
U014,D064,Udawalawe National Park,wildlife;nature,ratnapura,15000,64,66,29.9,0.244,0.756,0.811,0.753,0.705,27.03333333333333,High,0.1809122858910102,0.5333333333333333,0.0,0.878,0.94,0.7563333333333334,0.7296666666666667,0.46438283337751446,suitable weather conditions; good sustainability alignment,0.9047619047619048,0.2703333333333333
U015,D035,Diyaluma Falls,nature;adventure,badulla,5000,67,62,25.3,0.167,0.833,0.829,0.573,0.88,28.68648672161173,High,0.3407457309433117,1.0,1.0,0.5,0.7,0.7606666666666667,0.7131351327838826,0.7026241417559744,fits your budget; matches your preferred crowd level; good sustainability alignment,0.7142857142857143,0.2868648672161173
U015,D062,Adam's Peak,religious;nature,ratnapura,5000,62,65,27.5,0.372,0.628,0.871,0.691,0.841,28.97799071688546,High,0.1789620072787928,1.0,1.0,0.5,0.7,0.8009999999999998,0.7102200928311454,0.6732086493183983,fits your budget; matches your preferred crowd level; good sustainability alignment,0.8571428571428571,0.2897799071688546
U015,D017,Udawattakele Forest Reserve,nature,kandy,3000,72,67,26.1,0.296,0.704,0.944,0.891,0.749,28.01564619883041,High,0.1085519333420897,1.0,1.0,0.5,0.7,0.8613333333333334,0.7198435380116959,0.6668825411884881,fits your budget; matches your preferred crowd level; good sustainability alignment,0.9523809523809523,0.28015646198830413
U015,D063,Sinharaja Forest Reserve,nature;wildlife,ratnapura,8000,69,67,29.4,0.261,0.739,0.836,0.586,0.664,27.5105,High,0.0969285360135832,1.0,1.0,0.5,0.7,0.6953333333333332,0.7248950000000001,0.6476292649557768,fits your budget; matches your preferred crowd level; good sustainability alignment,0.9523809523809523,0.275105
U015,D022,Horton Plains National Park,nature;wildlife,nuwara eliya,7000,65,64,26.4,0.371,0.629,0.787,0.626,0.935,29.71699206349207,High,0.0919918542954573,1.0,1.0,0.5,0.7,0.7826666666666666,0.7028300793650792,0.6468823246849755,fits your budget; matches your preferred crowd level; good sustainability alignment,0.8095238095238095,0.2971699206349207
U015,D061,Belilena Cave,heritage;nature,kegalle,3000,61,68,29.9,0.335,0.665,0.64,0.57,0.777,29.927790314401623,High,0.0948930219509947,1.0,1.0,0.5,0.7,0.6623333333333333,0.7007220968559837,0.6449926936638812,fits your budget; matches your preferred crowd level; good sustainability alignment,1.0,0.29927790314401626
U015,D031,Nine Arches Bridge,heritage;nature,badulla,3000,66,68,30.8,0.032,0.968,0.802,0.612,0.665,29.1955,High,0.0,1.0,1.0,0.5,0.7,0.6930000000000001,0.708045,0.62470225,fits your budget; matches your preferred crowd level; good sustainability alignment,1.0,0.29195499999999996
U015,D068,Ratnapura Gem Museum Area,culture;heritage,ratnapura,4000,56,62,29.8,0.086,0.914,0.684,0.714,0.727,26.34284318555008,High,0.0,1.0,1.0,0.5,0.7,0.7083333333333334,0.7365715681444992,0.613376197454844,fits your budget; matches your preferred crowd level; good sustainability alignment,0.7142857142857143,0.2634284318555008
U015,D009,Wilpattu National Park,wildlife;nature,puttalam,16000,63,68,27.6,0.173,0.827,0.665,0.761,0.79,30.689920967190705,High,0.1063376379079423,0.6875,1.0,0.5,0.7,0.7386666666666667,0.693100790328093,0.6082311156600569,matches your preferred crowd level; good sustainability alignment,1.0,0.30689920967190704
U015,D064,Udawalawe National Park,wildlife;nature,ratnapura,15000,64,66,29.9,0.244,0.756,0.811,0.753,0.705,27.03333333333333,High,0.0,0.7333333333333333,1.0,0.5,0.7,0.7563333333333334,0.7296666666666667,0.5873547619047619,matches your preferred crowd level; good sustainability alignment,0.9047619047619048,0.2703333333333333
U016,D017,Udawattakele Forest Reserve,nature,kandy,3000,72,67,26.1,0.296,0.704,0.944,0.891,0.749,28.01564619883041,High,0.0,1.0,0.0,0.6376,0.74,0.8613333333333334,0.7198435380116959,0.4575045578529658,fits your budget; good sustainability alignment,0.9523809523809523,0.28015646198830413
U016,D083,Hummanaya Blow Hole,nature;coastal,matara,3000,58,67,25.9,0.173,0.827,0.786,0.804,0.812,33.13954424827962,High,0.0,1.0,0.0,0.6948,0.74,0.8006666666666667,0.6686045575172038,0.4545959421615745,fits your budget; good sustainability alignment,0.9523809523809523,0.3313954424827962
U016,D068,Ratnapura Gem Museum Area,culture;heritage,ratnapura,4000,56,62,29.8,0.086,0.914,0.684,0.714,0.727,26.34284318555008,High,0.118940880209741,1.0,0.0,0.5735999999999999,0.74,0.7083333333333334,0.7365715681444992,0.45447141750727926,fits your budget; good sustainability alignment,0.7142857142857143,0.2634284318555008
U016,D064,Udawalawe National Park,wildlife;nature,ratnapura,15000,64,66,29.9,0.244,0.756,0.811,0.753,0.705,27.03333333333333,High,0.1077508123548083,0.9333333333333332,0.0,0.5064000000000001,0.74,0.7563333333333334,0.7296666666666667,0.44893246499346395,fits your budget; good sustainability alignment,0.9047619047619048,0.2703333333333333
U016,D062,Adam's Peak,religious;nature,ratnapura,5000,62,65,27.5,0.372,0.628,0.871,0.691,0.841,28.97799071688546,High,0.0,1.0,0.0,0.5512,0.74,0.8009999999999998,0.7102200928311454,0.4375881474987001,fits your budget; good sustainability alignment,0.8571428571428571,0.2897799071688546
U016,D022,Horton Plains National Park,nature;wildlife,nuwara eliya,7000,65,64,26.4,0.371,0.629,0.787,0.626,0.935,29.71699206349207,High,0.0,1.0,0.0,0.5956000000000001,0.74,0.7826666666666666,0.7028300793650792,0.4374443611111111,fits your budget; good sustainability alignment,0.8095238095238095,0.2971699206349207
U016,D031,Nine Arches Bridge,heritage;nature,badulla,3000,66,68,30.8,0.032,0.968,0.802,0.612,0.665,29.1955,High,0.0,1.0,0.0,0.5551999999999999,0.74,0.6930000000000001,0.708045,0.43422225000000003,fits your budget; good sustainability alignment,1.0,0.29195499999999996
U016,D063,Sinharaja Forest Reserve,nature;wildlife,ratnapura,8000,69,67,29.4,0.261,0.739,0.836,0.586,0.664,27.5105,High,0.0,1.0,0.0,0.5196000000000001,0.74,0.6953333333333332,0.7248950000000001,0.4293571309523809,fits your budget; good sustainability alignment,0.9523809523809523,0.275105
U016,D009,Wilpattu National Park,wildlife;nature,puttalam,16000,63,68,27.6,0.173,0.827,0.665,0.761,0.79,30.689920967190705,High,0.0,0.875,0.0,0.6268,0.74,0.7386666666666667,0.693100790328093,0.4264517061830713,fits your budget; good sustainability alignment,1.0,0.30689920967190704
U016,D061,Belilena Cave,heritage;nature,kegalle,3000,61,68,29.9,0.335,0.665,0.64,0.57,0.777,29.927790314401623,High,0.0,1.0,0.0,0.4700000000000001,0.74,0.6623333333333333,0.7007220968559837,0.4222694381761325,fits your budget; good sustainability alignment,1.0,0.29927790314401626
U017,D017,Udawattakele Forest Reserve,nature,kandy,3000,72,67,26.1,0.296,0.704,0.944,0.891,0.749,28.01564619883041,High,0.30662945501026,1.0,0.0,0.8056000000000001,0.78,0.8613333333333334,0.7198435380116959,0.5549619216055307,fits your budget; suitable weather conditions; good sustainability alignment,0.9523809523809523,0.28015646198830413
U017,D035,Diyaluma Falls,nature;adventure,badulla,5000,67,62,25.3,0.167,0.833,0.829,0.573,0.88,28.68648672161173,High,0.3276340313439955,1.0,0.0,0.8251999999999999,0.78,0.7606666666666667,0.7131351327838826,0.5398662168561453,fits your budget; suitable weather conditions; good sustainability alignment,0.7142857142857143,0.2868648672161173
U017,D062,Adam's Peak,religious;nature,ratnapura,5000,62,65,27.5,0.372,0.628,0.871,0.691,0.841,28.97799071688546,High,0.1272007392647745,1.0,0.0,0.8312,0.78,0.8009999999999998,0.7102200928311454,0.5013883323148938,fits your budget; suitable weather conditions; good sustainability alignment,0.8571428571428571,0.2897799071688546
U017,D063,Sinharaja Forest Reserve,nature;wildlife,ratnapura,8000,69,67,29.4,0.261,0.739,0.836,0.586,0.664,27.5105,High,0.1356440498899448,1.0,0.0,0.8396000000000001,0.78,0.6953333333333332,0.7248950000000001,0.4992681434248672,fits your budget; suitable weather conditions; good sustainability alignment,0.9523809523809523,0.275105
U017,D009,Wilpattu National Park,wildlife;nature,puttalam,16000,63,68,27.6,0.173,0.827,0.665,0.761,0.79,30.689920967190705,High,0.0677124154912543,1.0,0.0,0.9148,0.78,0.7386666666666667,0.693100790328093,0.4949298100558849,fits your budget; suitable weather conditions; good sustainability alignment,1.0,0.30689920967190704
U017,D022,Horton Plains National Park,nature;wildlife,nuwara eliya,7000,65,64,26.4,0.371,0.629,0.787,0.626,0.935,29.71699206349207,High,0.1287355425627486,1.0,0.0,0.7876,0.78,0.7826666666666666,0.7028300793650792,0.49282824675179826,fits your budget; suitable weather conditions; good sustainability alignment,0.8095238095238095,0.2971699206349207
U017,D031,Nine Arches Bridge,heritage;nature,badulla,3000,66,68,30.8,0.032,0.968,0.802,0.612,0.665,29.1955,High,0.0640520488856208,1.0,0.0,0.8752,0.78,0.6930000000000001,0.708045,0.48623526222140523,fits your budget; suitable weather conditions; good sustainability alignment,1.0,0.29195499999999996
U017,D064,Udawalawe National Park,wildlife;nature,ratnapura,15000,64,66,29.9,0.244,0.756,0.811,0.753,0.705,27.03333333333333,High,0.0667256546409556,1.0,0.0,0.8264,0.78,0.7563333333333334,0.7296666666666667,0.4846761755650008,fits your budget; suitable weather conditions; good sustainability alignment,0.9047619047619048,0.2703333333333333
U017,D061,Belilena Cave,heritage;nature,kegalle,3000,61,68,29.9,0.335,0.665,0.64,0.57,0.777,29.927790314401623,High,0.0604248491501104,1.0,0.0,0.79,0.78,0.6623333333333333,0.7007220968559837,0.47337565046366015,fits your budget; suitable weather conditions; good sustainability alignment,1.0,0.29927790314401626
U017,D068,Ratnapura Gem Museum Area,culture;heritage,ratnapura,4000,56,62,29.8,0.086,0.914,0.684,0.714,0.727,26.34284318555008,High,0.0,1.0,0.0,0.8936,0.78,0.7083333333333334,0.7365715681444992,0.460736197454844,fits your budget; suitable weather conditions; good sustainability alignment,0.7142857142857143,0.2634284318555008
U018,D035,Diyaluma Falls,nature;adventure,badulla,5000,67,62,25.3,0.167,0.833,0.829,0.573,0.88,28.68648672161173,High,0.132401888008867,1.0,0.0,0.833,0.8200000000000001,0.7606666666666667,0.7131351327838826,0.49583818102236327,fits your budget; suitable weather conditions; good sustainability alignment,0.7142857142857143,0.2868648672161173
U018,D083,Hummanaya Blow Hole,nature;coastal,matara,3000,58,67,25.9,0.173,0.827,0.786,0.804,0.812,33.13954424827962,High,0.0566076879479494,1.0,0.0,0.827,0.8200000000000001,0.8006666666666667,0.6686045575172038,0.48996786414856186,fits your budget; suitable weather conditions; good sustainability alignment,0.9523809523809523,0.3313954424827962
U018,D009,Wilpattu National Park,wildlife;nature,puttalam,16000,63,68,27.6,0.173,0.827,0.665,0.761,0.79,30.689920967190705,High,0.062642107568512,1.0,0.0,0.827,0.8200000000000001,0.7386666666666667,0.693100790328093,0.48888223307519935,fits your budget; suitable weather conditions; good sustainability alignment,1.0,0.30689920967190704
U018,D031,Nine Arches Bridge,heritage;nature,badulla,3000,66,68,30.8,0.032,0.968,0.802,0.612,0.665,29.1955,High,0.0,1.0,0.0,0.968,0.8200000000000001,0.6930000000000001,0.708045,0.48350225,fits your budget; suitable weather conditions; good sustainability alignment,1.0,0.29195499999999996
U018,D017,Udawattakele Forest Reserve,nature,kandy,3000,72,67,26.1,0.296,0.704,0.944,0.891,0.749,28.01564619883041,High,0.0,1.0,0.0,0.704,0.8200000000000001,0.8613333333333334,0.7198435380116959,0.4721445578529658,fits your budget; suitable weather conditions; good sustainability alignment,0.9523809523809523,0.28015646198830413
U018,D068,Ratnapura Gem Museum Area,culture;heritage,ratnapura,4000,56,62,29.8,0.086,0.914,0.684,0.714,0.727,26.34284318555008,High,0.0,1.0,0.0,0.914,0.8200000000000001,0.7083333333333334,0.7365715681444992,0.46677619745484406,fits your budget; suitable weather conditions; good sustainability alignment,0.7142857142857143,0.2634284318555008
U018,D062,Adam's Peak,religious;nature,ratnapura,5000,62,65,27.5,0.372,0.628,0.871,0.691,0.841,28.97799071688546,High,0.0518790513261445,1.0,0.0,0.628,0.8200000000000001,0.8009999999999998,0.7102200928311454,0.46623791033023626,fits your budget; good sustainability alignment,0.8571428571428571,0.2897799071688546
U018,D064,Udawalawe National Park,wildlife;nature,ratnapura,15000,64,66,29.9,0.244,0.756,0.811,0.753,0.705,27.03333333333333,High,0.0,1.0,0.0,0.756,0.8200000000000001,0.7563333333333334,0.7296666666666667,0.46495476190476187,fits your budget; suitable weather conditions; good sustainability alignment,0.9047619047619048,0.2703333333333333
U018,D061,Belilena Cave,heritage;nature,kegalle,3000,61,68,29.9,0.335,0.665,0.64,0.57,0.777,29.927790314401623,High,0.0559002344372313,1.0,0.0,0.665,0.8200000000000001,0.6623333333333333,0.7007220968559837,0.4637444967854404,fits your budget; good sustainability alignment,1.0,0.29927790314401626
U018,D063,Sinharaja Forest Reserve,nature;wildlife,ratnapura,8000,69,67,29.4,0.261,0.739,0.836,0.586,0.664,27.5105,High,0.0,1.0,0.0,0.739,0.8200000000000001,0.6953333333333332,0.7248950000000001,0.45929713095238095,fits your budget; suitable weather conditions; good sustainability alignment,0.9523809523809523,0.275105
U019,D031,Nine Arches Bridge,heritage;nature,badulla,3000,66,68,30.8,0.032,0.968,0.802,0.612,0.665,29.1955,High,0.1201290764900024,1.0,0.0,0.984,0.86,0.6930000000000001,0.708045,0.5191345191225006,fits your budget; suitable weather conditions; good sustainability alignment,1.0,0.29195499999999996
U019,D068,Ratnapura Gem Museum Area,culture;heritage,ratnapura,4000,56,62,29.8,0.086,0.914,0.684,0.714,0.727,26.34284318555008,High,0.1636683450935432,1.0,0.0,0.957,0.86,0.7083333333333334,0.7365715681444992,0.5159932837282298,fits your budget; suitable weather conditions; good sustainability alignment,0.7142857142857143,0.2634284318555008
U019,D061,Belilena Cave,heritage;nature,kegalle,3000,61,68,29.9,0.335,0.665,0.64,0.57,0.777,29.927790314401623,High,0.1133262940333515,1.0,0.0,0.8325,0.86,0.6623333333333333,0.7007220968559837,0.49885101168447044,fits your budget; suitable weather conditions; good sustainability alignment,1.0,0.29927790314401626
U019,D017,Udawattakele Forest Reserve,nature,kandy,3000,72,67,26.1,0.296,0.704,0.944,0.891,0.749,28.01564619883041,High,0.0,1.0,0.0,0.852,0.86,0.8613333333333334,0.7198435380116959,0.49094455785296576,fits your budget; suitable weather conditions; good sustainability alignment,0.9523809523809523,0.28015646198830413
U019,D083,Hummanaya Blow Hole,nature;coastal,matara,3000,58,67,25.9,0.173,0.827,0.786,0.804,0.812,33.13954424827962,High,0.0,1.0,0.0,0.9135,0.86,0.8006666666666667,0.6686045575172038,0.4884659421615745,fits your budget; suitable weather conditions; good sustainability alignment,0.9523809523809523,0.3313954424827962
U019,D062,Adam's Peak,religious;nature,ratnapura,5000,62,65,27.5,0.372,0.628,0.871,0.691,0.841,28.97799071688546,High,0.0,1.0,0.0,0.8140000000000001,0.86,0.8009999999999998,0.7102200928311454,0.47586814749870016,fits your budget; suitable weather conditions; good sustainability alignment,0.8571428571428571,0.2897799071688546
U019,D035,Diyaluma Falls,nature;adventure,badulla,5000,67,62,25.3,0.167,0.833,0.829,0.573,0.88,28.68648672161173,High,0.0,1.0,0.0,0.9165,0.86,0.7606666666666667,0.7131351327838826,0.4750877090201465,fits your budget; suitable weather conditions; good sustainability alignment,0.7142857142857143,0.2868648672161173
U019,D063,Sinharaja Forest Reserve,nature;wildlife,ratnapura,8000,69,67,29.4,0.261,0.739,0.836,0.586,0.664,27.5105,High,0.0,0.625,0.0,0.8694999999999999,0.86,0.6953333333333332,0.7248950000000001,0.42009713095238094,suitable weather conditions; good sustainability alignment,0.9523809523809523,0.275105
U019,D009,Wilpattu National Park,wildlife;nature,puttalam,16000,63,68,27.6,0.173,0.827,0.665,0.761,0.79,30.689920967190705,High,0.0,0.3125,0.0,0.9135,0.86,0.7386666666666667,0.693100790328093,0.38274670618307133,suitable weather conditions; good sustainability alignment,1.0,0.30689920967190704
U019,D064,Udawalawe National Park,wildlife;nature,ratnapura,15000,64,66,29.9,0.244,0.756,0.811,0.753,0.705,27.03333333333333,High,0.0,0.3333333333333333,0.0,0.878,0.86,0.7563333333333334,0.7296666666666667,0.3811547619047619,suitable weather conditions; good sustainability alignment,0.9047619047619048,0.2703333333333333
U020,D064,Udawalawe National Park,wildlife;nature,ratnapura,15000,64,66,29.9,0.244,0.756,0.811,0.753,0.705,27.03333333333333,High,0.551172626432716,0.5333333333333333,1.0,0.5,0.9,0.7563333333333334,0.7296666666666667,0.7151479185129408,matches your preferred crowd level; good sustainability alignment,0.9047619047619048,0.2703333333333333
U020,D017,Udawattakele Forest Reserve,nature,kandy,3000,72,67,26.1,0.296,0.704,0.944,0.891,0.749,28.01564619883041,High,0.1265786443191671,1.0,1.0,0.5,0.9,0.8613333333333334,0.7198435380116959,0.6913892189327576,fits your budget; matches your preferred crowd level; good sustainability alignment,0.9523809523809523,0.28015646198830413
U020,D063,Sinharaja Forest Reserve,nature;wildlife,ratnapura,8000,69,67,29.4,0.261,0.739,0.836,0.586,0.664,27.5105,High,0.1771190277656781,1.0,1.0,0.5,0.9,0.6953333333333332,0.7248950000000001,0.6876768878938005,fits your budget; matches your preferred crowd level; good sustainability alignment,0.9523809523809523,0.275105
U020,D022,Horton Plains National Park,nature;wildlife,nuwara eliya,7000,65,64,26.4,0.371,0.629,0.787,0.626,0.935,29.71699206349207,High,0.1680981521570696,1.0,1.0,0.5,0.9,0.7826666666666666,0.7028300793650792,0.6859088991503786,fits your budget; matches your preferred crowd level; good sustainability alignment,0.8095238095238095,0.2971699206349207
U020,D009,Wilpattu National Park,wildlife;nature,puttalam,16000,63,68,27.6,0.173,0.827,0.665,0.761,0.79,30.689920967190705,High,0.4436225632988302,0.5,1.0,0.5,0.9,0.7386666666666667,0.693100790328093,0.684427347007779,matches your preferred crowd level; good sustainability alignment,1.0,0.30689920967190704
U020,D083,Hummanaya Blow Hole,nature;coastal,matara,3000,58,67,25.9,0.173,0.827,0.786,0.804,0.812,33.13954424827962,High,0.0500675329414539,1.0,1.0,0.5,0.9,0.8006666666666667,0.6686045575172038,0.663632825396938,fits your budget; matches your preferred crowd level; good sustainability alignment,0.9523809523809523,0.3313954424827962
U020,D062,Adam's Peak,religious;nature,ratnapura,5000,62,65,27.5,0.372,0.628,0.871,0.691,0.841,28.97799071688546,High,0.0458852181638555,1.0,1.0,0.5,0.9,0.8009999999999998,0.7102200928311454,0.659939452039664,fits your budget; matches your preferred crowd level; good sustainability alignment,0.8571428571428571,0.2897799071688546
U020,D031,Nine Arches Bridge,heritage;nature,badulla,3000,66,68,30.8,0.032,0.968,0.802,0.612,0.665,29.1955,High,0.052409721979464,1.0,1.0,0.5,0.9,0.6930000000000001,0.708045,0.6578046804948661,fits your budget; matches your preferred crowd level; good sustainability alignment,1.0,0.29195499999999996
U020,D061,Belilena Cave,heritage;nature,kegalle,3000,61,68,29.9,0.335,0.665,0.64,0.57,0.777,29.927790314401623,High,0.0494418148943752,1.0,1.0,0.5,0.9,0.6623333333333333,0.7007220968559837,0.6536298918997264,fits your budget; matches your preferred crowd level; good sustainability alignment,1.0,0.29927790314401626
U020,D068,Ratnapura Gem Museum Area,culture;heritage,ratnapura,4000,56,62,29.8,0.086,0.914,0.684,0.714,0.727,26.34284318555008,High,0.0,1.0,1.0,0.5,0.9,0.7083333333333334,0.7365715681444992,0.633376197454844,fits your budget; matches your preferred crowd level; good sustainability alignment,0.7142857142857143,0.2634284318555008
U021,D083,Hummanaya Blow Hole,nature;coastal,matara,3000,58,67,25.9,0.173,0.827,0.786,0.804,0.812,33.13954424827962,High,0.2189560400094616,1.0,0.0,0.6948,0.94,0.8006666666666667,0.6686045575172038,0.5293349521639398,fits your budget; good sustainability alignment,0.9523809523809523,0.3313954424827962
U021,D017,Udawattakele Forest Reserve,nature,kandy,3000,72,67,26.1,0.296,0.704,0.944,0.891,0.749,28.01564619883041,High,0.1261488459563539,1.0,0.0,0.6376,0.94,0.8613333333333334,0.7198435380116959,0.5090417693420541,fits your budget; good sustainability alignment,0.9523809523809523,0.28015646198830413
U021,D031,Nine Arches Bridge,heritage;nature,badulla,3000,66,68,30.8,0.032,0.968,0.802,0.612,0.665,29.1955,High,0.1206494411945267,1.0,0.0,0.5551999999999999,0.94,0.6930000000000001,0.708045,0.48438461029863167,fits your budget; good sustainability alignment,1.0,0.29195499999999996
U021,D022,Horton Plains National Park,nature;wildlife,nuwara eliya,7000,65,64,26.4,0.371,0.629,0.787,0.626,0.935,29.71699206349207,High,0.1069042798177177,1.0,0.0,0.5956000000000001,0.94,0.7826666666666666,0.7028300793650792,0.48417043106554053,fits your budget; good sustainability alignment,0.8095238095238095,0.2971699206349207
U021,D009,Wilpattu National Park,wildlife;nature,puttalam,16000,63,68,27.6,0.173,0.827,0.665,0.761,0.79,30.689920967190705,High,0.2422969089226855,0.6875,0.0,0.6268,0.94,0.7386666666666667,0.693100790328093,0.4789009334137427,good sustainability alignment,1.0,0.30689920967190704
U021,D062,Adam's Peak,religious;nature,ratnapura,5000,62,65,27.5,0.372,0.628,0.871,0.691,0.841,28.97799071688546,High,0.0797734267132992,1.0,0.0,0.5512,0.94,0.8009999999999998,0.7102200928311454,0.47753150417702495,fits your budget; good sustainability alignment,0.8571428571428571,0.2897799071688546
U021,D063,Sinharaja Forest Reserve,nature;wildlife,ratnapura,8000,69,67,29.4,0.261,0.739,0.836,0.586,0.664,27.5105,High,0.1126412269399109,1.0,0.0,0.5196000000000001,0.94,0.6953333333333332,0.7248950000000001,0.47751743768735866,fits your budget; good sustainability alignment,0.9523809523809523,0.275105
U021,D064,Udawalawe National Park,wildlife;nature,ratnapura,15000,64,66,29.9,0.244,0.756,0.811,0.753,0.705,27.03333333333333,High,0.2387659596552772,0.7333333333333333,0.0,0.5064000000000001,0.94,0.7563333333333334,0.7296666666666667,0.4716862518185812,good sustainability alignment,0.9047619047619048,0.2703333333333333
U021,D061,Belilena Cave,heritage;nature,kegalle,3000,61,68,29.9,0.335,0.665,0.64,0.57,0.777,29.927790314401623,High,0.0859567232079939,1.0,0.0,0.4700000000000001,0.94,0.6623333333333333,0.7007220968559837,0.463758618978131,fits your budget; good sustainability alignment,1.0,0.29927790314401626
U021,D068,Ratnapura Gem Museum Area,culture;heritage,ratnapura,4000,56,62,29.8,0.086,0.914,0.684,0.714,0.727,26.34284318555008,High,0.0,1.0,0.0,0.5735999999999999,0.94,0.7083333333333334,0.7365715681444992,0.444736197454844,fits your budget; good sustainability alignment,0.7142857142857143,0.2634284318555008
U022,D017,Udawattakele Forest Reserve,nature,kandy,3000,72,67,26.1,0.296,0.704,0.944,0.891,0.749,28.01564619883041,High,0.0,1.0,0.0,0.8056000000000001,0.7,0.8613333333333334,0.7198435380116959,0.47030455785296577,fits your budget; suitable weather conditions; good sustainability alignment,0.9523809523809523,0.28015646198830413
U022,D083,Hummanaya Blow Hole,nature;coastal,matara,3000,58,67,25.9,0.173,0.827,0.786,0.804,0.812,33.13954424827962,High,0.0,1.0,0.0,0.8467999999999999,0.7,0.8006666666666667,0.6686045575172038,0.4657959421615745,fits your budget; suitable weather conditions; good sustainability alignment,0.9523809523809523,0.3313954424827962
U022,D031,Nine Arches Bridge,heritage;nature,badulla,3000,66,68,30.8,0.032,0.968,0.802,0.612,0.665,29.1955,High,0.0,1.0,0.0,0.8752,0.7,0.6930000000000001,0.708045,0.46222225000000006,fits your budget; suitable weather conditions; good sustainability alignment,1.0,0.29195499999999996
U022,D062,Adam's Peak,religious;nature,ratnapura,5000,62,65,27.5,0.372,0.628,0.871,0.691,0.841,28.97799071688546,High,0.0,1.0,0.0,0.8312,0.7,0.8009999999999998,0.7102200928311454,0.46158814749870014,fits your budget; suitable weather conditions; good sustainability alignment,0.8571428571428571,0.2897799071688546
U022,D063,Sinharaja Forest Reserve,nature;wildlife,ratnapura,8000,69,67,29.4,0.261,0.739,0.836,0.586,0.664,27.5105,High,0.0,1.0,0.0,0.8396000000000001,0.7,0.6953333333333332,0.7248950000000001,0.45735713095238095,fits your budget; suitable weather conditions; good sustainability alignment,0.9523809523809523,0.275105
U022,D068,Ratnapura Gem Museum Area,culture;heritage,ratnapura,4000,56,62,29.8,0.086,0.914,0.684,0.714,0.727,26.34284318555008,High,0.0,1.0,0.0,0.8936,0.7,0.7083333333333334,0.7365715681444992,0.452736197454844,fits your budget; suitable weather conditions; good sustainability alignment,0.7142857142857143,0.2634284318555008
U022,D022,Horton Plains National Park,nature;wildlife,nuwara eliya,7000,65,64,26.4,0.371,0.629,0.787,0.626,0.935,29.71699206349207,High,0.0,1.0,0.0,0.7876,0.7,0.7826666666666666,0.7028300793650792,0.45264436111111106,fits your budget; suitable weather conditions; good sustainability alignment,0.8095238095238095,0.2971699206349207
U022,D009,Wilpattu National Park,wildlife;nature,puttalam,16000,63,68,27.6,0.173,0.827,0.665,0.761,0.79,30.689920967190705,High,0.0,0.875,0.0,0.9148,0.7,0.7386666666666667,0.693100790328093,0.4512517061830713,fits your budget; suitable weather conditions; good sustainability alignment,1.0,0.30689920967190704
U022,D061,Belilena Cave,heritage;nature,kegalle,3000,61,68,29.9,0.335,0.665,0.64,0.57,0.777,29.927790314401623,High,0.0,1.0,0.0,0.79,0.7,0.6623333333333333,0.7007220968559837,0.4502694381761325,fits your budget; suitable weather conditions; good sustainability alignment,1.0,0.29927790314401626
U022,D064,Udawalawe National Park,wildlife;nature,ratnapura,15000,64,66,29.9,0.244,0.756,0.811,0.753,0.705,27.03333333333333,High,0.0,0.9333333333333332,0.0,0.8264,0.7,0.7563333333333334,0.7296666666666667,0.4499947619047619,fits your budget; suitable weather conditions; good sustainability alignment,0.9047619047619048,0.2703333333333333
U023,D031,Nine Arches Bridge,heritage;nature,badulla,3000,66,68,30.8,0.032,0.968,0.802,0.612,0.665,29.1955,High,0.1401977866386803,1.0,0.0,0.968,0.74,0.6930000000000001,0.708045,0.51055169665967,fits your budget; suitable weather conditions; good sustainability alignment,1.0,0.29195499999999996
U023,D061,Belilena Cave,heritage;nature,kegalle,3000,61,68,29.9,0.335,0.665,0.64,0.57,0.777,29.927790314401623,High,0.2304557361337483,1.0,0.0,0.665,0.74,0.6623333333333333,0.7007220968559837,0.49938337220956963,fits your budget; good sustainability alignment,1.0,0.29927790314401626
U023,D068,Ratnapura Gem Museum Area,culture;heritage,ratnapura,4000,56,62,29.8,0.086,0.914,0.684,0.714,0.727,26.34284318555008,High,0.1342398101748814,1.0,0.0,0.914,0.74,0.7083333333333334,0.7365715681444992,0.4923361499985644,fits your budget; suitable weather conditions; good sustainability alignment,0.7142857142857143,0.2634284318555008
U023,D083,Hummanaya Blow Hole,nature;coastal,matara,3000,58,67,25.9,0.173,0.827,0.786,0.804,0.812,33.13954424827962,High,0.0,1.0,0.0,0.827,0.74,0.8006666666666667,0.6686045575172038,0.46781594216157446,fits your budget; suitable weather conditions; good sustainability alignment,0.9523809523809523,0.3313954424827962
U023,D009,Wilpattu National Park,wildlife;nature,puttalam,16000,63,68,27.6,0.173,0.827,0.665,0.761,0.79,30.689920967190705,High,0.0,1.0,0.0,0.827,0.74,0.7386666666666667,0.693100790328093,0.4652217061830713,fits your budget; suitable weather conditions; good sustainability alignment,1.0,0.30689920967190704
U023,D017,Udawattakele Forest Reserve,nature,kandy,3000,72,67,26.1,0.296,0.704,0.944,0.891,0.749,28.01564619883041,High,0.0,1.0,0.0,0.704,0.74,0.8613333333333334,0.7198435380116959,0.46414455785296577,fits your budget; suitable weather conditions; good sustainability alignment,0.9523809523809523,0.28015646198830413
U023,D064,Udawalawe National Park,wildlife;nature,ratnapura,15000,64,66,29.9,0.244,0.756,0.811,0.753,0.705,27.03333333333333,High,0.0,1.0,0.0,0.756,0.74,0.7563333333333334,0.7296666666666667,0.45695476190476186,fits your budget; suitable weather conditions; good sustainability alignment,0.9047619047619048,0.2703333333333333
U023,D063,Sinharaja Forest Reserve,nature;wildlife,ratnapura,8000,69,67,29.4,0.261,0.739,0.836,0.586,0.664,27.5105,High,0.0,1.0,0.0,0.739,0.74,0.6953333333333332,0.7248950000000001,0.45129713095238094,fits your budget; suitable weather conditions; good sustainability alignment,0.9523809523809523,0.275105
U023,D062,Adam's Peak,religious;nature,ratnapura,5000,62,65,27.5,0.372,0.628,0.871,0.691,0.841,28.97799071688546,High,0.0,1.0,0.0,0.628,0.74,0.8009999999999998,0.7102200928311454,0.44526814749870014,fits your budget; good sustainability alignment,0.8571428571428571,0.2897799071688546
U023,D022,Horton Plains National Park,nature;wildlife,nuwara eliya,7000,65,64,26.4,0.371,0.629,0.787,0.626,0.935,29.71699206349207,High,0.0,1.0,0.0,0.629,0.74,0.7826666666666666,0.7028300793650792,0.4407843611111111,fits your budget; good sustainability alignment,0.8095238095238095,0.2971699206349207
U024,D064,Udawalawe National Park,wildlife;nature,ratnapura,15000,64,66,29.9,0.244,0.756,0.811,0.753,0.705,27.03333333333333,High,0.2582147813435834,1.0,0.0,0.878,0.78,0.7563333333333334,0.7296666666666667,0.5377084572406577,fits your budget; suitable weather conditions; good sustainability alignment,0.9047619047619048,0.2703333333333333
U024,D022,Horton Plains National Park,nature;wildlife,nuwara eliya,7000,65,64,26.4,0.371,0.629,0.787,0.626,0.935,29.71699206349207,High,0.2670297455215619,1.0,0.0,0.8145,0.78,0.7826666666666666,0.7028300793650792,0.5300917974915016,fits your budget; suitable weather conditions; good sustainability alignment,0.8095238095238095,0.2971699206349207
U024,D009,Wilpattu National Park,wildlife;nature,puttalam,16000,63,68,27.6,0.173,0.827,0.665,0.761,0.79,30.689920967190705,High,0.1532931102342323,1.0,0.0,0.9135,0.78,0.7386666666666667,0.693100790328093,0.5161949837416294,fits your budget; suitable weather conditions; good sustainability alignment,1.0,0.30689920967190704
U024,D017,Udawattakele Forest Reserve,nature,kandy,3000,72,67,26.1,0.296,0.704,0.944,0.891,0.749,28.01564619883041,High,0.0841544964724678,1.0,0.0,0.852,0.78,0.8613333333333334,0.7198435380116959,0.5039831819710827,fits your budget; suitable weather conditions; good sustainability alignment,0.9523809523809523,0.28015646198830413
U024,D063,Sinharaja Forest Reserve,nature;wildlife,ratnapura,8000,69,67,29.4,0.261,0.739,0.836,0.586,0.664,27.5105,High,0.1353815285842942,1.0,0.0,0.8694999999999999,0.78,0.6953333333333332,0.7248950000000001,0.5021925130984546,fits your budget; suitable weather conditions; good sustainability alignment,0.9523809523809523,0.275105
U024,D031,Nine Arches Bridge,heritage;nature,badulla,3000,66,68,30.8,0.032,0.968,0.802,0.612,0.665,29.1955,High,0.015965172878375,1.0,0.0,0.984,0.78,0.6930000000000001,0.708045,0.4850935432195938,fits your budget; suitable weather conditions; good sustainability alignment,1.0,0.29195499999999996
U024,D083,Hummanaya Blow Hole,nature;coastal,matara,3000,58,67,25.9,0.173,0.827,0.786,0.804,0.812,33.13954424827962,High,0.0152516897402595,1.0,0.0,0.9135,0.78,0.8006666666666667,0.6686045575172038,0.4842788645966394,fits your budget; suitable weather conditions; good sustainability alignment,0.9523809523809523,0.3313954424827962
U024,D062,Adam's Peak,religious;nature,ratnapura,5000,62,65,27.5,0.372,0.628,0.871,0.691,0.841,28.97799071688546,High,0.0,1.0,0.0,0.8140000000000001,0.78,0.8009999999999998,0.7102200928311454,0.46786814749870015,fits your budget; suitable weather conditions; good sustainability alignment,0.8571428571428571,0.2897799071688546
U024,D068,Ratnapura Gem Museum Area,culture;heritage,ratnapura,4000,56,62,29.8,0.086,0.914,0.684,0.714,0.727,26.34284318555008,High,0.0,1.0,0.0,0.957,0.78,0.7083333333333334,0.7365715681444992,0.467076197454844,fits your budget; suitable weather conditions; good sustainability alignment,0.7142857142857143,0.2634284318555008
U024,D061,Belilena Cave,heritage;nature,kegalle,3000,61,68,29.9,0.335,0.665,0.64,0.57,0.777,29.927790314401623,High,0.0,1.0,0.0,0.8325,0.78,0.6623333333333333,0.7007220968559837,0.4625194381761325,fits your budget; suitable weather conditions; good sustainability alignment,1.0,0.29927790314401626
U025,D035,Diyaluma Falls,nature;adventure,badulla,5000,67,62,25.3,0.167,0.833,0.829,0.573,0.88,28.68648672161173,High,0.3407457309433117,1.0,1.0,0.5,0.8200000000000001,0.7606666666666667,0.7131351327838826,0.7146241417559744,fits your budget; matches your preferred crowd level; good sustainability alignment,0.7142857142857143,0.2868648672161173
U025,D062,Adam's Peak,religious;nature,ratnapura,5000,62,65,27.5,0.372,0.628,0.871,0.691,0.841,28.97799071688546,High,0.1789620072787928,1.0,1.0,0.5,0.8200000000000001,0.8009999999999998,0.7102200928311454,0.6852086493183983,fits your budget; matches your preferred crowd level; good sustainability alignment,0.8571428571428571,0.2897799071688546
U025,D017,Udawattakele Forest Reserve,nature,kandy,3000,72,67,26.1,0.296,0.704,0.944,0.891,0.749,28.01564619883041,High,0.1085519333420897,1.0,1.0,0.5,0.8200000000000001,0.8613333333333334,0.7198435380116959,0.6788825411884881,fits your budget; matches your preferred crowd level; good sustainability alignment,0.9523809523809523,0.28015646198830413
U025,D083,Hummanaya Blow Hole,nature;coastal,matara,3000,58,67,25.9,0.173,0.827,0.786,0.804,0.812,33.13954424827962,High,0.0960939543298611,1.0,1.0,0.5,0.8200000000000001,0.8006666666666667,0.6686045575172038,0.6671394307440398,fits your budget; matches your preferred crowd level; good sustainability alignment,0.9523809523809523,0.3313954424827962
U025,D061,Belilena Cave,heritage;nature,kegalle,3000,61,68,29.9,0.335,0.665,0.64,0.57,0.777,29.927790314401623,High,0.0948930219509947,1.0,1.0,0.5,0.8200000000000001,0.6623333333333333,0.7007220968559837,0.6569926936638812,fits your budget; matches your preferred crowd level; good sustainability alignment,1.0,0.29927790314401626
U025,D031,Nine Arches Bridge,heritage;nature,badulla,3000,66,68,30.8,0.032,0.968,0.802,0.612,0.665,29.1955,High,0.0,1.0,1.0,0.5,0.8200000000000001,0.6930000000000001,0.708045,0.63670225,fits your budget; matches your preferred crowd level; good sustainability alignment,1.0,0.29195499999999996
U025,D068,Ratnapura Gem Museum Area,culture;heritage,ratnapura,4000,56,62,29.8,0.086,0.914,0.684,0.714,0.727,26.34284318555008,High,0.0,1.0,1.0,0.5,0.8200000000000001,0.7083333333333334,0.7365715681444992,0.625376197454844,fits your budget; matches your preferred crowd level; good sustainability alignment,0.7142857142857143,0.2634284318555008
U025,D063,Sinharaja Forest Reserve,nature;wildlife,ratnapura,8000,69,67,29.4,0.261,0.739,0.836,0.586,0.664,27.5105,High,0.0969285360135832,0.625,1.0,0.5,0.8200000000000001,0.6953333333333332,0.7248950000000001,0.6033792649557768,matches your preferred crowd level; good sustainability alignment,0.9523809523809523,0.275105
U025,D009,Wilpattu National Park,wildlife;nature,puttalam,16000,63,68,27.6,0.173,0.827,0.665,0.761,0.79,30.689920967190705,High,0.1063376379079423,0.3125,1.0,0.5,0.8200000000000001,0.7386666666666667,0.693100790328093,0.5639811156600569,matches your preferred crowd level; good sustainability alignment,1.0,0.30689920967190704
U025,D064,Udawalawe National Park,wildlife;nature,ratnapura,15000,64,66,29.9,0.244,0.756,0.811,0.753,0.705,27.03333333333333,High,0.0,0.3333333333333333,1.0,0.5,0.8200000000000001,0.7563333333333334,0.7296666666666667,0.539354761904762,matches your preferred crowd level; good sustainability alignment,0.9047619047619048,0.2703333333333333
U026,D068,Ratnapura Gem Museum Area,culture;heritage,ratnapura,4000,56,62,29.8,0.086,0.914,0.684,0.714,0.727,26.34284318555008,High,0.1427924433903865,1.0,0.0,0.5735999999999999,0.86,0.7083333333333334,0.7365715681444992,0.47243430830244065,fits your budget; good sustainability alignment,0.7142857142857143,0.2634284318555008
U026,D017,Udawattakele Forest Reserve,nature,kandy,3000,72,67,26.1,0.296,0.704,0.944,0.891,0.749,28.01564619883041,High,0.0,1.0,0.0,0.6376,0.86,0.8613333333333334,0.7198435380116959,0.4695045578529658,fits your budget; good sustainability alignment,0.9523809523809523,0.28015646198830413
U026,D083,Hummanaya Blow Hole,nature;coastal,matara,3000,58,67,25.9,0.173,0.827,0.786,0.804,0.812,33.13954424827962,High,0.0,1.0,0.0,0.6948,0.86,0.8006666666666667,0.6686045575172038,0.4665959421615745,fits your budget; good sustainability alignment,0.9523809523809523,0.3313954424827962
U026,D062,Adam's Peak,religious;nature,ratnapura,5000,62,65,27.5,0.372,0.628,0.871,0.691,0.841,28.97799071688546,High,0.0,1.0,0.0,0.5512,0.86,0.8009999999999998,0.7102200928311454,0.44958814749870013,fits your budget; good sustainability alignment,0.8571428571428571,0.2897799071688546
U026,D022,Horton Plains National Park,nature;wildlife,nuwara eliya,7000,65,64,26.4,0.371,0.629,0.787,0.626,0.935,29.71699206349207,High,0.0,1.0,0.0,0.5956000000000001,0.86,0.7826666666666666,0.7028300793650792,0.44944436111111113,fits your budget; good sustainability alignment,0.8095238095238095,0.2971699206349207
U026,D031,Nine Arches Bridge,heritage;nature,badulla,3000,66,68,30.8,0.032,0.968,0.802,0.612,0.665,29.1955,High,0.0,1.0,0.0,0.5551999999999999,0.86,0.6930000000000001,0.708045,0.44622225000000004,fits your budget; good sustainability alignment,1.0,0.29195499999999996
U026,D063,Sinharaja Forest Reserve,nature;wildlife,ratnapura,8000,69,67,29.4,0.261,0.739,0.836,0.586,0.664,27.5105,High,0.0,1.0,0.0,0.5196000000000001,0.86,0.6953333333333332,0.7248950000000001,0.44135713095238094,fits your budget; good sustainability alignment,0.9523809523809523,0.275105
U026,D061,Belilena Cave,heritage;nature,kegalle,3000,61,68,29.9,0.335,0.665,0.64,0.57,0.777,29.927790314401623,High,0.0,1.0,0.0,0.4700000000000001,0.86,0.6623333333333333,0.7007220968559837,0.4342694381761325,fits your budget; good sustainability alignment,1.0,0.29927790314401626
U026,D009,Wilpattu National Park,wildlife;nature,puttalam,16000,63,68,27.6,0.173,0.827,0.665,0.761,0.79,30.689920967190705,High,0.0,0.5,0.0,0.6268,0.86,0.7386666666666667,0.693100790328093,0.3822017061830713,good sustainability alignment,1.0,0.30689920967190704
U026,D064,Udawalawe National Park,wildlife;nature,ratnapura,15000,64,66,29.9,0.244,0.756,0.811,0.753,0.705,27.03333333333333,High,0.0,0.5333333333333333,0.0,0.5064000000000001,0.86,0.7563333333333334,0.7296666666666667,0.3739947619047619,good sustainability alignment,0.9047619047619048,0.2703333333333333
U027,D017,Udawattakele Forest Reserve,nature,kandy,3000,72,67,26.1,0.296,0.704,0.944,0.891,0.749,28.01564619883041,High,0.30662945501026,1.0,0.0,0.8056000000000001,0.9,0.8613333333333334,0.7198435380116959,0.5669619216055307,fits your budget; suitable weather conditions; good sustainability alignment,0.9523809523809523,0.28015646198830413
U027,D035,Diyaluma Falls,nature;adventure,badulla,5000,67,62,25.3,0.167,0.833,0.829,0.573,0.88,28.68648672161173,High,0.3276340313439955,1.0,0.0,0.8251999999999999,0.9,0.7606666666666667,0.7131351327838826,0.5518662168561453,fits your budget; suitable weather conditions; good sustainability alignment,0.7142857142857143,0.2868648672161173
U027,D062,Adam's Peak,religious;nature,ratnapura,5000,62,65,27.5,0.372,0.628,0.871,0.691,0.841,28.97799071688546,High,0.1272007392647745,1.0,0.0,0.8312,0.9,0.8009999999999998,0.7102200928311454,0.5133883323148938,fits your budget; suitable weather conditions; good sustainability alignment,0.8571428571428571,0.2897799071688546
U027,D063,Sinharaja Forest Reserve,nature;wildlife,ratnapura,8000,69,67,29.4,0.261,0.739,0.836,0.586,0.664,27.5105,High,0.1356440498899448,1.0,0.0,0.8396000000000001,0.9,0.6953333333333332,0.7248950000000001,0.5112681434248673,fits your budget; suitable weather conditions; good sustainability alignment,0.9523809523809523,0.275105
U027,D022,Horton Plains National Park,nature;wildlife,nuwara eliya,7000,65,64,26.4,0.371,0.629,0.787,0.626,0.935,29.71699206349207,High,0.1287355425627486,1.0,0.0,0.7876,0.9,0.7826666666666666,0.7028300793650792,0.5048282467517983,fits your budget; suitable weather conditions; good sustainability alignment,0.8095238095238095,0.2971699206349207
U027,D031,Nine Arches Bridge,heritage;nature,badulla,3000,66,68,30.8,0.032,0.968,0.802,0.612,0.665,29.1955,High,0.0640520488856208,1.0,0.0,0.8752,0.9,0.6930000000000001,0.708045,0.49823526222140524,fits your budget; suitable weather conditions; good sustainability alignment,1.0,0.29195499999999996
U027,D061,Belilena Cave,heritage;nature,kegalle,3000,61,68,29.9,0.335,0.665,0.64,0.57,0.777,29.927790314401623,High,0.0604248491501104,1.0,0.0,0.79,0.9,0.6623333333333333,0.7007220968559837,0.48537565046366016,fits your budget; suitable weather conditions; good sustainability alignment,1.0,0.29927790314401626
U027,D068,Ratnapura Gem Museum Area,culture;heritage,ratnapura,4000,56,62,29.8,0.086,0.914,0.684,0.714,0.727,26.34284318555008,High,0.0,1.0,0.0,0.8936,0.9,0.7083333333333334,0.7365715681444992,0.472736197454844,fits your budget; suitable weather conditions; good sustainability alignment,0.7142857142857143,0.2634284318555008
U027,D009,Wilpattu National Park,wildlife;nature,puttalam,16000,63,68,27.6,0.173,0.827,0.665,0.761,0.79,30.689920967190705,High,0.0677124154912543,0.6875,0.0,0.9148,0.9,0.7386666666666667,0.693100790328093,0.4600548100558849,suitable weather conditions; good sustainability alignment,1.0,0.30689920967190704
U027,D064,Udawalawe National Park,wildlife;nature,ratnapura,15000,64,66,29.9,0.244,0.756,0.811,0.753,0.705,27.03333333333333,High,0.0667256546409556,0.7333333333333333,0.0,0.8264,0.9,0.7563333333333334,0.7296666666666667,0.4566761755650008,suitable weather conditions; good sustainability alignment,0.9047619047619048,0.2703333333333333
U028,D083,Hummanaya Blow Hole,nature;coastal,matara,3000,58,67,25.9,0.173,0.827,0.786,0.804,0.812,33.13954424827962,High,0.0498362004389624,1.0,0.0,0.827,0.94,0.8006666666666667,0.6686045575172038,0.500274992271315,fits your budget; suitable weather conditions; good sustainability alignment,0.9523809523809523,0.3313954424827962
U028,D031,Nine Arches Bridge,heritage;nature,badulla,3000,66,68,30.8,0.032,0.968,0.802,0.612,0.665,29.1955,High,0.0,1.0,0.0,0.968,0.94,0.6930000000000001,0.708045,0.49550225000000003,fits your budget; suitable weather conditions; good sustainability alignment,1.0,0.29195499999999996
U028,D064,Udawalawe National Park,wildlife;nature,ratnapura,15000,64,66,29.9,0.244,0.756,0.811,0.753,0.705,27.03333333333333,High,0.092355940172217,0.9333333333333332,0.0,0.756,0.94,0.7563333333333334,0.7296666666666667,0.4900437469478161,fits your budget; suitable weather conditions; good sustainability alignment,0.9047619047619048,0.2703333333333333
U028,D017,Udawattakele Forest Reserve,nature,kandy,3000,72,67,26.1,0.296,0.704,0.944,0.891,0.749,28.01564619883041,High,0.0,1.0,0.0,0.704,0.94,0.8613333333333334,0.7198435380116959,0.4841445578529658,fits your budget; suitable weather conditions; good sustainability alignment,0.9523809523809523,0.28015646198830413
U028,D009,Wilpattu National Park,wildlife;nature,puttalam,16000,63,68,27.6,0.173,0.827,0.665,0.761,0.79,30.689920967190705,High,0.0551487746960082,0.875,0.0,0.827,0.94,0.7386666666666667,0.693100790328093,0.4802588998570734,fits your budget; suitable weather conditions; good sustainability alignment,1.0,0.30689920967190704
U028,D068,Ratnapura Gem Museum Area,culture;heritage,ratnapura,4000,56,62,29.8,0.086,0.914,0.684,0.714,0.727,26.34284318555008,High,0.0,1.0,0.0,0.914,0.94,0.7083333333333334,0.7365715681444992,0.47877619745484407,fits your budget; suitable weather conditions; good sustainability alignment,0.7142857142857143,0.2634284318555008
U028,D062,Adam's Peak,religious;nature,ratnapura,5000,62,65,27.5,0.372,0.628,0.871,0.691,0.841,28.97799071688546,High,0.0456732096680979,1.0,0.0,0.628,0.94,0.8009999999999998,0.7102200928311454,0.4766864499157247,fits your budget; good sustainability alignment,0.8571428571428571,0.2897799071688546
U028,D061,Belilena Cave,heritage;nature,kegalle,3000,61,68,29.9,0.335,0.665,0.64,0.57,0.777,29.927790314401623,High,0.0492133734654633,1.0,0.0,0.665,0.94,0.6623333333333333,0.7007220968559837,0.4740727815424983,fits your budget; good sustainability alignment,1.0,0.29927790314401626
U028,D063,Sinharaja Forest Reserve,nature;wildlife,ratnapura,8000,69,67,29.4,0.261,0.739,0.836,0.586,0.664,27.5105,High,0.0,1.0,0.0,0.739,0.94,0.6953333333333332,0.7248950000000001,0.4712971309523809,fits your budget; suitable weather conditions; good sustainability alignment,0.9523809523809523,0.275105
U028,D022,Horton Plains National Park,nature;wildlife,nuwara eliya,7000,65,64,26.4,0.371,0.629,0.787,0.626,0.935,29.71699206349207,High,0.0,1.0,0.0,0.629,0.94,0.7826666666666666,0.7028300793650792,0.46078436111111104,fits your budget; good sustainability alignment,0.8095238095238095,0.2971699206349207
U029,D031,Nine Arches Bridge,heritage;nature,badulla,3000,66,68,30.8,0.032,0.968,0.802,0.612,0.665,29.1955,High,0.1201290764900024,1.0,0.0,0.984,0.7,0.6930000000000001,0.708045,0.5031345191225006,fits your budget; suitable weather conditions; good sustainability alignment,1.0,0.29195499999999996
U029,D068,Ratnapura Gem Museum Area,culture;heritage,ratnapura,4000,56,62,29.8,0.086,0.914,0.684,0.714,0.727,26.34284318555008,High,0.1636683450935432,1.0,0.0,0.957,0.7,0.7083333333333334,0.7365715681444992,0.4999932837282298,fits your budget; suitable weather conditions; good sustainability alignment,0.7142857142857143,0.2634284318555008
U029,D061,Belilena Cave,heritage;nature,kegalle,3000,61,68,29.9,0.335,0.665,0.64,0.57,0.777,29.927790314401623,High,0.1133262940333515,1.0,0.0,0.8325,0.7,0.6623333333333333,0.7007220968559837,0.4828510116844704,fits your budget; suitable weather conditions; good sustainability alignment,1.0,0.29927790314401626
U029,D017,Udawattakele Forest Reserve,nature,kandy,3000,72,67,26.1,0.296,0.704,0.944,0.891,0.749,28.01564619883041,High,0.0,1.0,0.0,0.852,0.7,0.8613333333333334,0.7198435380116959,0.47494455785296574,fits your budget; suitable weather conditions; good sustainability alignment,0.9523809523809523,0.28015646198830413
U029,D083,Hummanaya Blow Hole,nature;coastal,matara,3000,58,67,25.9,0.173,0.827,0.786,0.804,0.812,33.13954424827962,High,0.0,1.0,0.0,0.9135,0.7,0.8006666666666667,0.6686045575172038,0.4724659421615745,fits your budget; suitable weather conditions; good sustainability alignment,0.9523809523809523,0.3313954424827962
U029,D009,Wilpattu National Park,wildlife;nature,puttalam,16000,63,68,27.6,0.173,0.827,0.665,0.761,0.79,30.689920967190705,High,0.0,1.0,0.0,0.9135,0.7,0.7386666666666667,0.693100790328093,0.46987170618307134,fits your budget; suitable weather conditions; good sustainability alignment,1.0,0.30689920967190704
U029,D064,Udawalawe National Park,wildlife;nature,ratnapura,15000,64,66,29.9,0.244,0.756,0.811,0.753,0.705,27.03333333333333,High,0.0,1.0,0.0,0.878,0.7,0.7563333333333334,0.7296666666666667,0.4651547619047619,fits your budget; suitable weather conditions; good sustainability alignment,0.9047619047619048,0.2703333333333333
U029,D063,Sinharaja Forest Reserve,nature;wildlife,ratnapura,8000,69,67,29.4,0.261,0.739,0.836,0.586,0.664,27.5105,High,0.0,1.0,0.0,0.8694999999999999,0.7,0.6953333333333332,0.7248950000000001,0.46034713095238095,fits your budget; suitable weather conditions; good sustainability alignment,0.9523809523809523,0.275105
U029,D062,Adam's Peak,religious;nature,ratnapura,5000,62,65,27.5,0.372,0.628,0.871,0.691,0.841,28.97799071688546,High,0.0,1.0,0.0,0.8140000000000001,0.7,0.8009999999999998,0.7102200928311454,0.45986814749870014,fits your budget; suitable weather conditions; good sustainability alignment,0.8571428571428571,0.2897799071688546
U029,D022,Horton Plains National Park,nature;wildlife,nuwara eliya,7000,65,64,26.4,0.371,0.629,0.787,0.626,0.935,29.71699206349207,High,0.0,1.0,0.0,0.8145,0.7,0.7826666666666666,0.7028300793650792,0.4553343611111111,fits your budget; suitable weather conditions; good sustainability alignment,0.8095238095238095,0.2971699206349207
U030,D009,Wilpattu National Park,wildlife;nature,puttalam,16000,63,68,27.6,0.173,0.827,0.665,0.761,0.79,30.689920967190705,High,0.5472258339847684,1.0,1.0,0.5,0.74,0.7386666666666667,0.693100790328093,0.7693281646792635,fits your budget; matches your preferred crowd level; good sustainability alignment,1.0,0.30689920967190704
U030,D064,Udawalawe National Park,wildlife;nature,ratnapura,15000,64,66,29.9,0.244,0.756,0.811,0.753,0.705,27.03333333333333,High,0.5392512103455046,1.0,1.0,0.5,0.74,0.7563333333333334,0.7296666666666667,0.7661675644911381,fits your budget; matches your preferred crowd level; good sustainability alignment,0.9047619047619048,0.2703333333333333
U030,D017,Udawattakele Forest Reserve,nature,kandy,3000,72,67,26.1,0.296,0.704,0.944,0.891,0.749,28.01564619883041,High,0.1561397231176412,1.0,1.0,0.5,0.74,0.8613333333333334,0.7198435380116959,0.682779488632376,fits your budget; matches your preferred crowd level; good sustainability alignment,0.9523809523809523,0.28015646198830413
U030,D063,Sinharaja Forest Reserve,nature;wildlife,ratnapura,8000,69,67,29.4,0.261,0.739,0.836,0.586,0.664,27.5105,High,0.2184832686662854,1.0,1.0,0.5,0.74,0.6953333333333332,0.7248950000000001,0.6820179481189524,fits your budget; matches your preferred crowd level; good sustainability alignment,0.9523809523809523,0.275105
U030,D022,Horton Plains National Park,nature;wildlife,nuwara eliya,7000,65,64,26.4,0.371,0.629,0.787,0.626,0.935,29.71699206349207,High,0.207355664737654,1.0,1.0,0.5,0.74,0.7826666666666666,0.7028300793650792,0.6797232772955246,fits your budget; matches your preferred crowd level; good sustainability alignment,0.8095238095238095,0.2971699206349207
U030,D083,Hummanaya Blow Hole,nature;coastal,matara,3000,58,67,25.9,0.173,0.827,0.786,0.804,0.812,33.13954424827962,High,0.0617602659019648,1.0,1.0,0.5,0.74,0.8006666666666667,0.6686045575172038,0.6505560086370658,fits your budget; matches your preferred crowd level; good sustainability alignment,0.9523809523809523,0.3313954424827962
U030,D062,Adam's Peak,religious;nature,ratnapura,5000,62,65,27.5,0.372,0.628,0.871,0.691,0.841,28.97799071688546,High,0.056601216562501,1.0,1.0,0.5,0.74,0.8009999999999998,0.7102200928311454,0.6466184516393254,fits your budget; matches your preferred crowd level; good sustainability alignment,0.8571428571428571,0.2897799071688546
U030,D031,Nine Arches Bridge,heritage;nature,badulla,3000,66,68,30.8,0.032,0.968,0.802,0.612,0.665,29.1955,High,0.064649447958315,1.0,1.0,0.5,0.74,0.6930000000000001,0.708045,0.6448646119895788,fits your budget; matches your preferred crowd level; good sustainability alignment,1.0,0.29195499999999996
U030,D061,Belilena Cave,heritage;nature,kegalle,3000,61,68,29.9,0.335,0.665,0.64,0.57,0.777,29.927790314401623,High,0.0609884181456069,1.0,1.0,0.5,0.74,0.6623333333333333,0.7007220968559837,0.6405165427125343,fits your budget; matches your preferred crowd level; good sustainability alignment,1.0,0.29927790314401626
U030,D068,Ratnapura Gem Museum Area,culture;heritage,ratnapura,4000,56,62,29.8,0.086,0.914,0.684,0.714,0.727,26.34284318555008,High,0.0,1.0,1.0,0.5,0.74,0.7083333333333334,0.7365715681444992,0.617376197454844,fits your budget; matches your preferred crowd level; good sustainability alignment,0.7142857142857143,0.2634284318555008
U031,D083,Hummanaya Blow Hole,nature;coastal,matara,3000,58,67,25.9,0.173,0.827,0.786,0.804,0.812,33.13954424827962,High,0.2189560400094616,1.0,0.0,0.6948,0.78,0.8006666666666667,0.6686045575172038,0.5133349521639399,fits your budget; good sustainability alignment,0.9523809523809523,0.3313954424827962
U031,D028,Pidurutalagala View Area,nature,nuwara eliya,3000,60,68,26.8,0.399,0.601,0.705,0.877,0.828,34.756458384878904,High,0.2528206401435119,1.0,0.0,0.5683999999999999,0.78,0.8033333333333332,0.6524354161512109,0.5110002641767718,fits your budget; good sustainability alignment,1.0,0.347564583848789
U031,D017,Udawattakele Forest Reserve,nature,kandy,3000,72,67,26.1,0.296,0.704,0.944,0.891,0.749,28.01564619883041,High,0.1261488459563539,1.0,0.0,0.6376,0.78,0.8613333333333334,0.7198435380116959,0.49304176934205424,fits your budget; good sustainability alignment,0.9523809523809523,0.28015646198830413
U031,D031,Nine Arches Bridge,heritage;nature,badulla,3000,66,68,30.8,0.032,0.968,0.802,0.612,0.665,29.1955,High,0.1206494411945267,1.0,0.0,0.5551999999999999,0.78,0.6930000000000001,0.708045,0.4683846102986317,fits your budget; good sustainability alignment,1.0,0.29195499999999996
U031,D062,Adam's Peak,religious;nature,ratnapura,5000,62,65,27.5,0.372,0.628,0.871,0.691,0.841,28.97799071688546,High,0.0797734267132992,1.0,0.0,0.5512,0.78,0.8009999999999998,0.7102200928311454,0.461531504177025,fits your budget; good sustainability alignment,0.8571428571428571,0.2897799071688546
U031,D061,Belilena Cave,heritage;nature,kegalle,3000,61,68,29.9,0.335,0.665,0.64,0.57,0.777,29.927790314401623,High,0.0859567232079939,1.0,0.0,0.4700000000000001,0.78,0.6623333333333333,0.7007220968559837,0.44775861897813096,fits your budget; good sustainability alignment,1.0,0.29927790314401626
U031,D068,Ratnapura Gem Museum Area,culture;heritage,ratnapura,4000,56,62,29.8,0.086,0.914,0.684,0.714,0.727,26.34284318555008,High,0.0,1.0,0.0,0.5735999999999999,0.78,0.7083333333333334,0.7365715681444992,0.42873619745484404,fits your budget; good sustainability alignment,0.7142857142857143,0.2634284318555008
U031,D009,Wilpattu National Park,wildlife;nature,puttalam,16000,63,68,27.6,0.173,0.827,0.665,0.761,0.79,30.689920967190705,High,0.2422969089226855,0.3125,0.0,0.6268,0.78,0.7386666666666667,0.693100790328093,0.4066509334137427,good sustainability alignment,1.0,0.30689920967190704
U031,D063,Sinharaja Forest Reserve,nature;wildlife,ratnapura,8000,69,67,29.4,0.261,0.739,0.836,0.586,0.664,27.5105,High,0.1126412269399109,0.625,0.0,0.5196000000000001,0.78,0.6953333333333332,0.7248950000000001,0.4052674376873587,good sustainability alignment,0.9523809523809523,0.275105
U031,D064,Udawalawe National Park,wildlife;nature,ratnapura,15000,64,66,29.9,0.244,0.756,0.811,0.753,0.705,27.03333333333333,High,0.2387659596552772,0.3333333333333333,0.0,0.5064000000000001,0.78,0.7563333333333334,0.7296666666666667,0.3956862518185812,good sustainability alignment,0.9047619047619048,0.2703333333333333
U032,D017,Udawattakele Forest Reserve,nature,kandy,3000,72,67,26.1,0.296,0.704,0.944,0.891,0.749,28.01564619883041,High,0.0,1.0,0.0,0.8056000000000001,0.8200000000000001,0.8613333333333334,0.7198435380116959,0.48230455785296583,fits your budget; suitable weather conditions; good sustainability alignment,0.9523809523809523,0.28015646198830413
U032,D083,Hummanaya Blow Hole,nature;coastal,matara,3000,58,67,25.9,0.173,0.827,0.786,0.804,0.812,33.13954424827962,High,0.0,1.0,0.0,0.8467999999999999,0.8200000000000001,0.8006666666666667,0.6686045575172038,0.4777959421615745,fits your budget; suitable weather conditions; good sustainability alignment,0.9523809523809523,0.3313954424827962
U032,D031,Nine Arches Bridge,heritage;nature,badulla,3000,66,68,30.8,0.032,0.968,0.802,0.612,0.665,29.1955,High,0.0,1.0,0.0,0.8752,0.8200000000000001,0.6930000000000001,0.708045,0.47422225000000007,fits your budget; suitable weather conditions; good sustainability alignment,1.0,0.29195499999999996
U032,D062,Adam's Peak,religious;nature,ratnapura,5000,62,65,27.5,0.372,0.628,0.871,0.691,0.841,28.97799071688546,High,0.0,1.0,0.0,0.8312,0.8200000000000001,0.8009999999999998,0.7102200928311454,0.47358814749870015,fits your budget; suitable weather conditions; good sustainability alignment,0.8571428571428571,0.2897799071688546
U032,D063,Sinharaja Forest Reserve,nature;wildlife,ratnapura,8000,69,67,29.4,0.261,0.739,0.836,0.586,0.664,27.5105,High,0.0,1.0,0.0,0.8396000000000001,0.8200000000000001,0.6953333333333332,0.7248950000000001,0.46935713095238096,fits your budget; suitable weather conditions; good sustainability alignment,0.9523809523809523,0.275105
U032,D068,Ratnapura Gem Museum Area,culture;heritage,ratnapura,4000,56,62,29.8,0.086,0.914,0.684,0.714,0.727,26.34284318555008,High,0.0,1.0,0.0,0.8936,0.8200000000000001,0.7083333333333334,0.7365715681444992,0.464736197454844,fits your budget; suitable weather conditions; good sustainability alignment,0.7142857142857143,0.2634284318555008
U032,D022,Horton Plains National Park,nature;wildlife,nuwara eliya,7000,65,64,26.4,0.371,0.629,0.787,0.626,0.935,29.71699206349207,High,0.0,1.0,0.0,0.7876,0.8200000000000001,0.7826666666666666,0.7028300793650792,0.4646443611111111,fits your budget; suitable weather conditions; good sustainability alignment,0.8095238095238095,0.2971699206349207
U032,D061,Belilena Cave,heritage;nature,kegalle,3000,61,68,29.9,0.335,0.665,0.64,0.57,0.777,29.927790314401623,High,0.0,1.0,0.0,0.79,0.8200000000000001,0.6623333333333333,0.7007220968559837,0.46226943817613253,fits your budget; suitable weather conditions; good sustainability alignment,1.0,0.29927790314401626
U032,D064,Udawalawe National Park,wildlife;nature,ratnapura,15000,64,66,29.9,0.244,0.756,0.811,0.753,0.705,27.03333333333333,High,0.1008598186637938,0.5333333333333333,0.0,0.8264,0.8200000000000001,0.7563333333333334,0.7296666666666667,0.42720971657071033,suitable weather conditions; good sustainability alignment,0.9047619047619048,0.2703333333333333
U032,D009,Wilpattu National Park,wildlife;nature,puttalam,16000,63,68,27.6,0.173,0.827,0.665,0.761,0.79,30.689920967190705,High,0.0,0.5,0.0,0.9148,0.8200000000000001,0.7386666666666667,0.693100790328093,0.40700170618307135,suitable weather conditions; good sustainability alignment,1.0,0.30689920967190704
U033,D031,Nine Arches Bridge,heritage;nature,badulla,3000,66,68,30.8,0.032,0.968,0.802,0.612,0.665,29.1955,High,0.1401977866386803,1.0,0.0,0.968,0.86,0.6930000000000001,0.708045,0.52255169665967,fits your budget; suitable weather conditions; good sustainability alignment,1.0,0.29195499999999996
U033,D061,Belilena Cave,heritage;nature,kegalle,3000,61,68,29.9,0.335,0.665,0.64,0.57,0.777,29.927790314401623,High,0.2304557361337483,1.0,0.0,0.665,0.86,0.6623333333333333,0.7007220968559837,0.5113833722095696,fits your budget; good sustainability alignment,1.0,0.29927790314401626
U033,D068,Ratnapura Gem Museum Area,culture;heritage,ratnapura,4000,56,62,29.8,0.086,0.914,0.684,0.714,0.727,26.34284318555008,High,0.1342398101748814,1.0,0.0,0.914,0.86,0.7083333333333334,0.7365715681444992,0.5043361499985644,fits your budget; suitable weather conditions; good sustainability alignment,0.7142857142857143,0.2634284318555008
U033,D083,Hummanaya Blow Hole,nature;coastal,matara,3000,58,67,25.9,0.173,0.827,0.786,0.804,0.812,33.13954424827962,High,0.0,1.0,0.0,0.827,0.86,0.8006666666666667,0.6686045575172038,0.47981594216157447,fits your budget; suitable weather conditions; good sustainability alignment,0.9523809523809523,0.3313954424827962
U033,D017,Udawattakele Forest Reserve,nature,kandy,3000,72,67,26.1,0.296,0.704,0.944,0.891,0.749,28.01564619883041,High,0.0,1.0,0.0,0.704,0.86,0.8613333333333334,0.7198435380116959,0.4761445578529658,fits your budget; suitable weather conditions; good sustainability alignment,0.9523809523809523,0.28015646198830413
U033,D063,Sinharaja Forest Reserve,nature;wildlife,ratnapura,8000,69,67,29.4,0.261,0.739,0.836,0.586,0.664,27.5105,High,0.0,1.0,0.0,0.739,0.86,0.6953333333333332,0.7248950000000001,0.46329713095238095,fits your budget; suitable weather conditions; good sustainability alignment,0.9523809523809523,0.275105
U033,D062,Adam's Peak,religious;nature,ratnapura,5000,62,65,27.5,0.372,0.628,0.871,0.691,0.841,28.97799071688546,High,0.0,1.0,0.0,0.628,0.86,0.8009999999999998,0.7102200928311454,0.45726814749870015,fits your budget; good sustainability alignment,0.8571428571428571,0.2897799071688546
U033,D022,Horton Plains National Park,nature;wildlife,nuwara eliya,7000,65,64,26.4,0.371,0.629,0.787,0.626,0.935,29.71699206349207,High,0.0,1.0,0.0,0.629,0.86,0.7826666666666666,0.7028300793650792,0.4527843611111111,fits your budget; good sustainability alignment,0.8095238095238095,0.2971699206349207
U033,D009,Wilpattu National Park,wildlife;nature,puttalam,16000,63,68,27.6,0.173,0.827,0.665,0.761,0.79,30.689920967190705,High,0.0,0.6875,0.0,0.827,0.86,0.7386666666666667,0.693100790328093,0.4303467061830713,suitable weather conditions; good sustainability alignment,1.0,0.30689920967190704
U033,D064,Udawalawe National Park,wildlife;nature,ratnapura,15000,64,66,29.9,0.244,0.756,0.811,0.753,0.705,27.03333333333333,High,0.0,0.7333333333333333,0.0,0.756,0.86,0.7563333333333334,0.7296666666666667,0.4289547619047619,suitable weather conditions; good sustainability alignment,0.9047619047619048,0.2703333333333333
U034,D022,Horton Plains National Park,nature;wildlife,nuwara eliya,7000,65,64,26.4,0.371,0.629,0.787,0.626,0.935,29.71699206349207,High,0.3198015249787022,1.0,0.0,0.8145,0.9,0.7826666666666666,0.7028300793650792,0.5552847423557867,fits your budget; suitable weather conditions; good sustainability alignment,0.8095238095238095,0.2971699206349207
U034,D063,Sinharaja Forest Reserve,nature;wildlife,ratnapura,8000,69,67,29.4,0.261,0.739,0.836,0.586,0.664,27.5105,High,0.1621363163517267,1.0,0.0,0.8694999999999999,0.9,0.6953333333333332,0.7248950000000001,0.5208812100403127,fits your budget; suitable weather conditions; good sustainability alignment,0.9523809523809523,0.275105
U034,D064,Udawalawe National Park,wildlife;nature,ratnapura,15000,64,66,29.9,0.244,0.756,0.811,0.753,0.705,27.03333333333333,High,0.1809122858910102,0.9333333333333332,0.0,0.878,0.9,0.7563333333333334,0.7296666666666667,0.5203828333775145,fits your budget; suitable weather conditions; good sustainability alignment,0.9047619047619048,0.2703333333333333
U034,D017,Udawattakele Forest Reserve,nature,kandy,3000,72,67,26.1,0.296,0.704,0.944,0.891,0.749,28.01564619883041,High,0.1007855370312551,1.0,0.0,0.852,0.9,0.8613333333333334,0.7198435380116959,0.5201409421107795,fits your budget; suitable weather conditions; good sustainability alignment,0.9523809523809523,0.28015646198830413
U034,D009,Wilpattu National Park,wildlife;nature,puttalam,16000,63,68,27.6,0.173,0.827,0.665,0.761,0.79,30.689920967190705,High,0.1835876760691339,0.875,0.0,0.9135,0.9,0.7386666666666667,0.693100790328093,0.5170186252003548,fits your budget; suitable weather conditions; good sustainability alignment,1.0,0.30689920967190704
U034,D031,Nine Arches Bridge,heritage;nature,badulla,3000,66,68,30.8,0.032,0.968,0.802,0.612,0.665,29.1955,High,0.0191202917228585,1.0,0.0,0.984,0.9,0.6930000000000001,0.708045,0.49788232293071466,fits your budget; suitable weather conditions; good sustainability alignment,1.0,0.29195499999999996
U034,D083,Hummanaya Blow Hole,nature;coastal,matara,3000,58,67,25.9,0.173,0.827,0.786,0.804,0.812,33.13954424827962,High,0.0182658064101072,1.0,0.0,0.9135,0.9,0.8006666666666667,0.6686045575172038,0.4970323937641013,fits your budget; suitable weather conditions; good sustainability alignment,0.9523809523809523,0.3313954424827962
U034,D062,Adam's Peak,religious;nature,ratnapura,5000,62,65,27.5,0.372,0.628,0.871,0.691,0.841,28.97799071688546,High,0.0,1.0,0.0,0.8140000000000001,0.9,0.8009999999999998,0.7102200928311454,0.47986814749870016,fits your budget; suitable weather conditions; good sustainability alignment,0.8571428571428571,0.2897799071688546
U034,D068,Ratnapura Gem Museum Area,culture;heritage,ratnapura,4000,56,62,29.8,0.086,0.914,0.684,0.714,0.727,26.34284318555008,High,0.0,1.0,0.0,0.957,0.9,0.7083333333333334,0.7365715681444992,0.47907619745484403,fits your budget; suitable weather conditions; good sustainability alignment,0.7142857142857143,0.2634284318555008
U034,D061,Belilena Cave,heritage;nature,kegalle,3000,61,68,29.9,0.335,0.665,0.64,0.57,0.777,29.927790314401623,High,0.0,1.0,0.0,0.8325,0.9,0.6623333333333333,0.7007220968559837,0.4745194381761325,fits your budget; suitable weather conditions; good sustainability alignment,1.0,0.29927790314401626
U035,D035,Diyaluma Falls,nature;adventure,badulla,5000,67,62,25.3,0.167,0.833,0.829,0.573,0.88,28.68648672161173,High,0.3407457309433117,1.0,1.0,0.5,0.94,0.7606666666666667,0.7131351327838826,0.7266241417559745,fits your budget; matches your preferred crowd level; good sustainability alignment,0.7142857142857143,0.2868648672161173
U035,D062,Adam's Peak,religious;nature,ratnapura,5000,62,65,27.5,0.372,0.628,0.871,0.691,0.841,28.97799071688546,High,0.1789620072787928,1.0,1.0,0.5,0.94,0.8009999999999998,0.7102200928311454,0.6972086493183983,fits your budget; matches your preferred crowd level; good sustainability alignment,0.8571428571428571,0.2897799071688546
U035,D017,Udawattakele Forest Reserve,nature,kandy,3000,72,67,26.1,0.296,0.704,0.944,0.891,0.749,28.01564619883041,High,0.1085519333420897,1.0,1.0,0.5,0.94,0.8613333333333334,0.7198435380116959,0.6908825411884881,fits your budget; matches your preferred crowd level; good sustainability alignment,0.9523809523809523,0.28015646198830413
U035,D009,Wilpattu National Park,wildlife;nature,puttalam,16000,63,68,27.6,0.173,0.827,0.665,0.761,0.79,30.689920967190705,High,0.1063376379079423,1.0,1.0,0.5,0.94,0.7386666666666667,0.693100790328093,0.679106115660057,fits your budget; matches your preferred crowd level; good sustainability alignment,1.0,0.30689920967190704
U035,D063,Sinharaja Forest Reserve,nature;wildlife,ratnapura,8000,69,67,29.4,0.261,0.739,0.836,0.586,0.664,27.5105,High,0.0969285360135832,1.0,1.0,0.5,0.94,0.6953333333333332,0.7248950000000001,0.6716292649557768,fits your budget; matches your preferred crowd level; good sustainability alignment,0.9523809523809523,0.275105
U035,D022,Horton Plains National Park,nature;wildlife,nuwara eliya,7000,65,64,26.4,0.371,0.629,0.787,0.626,0.935,29.71699206349207,High,0.0919918542954573,1.0,1.0,0.5,0.94,0.7826666666666666,0.7028300793650792,0.6708823246849754,fits your budget; matches your preferred crowd level; good sustainability alignment,0.8095238095238095,0.2971699206349207
U035,D061,Belilena Cave,heritage;nature,kegalle,3000,61,68,29.9,0.335,0.665,0.64,0.57,0.777,29.927790314401623,High,0.0948930219509947,1.0,1.0,0.5,0.94,0.6623333333333333,0.7007220968559837,0.6689926936638813,fits your budget; matches your preferred crowd level; good sustainability alignment,1.0,0.29927790314401626
U035,D064,Udawalawe National Park,wildlife;nature,ratnapura,15000,64,66,29.9,0.244,0.756,0.811,0.753,0.705,27.03333333333333,High,0.0,1.0,1.0,0.5,0.94,0.7563333333333334,0.7296666666666667,0.6513547619047619,fits your budget; matches your preferred crowd level; good sustainability alignment,0.9047619047619048,0.2703333333333333
U035,D031,Nine Arches Bridge,heritage;nature,badulla,3000,66,68,30.8,0.032,0.968,0.802,0.612,0.665,29.1955,High,0.0,1.0,1.0,0.5,0.94,0.6930000000000001,0.708045,0.64870225,fits your budget; matches your preferred crowd level; good sustainability alignment,1.0,0.29195499999999996
U035,D068,Ratnapura Gem Museum Area,culture;heritage,ratnapura,4000,56,62,29.8,0.086,0.914,0.684,0.714,0.727,26.34284318555008,High,0.0,1.0,1.0,0.5,0.94,0.7083333333333334,0.7365715681444992,0.637376197454844,fits your budget; matches your preferred crowd level; good sustainability alignment,0.7142857142857143,0.2634284318555008
U036,D064,Udawalawe National Park,wildlife;nature,ratnapura,15000,64,66,29.9,0.244,0.756,0.811,0.753,0.705,27.03333333333333,High,0.1077508123548083,1.0,0.0,0.5064000000000001,0.7,0.7563333333333334,0.7296666666666667,0.45493246499346396,fits your budget; good sustainability alignment,0.9047619047619048,0.2703333333333333
U036,D017,Udawattakele Forest Reserve,nature,kandy,3000,72,67,26.1,0.296,0.704,0.944,0.891,0.749,28.01564619883041,High,0.0,1.0,0.0,0.6376,0.7,0.8613333333333334,0.7198435380116959,0.4535045578529658,fits your budget; good sustainability alignment,0.9523809523809523,0.28015646198830413
U036,D083,Hummanaya Blow Hole,nature;coastal,matara,3000,58,67,25.9,0.173,0.827,0.786,0.804,0.812,33.13954424827962,High,0.0,1.0,0.0,0.6948,0.7,0.8006666666666667,0.6686045575172038,0.4505959421615745,fits your budget; good sustainability alignment,0.9523809523809523,0.3313954424827962
U036,D068,Ratnapura Gem Museum Area,culture;heritage,ratnapura,4000,56,62,29.8,0.086,0.914,0.684,0.714,0.727,26.34284318555008,High,0.118940880209741,1.0,0.0,0.5735999999999999,0.7,0.7083333333333334,0.7365715681444992,0.45047141750727926,fits your budget; good sustainability alignment,0.7142857142857143,0.2634284318555008
U036,D009,Wilpattu National Park,wildlife;nature,puttalam,16000,63,68,27.6,0.173,0.827,0.665,0.761,0.79,30.689920967190705,High,0.0,1.0,0.0,0.6268,0.7,0.7386666666666667,0.693100790328093,0.4412017061830713,fits your budget; good sustainability alignment,1.0,0.30689920967190704
U036,D062,Adam's Peak,religious;nature,ratnapura,5000,62,65,27.5,0.372,0.628,0.871,0.691,0.841,28.97799071688546,High,0.0,1.0,0.0,0.5512,0.7,0.8009999999999998,0.7102200928311454,0.4335881474987001,fits your budget; good sustainability alignment,0.8571428571428571,0.2897799071688546
U036,D022,Horton Plains National Park,nature;wildlife,nuwara eliya,7000,65,64,26.4,0.371,0.629,0.787,0.626,0.935,29.71699206349207,High,0.0,1.0,0.0,0.5956000000000001,0.7,0.7826666666666666,0.7028300793650792,0.4334443611111111,fits your budget; good sustainability alignment,0.8095238095238095,0.2971699206349207
U036,D031,Nine Arches Bridge,heritage;nature,badulla,3000,66,68,30.8,0.032,0.968,0.802,0.612,0.665,29.1955,High,0.0,1.0,0.0,0.5551999999999999,0.7,0.6930000000000001,0.708045,0.43022225000000003,fits your budget; good sustainability alignment,1.0,0.29195499999999996
U036,D063,Sinharaja Forest Reserve,nature;wildlife,ratnapura,8000,69,67,29.4,0.261,0.739,0.836,0.586,0.664,27.5105,High,0.0,1.0,0.0,0.5196000000000001,0.7,0.6953333333333332,0.7248950000000001,0.4253571309523809,fits your budget; good sustainability alignment,0.9523809523809523,0.275105
U036,D061,Belilena Cave,heritage;nature,kegalle,3000,61,68,29.9,0.335,0.665,0.64,0.57,0.777,29.927790314401623,High,0.0,1.0,0.0,0.4700000000000001,0.7,0.6623333333333333,0.7007220968559837,0.4182694381761325,fits your budget; good sustainability alignment,1.0,0.29927790314401626
U037,D017,Udawattakele Forest Reserve,nature,kandy,3000,72,67,26.1,0.296,0.704,0.944,0.891,0.749,28.01564619883041,High,0.30662945501026,1.0,0.0,0.8056000000000001,0.74,0.8613333333333334,0.7198435380116959,0.5509619216055307,fits your budget; suitable weather conditions; good sustainability alignment,0.9523809523809523,0.28015646198830413
U037,D035,Diyaluma Falls,nature;adventure,badulla,5000,67,62,25.3,0.167,0.833,0.829,0.573,0.88,28.68648672161173,High,0.3276340313439955,1.0,0.0,0.8251999999999999,0.74,0.7606666666666667,0.7131351327838826,0.5358662168561453,fits your budget; suitable weather conditions; good sustainability alignment,0.7142857142857143,0.2868648672161173
U037,D026,Lover's Leap Waterfall,nature,nuwara eliya,3000,60,63,27.1,0.543,0.457,0.64,0.893,0.804,29.59335733112673,High,0.3040785556258402,1.0,0.0,0.7468000000000001,0.74,0.7789999999999999,0.7040664266887326,0.5258981983361347,fits your budget; suitable weather conditions; good sustainability alignment,0.7619047619047619,0.2959335733112673
U037,D062,Adam's Peak,religious;nature,ratnapura,5000,62,65,27.5,0.372,0.628,0.871,0.691,0.841,28.97799071688546,High,0.1272007392647745,1.0,0.0,0.8312,0.74,0.8009999999999998,0.7102200928311454,0.49738833231489377,fits your budget; suitable weather conditions; good sustainability alignment,0.8571428571428571,0.2897799071688546
U037,D031,Nine Arches Bridge,heritage;nature,badulla,3000,66,68,30.8,0.032,0.968,0.802,0.612,0.665,29.1955,High,0.0640520488856208,1.0,0.0,0.8752,0.74,0.6930000000000001,0.708045,0.4822352622214052,fits your budget; suitable weather conditions; good sustainability alignment,1.0,0.29195499999999996
U037,D061,Belilena Cave,heritage;nature,kegalle,3000,61,68,29.9,0.335,0.665,0.64,0.57,0.777,29.927790314401623,High,0.0604248491501104,1.0,0.0,0.79,0.74,0.6623333333333333,0.7007220968559837,0.46937565046366014,fits your budget; suitable weather conditions; good sustainability alignment,1.0,0.29927790314401626
U037,D068,Ratnapura Gem Museum Area,culture;heritage,ratnapura,4000,56,62,29.8,0.086,0.914,0.684,0.714,0.727,26.34284318555008,High,0.0,1.0,0.0,0.8936,0.74,0.7083333333333334,0.7365715681444992,0.456736197454844,fits your budget; suitable weather conditions; good sustainability alignment,0.7142857142857143,0.2634284318555008
U037,D063,Sinharaja Forest Reserve,nature;wildlife,ratnapura,8000,69,67,29.4,0.261,0.739,0.836,0.586,0.664,27.5105,High,0.1356440498899448,0.625,0.0,0.8396000000000001,0.74,0.6953333333333332,0.7248950000000001,0.43901814342486717,suitable weather conditions; good sustainability alignment,0.9523809523809523,0.275105
U037,D009,Wilpattu National Park,wildlife;nature,puttalam,16000,63,68,27.6,0.173,0.827,0.665,0.761,0.79,30.689920967190705,High,0.0677124154912543,0.3125,0.0,0.9148,0.74,0.7386666666666667,0.693100790328093,0.3878048100558849,suitable weather conditions; good sustainability alignment,1.0,0.30689920967190704
U037,D064,Udawalawe National Park,wildlife;nature,ratnapura,15000,64,66,29.9,0.244,0.756,0.811,0.753,0.705,27.03333333333333,High,0.0667256546409556,0.3333333333333333,0.0,0.8264,0.74,0.7563333333333334,0.7296666666666667,0.3806761755650008,suitable weather conditions; good sustainability alignment,0.9047619047619048,0.2703333333333333
U038,D035,Diyaluma Falls,nature;adventure,badulla,5000,67,62,25.3,0.167,0.833,0.829,0.573,0.88,28.68648672161173,High,0.132401888008867,1.0,0.0,0.833,0.78,0.7606666666666667,0.7131351327838826,0.49183818102236326,fits your budget; suitable weather conditions; good sustainability alignment,0.7142857142857143,0.2868648672161173
U038,D083,Hummanaya Blow Hole,nature;coastal,matara,3000,58,67,25.9,0.173,0.827,0.786,0.804,0.812,33.13954424827962,High,0.0566076879479494,1.0,0.0,0.827,0.78,0.8006666666666667,0.6686045575172038,0.48596786414856186,fits your budget; suitable weather conditions; good sustainability alignment,0.9523809523809523,0.3313954424827962
U038,D031,Nine Arches Bridge,heritage;nature,badulla,3000,66,68,30.8,0.032,0.968,0.802,0.612,0.665,29.1955,High,0.0,1.0,0.0,0.968,0.78,0.6930000000000001,0.708045,0.47950225,fits your budget; suitable weather conditions; good sustainability alignment,1.0,0.29195499999999996
U038,D017,Udawattakele Forest Reserve,nature,kandy,3000,72,67,26.1,0.296,0.704,0.944,0.891,0.749,28.01564619883041,High,0.0,1.0,0.0,0.704,0.78,0.8613333333333334,0.7198435380116959,0.46814455785296577,fits your budget; suitable weather conditions; good sustainability alignment,0.9523809523809523,0.28015646198830413
U038,D068,Ratnapura Gem Museum Area,culture;heritage,ratnapura,4000,56,62,29.8,0.086,0.914,0.684,0.714,0.727,26.34284318555008,High,0.0,1.0,0.0,0.914,0.78,0.7083333333333334,0.7365715681444992,0.46277619745484405,fits your budget; suitable weather conditions; good sustainability alignment,0.7142857142857143,0.2634284318555008
U038,D062,Adam's Peak,religious;nature,ratnapura,5000,62,65,27.5,0.372,0.628,0.871,0.691,0.841,28.97799071688546,High,0.0518790513261445,1.0,0.0,0.628,0.78,0.8009999999999998,0.7102200928311454,0.46223791033023626,fits your budget; good sustainability alignment,0.8571428571428571,0.2897799071688546
U038,D061,Belilena Cave,heritage;nature,kegalle,3000,61,68,29.9,0.335,0.665,0.64,0.57,0.777,29.927790314401623,High,0.0559002344372313,1.0,0.0,0.665,0.78,0.6623333333333333,0.7007220968559837,0.4597444967854404,fits your budget; good sustainability alignment,1.0,0.29927790314401626
U038,D063,Sinharaja Forest Reserve,nature;wildlife,ratnapura,8000,69,67,29.4,0.261,0.739,0.836,0.586,0.664,27.5105,High,0.0,1.0,0.0,0.739,0.78,0.6953333333333332,0.7248950000000001,0.45529713095238095,fits your budget; suitable weather conditions; good sustainability alignment,0.9523809523809523,0.275105
U038,D009,Wilpattu National Park,wildlife;nature,puttalam,16000,63,68,27.6,0.173,0.827,0.665,0.761,0.79,30.689920967190705,High,0.062642107568512,0.5,0.0,0.827,0.78,0.7386666666666667,0.693100790328093,0.40988223307519933,suitable weather conditions; good sustainability alignment,1.0,0.30689920967190704
U038,D064,Udawalawe National Park,wildlife;nature,ratnapura,15000,64,66,29.9,0.244,0.756,0.811,0.753,0.705,27.03333333333333,High,0.0,0.5333333333333333,0.0,0.756,0.78,0.7563333333333334,0.7296666666666667,0.3909547619047619,suitable weather conditions; good sustainability alignment,0.9047619047619048,0.2703333333333333
U039,D031,Nine Arches Bridge,heritage;nature,badulla,3000,66,68,30.8,0.032,0.968,0.802,0.612,0.665,29.1955,High,0.1201290764900024,1.0,0.0,0.984,0.8200000000000001,0.6930000000000001,0.708045,0.5151345191225006,fits your budget; suitable weather conditions; good sustainability alignment,1.0,0.29195499999999996
U039,D068,Ratnapura Gem Museum Area,culture;heritage,ratnapura,4000,56,62,29.8,0.086,0.914,0.684,0.714,0.727,26.34284318555008,High,0.1636683450935432,1.0,0.0,0.957,0.8200000000000001,0.7083333333333334,0.7365715681444992,0.5119932837282298,fits your budget; suitable weather conditions; good sustainability alignment,0.7142857142857143,0.2634284318555008
U039,D061,Belilena Cave,heritage;nature,kegalle,3000,61,68,29.9,0.335,0.665,0.64,0.57,0.777,29.927790314401623,High,0.1133262940333515,1.0,0.0,0.8325,0.8200000000000001,0.6623333333333333,0.7007220968559837,0.49485101168447043,fits your budget; suitable weather conditions; good sustainability alignment,1.0,0.29927790314401626
U039,D017,Udawattakele Forest Reserve,nature,kandy,3000,72,67,26.1,0.296,0.704,0.944,0.891,0.749,28.01564619883041,High,0.0,1.0,0.0,0.852,0.8200000000000001,0.8613333333333334,0.7198435380116959,0.4869445578529658,fits your budget; suitable weather conditions; good sustainability alignment,0.9523809523809523,0.28015646198830413
U039,D083,Hummanaya Blow Hole,nature;coastal,matara,3000,58,67,25.9,0.173,0.827,0.786,0.804,0.812,33.13954424827962,High,0.0,1.0,0.0,0.9135,0.8200000000000001,0.8006666666666667,0.6686045575172038,0.4844659421615745,fits your budget; suitable weather conditions; good sustainability alignment,0.9523809523809523,0.3313954424827962
U039,D063,Sinharaja Forest Reserve,nature;wildlife,ratnapura,8000,69,67,29.4,0.261,0.739,0.836,0.586,0.664,27.5105,High,0.0,1.0,0.0,0.8694999999999999,0.8200000000000001,0.6953333333333332,0.7248950000000001,0.47234713095238096,fits your budget; suitable weather conditions; good sustainability alignment,0.9523809523809523,0.275105
U039,D062,Adam's Peak,religious;nature,ratnapura,5000,62,65,27.5,0.372,0.628,0.871,0.691,0.841,28.97799071688546,High,0.0,1.0,0.0,0.8140000000000001,0.8200000000000001,0.8009999999999998,0.7102200928311454,0.47186814749870015,fits your budget; suitable weather conditions; good sustainability alignment,0.8571428571428571,0.2897799071688546
U039,D022,Horton Plains National Park,nature;wildlife,nuwara eliya,7000,65,64,26.4,0.371,0.629,0.787,0.626,0.935,29.71699206349207,High,0.0,1.0,0.0,0.8145,0.8200000000000001,0.7826666666666666,0.7028300793650792,0.4673343611111111,fits your budget; suitable weather conditions; good sustainability alignment,0.8095238095238095,0.2971699206349207
U039,D064,Udawalawe National Park,wildlife;nature,ratnapura,15000,64,66,29.9,0.244,0.756,0.811,0.753,0.705,27.03333333333333,High,0.0,0.7333333333333333,0.0,0.878,0.8200000000000001,0.7563333333333334,0.7296666666666667,0.4371547619047619,suitable weather conditions; good sustainability alignment,0.9047619047619048,0.2703333333333333
U039,D009,Wilpattu National Park,wildlife;nature,puttalam,16000,63,68,27.6,0.173,0.827,0.665,0.761,0.79,30.689920967190705,High,0.0,0.6875,0.0,0.9135,0.8200000000000001,0.7386666666666667,0.693100790328093,0.43499670618307135,suitable weather conditions; good sustainability alignment,1.0,0.30689920967190704
U040,D064,Udawalawe National Park,wildlife;nature,ratnapura,15000,64,66,29.9,0.244,0.756,0.811,0.753,0.705,27.03333333333333,High,0.551172626432716,0.9333333333333332,1.0,0.5,0.86,0.7563333333333334,0.7296666666666667,0.7711479185129408,fits your budget; matches your preferred crowd level; good sustainability alignment,0.9047619047619048,0.2703333333333333
U040,D009,Wilpattu National Park,wildlife;nature,puttalam,16000,63,68,27.6,0.173,0.827,0.665,0.761,0.79,30.689920967190705,High,0.4436225632988302,0.875,1.0,0.5,0.86,0.7386666666666667,0.693100790328093,0.736677347007779,fits your budget; matches your preferred crowd level; good sustainability alignment,1.0,0.30689920967190704
U040,D017,Udawattakele Forest Reserve,nature,kandy,3000,72,67,26.1,0.296,0.704,0.944,0.891,0.749,28.01564619883041,High,0.1265786443191671,1.0,1.0,0.5,0.86,0.8613333333333334,0.7198435380116959,0.6873892189327576,fits your budget; matches your preferred crowd level; good sustainability alignment,0.9523809523809523,0.28015646198830413
U040,D063,Sinharaja Forest Reserve,nature;wildlife,ratnapura,8000,69,67,29.4,0.261,0.739,0.836,0.586,0.664,27.5105,High,0.1771190277656781,1.0,1.0,0.5,0.86,0.6953333333333332,0.7248950000000001,0.6836768878938005,fits your budget; matches your preferred crowd level; good sustainability alignment,0.9523809523809523,0.275105
U040,D022,Horton Plains National Park,nature;wildlife,nuwara eliya,7000,65,64,26.4,0.371,0.629,0.787,0.626,0.935,29.71699206349207,High,0.1680981521570696,1.0,1.0,0.5,0.86,0.7826666666666666,0.7028300793650792,0.6819088991503786,fits your budget; matches your preferred crowd level; good sustainability alignment,0.8095238095238095,0.2971699206349207
U040,D083,Hummanaya Blow Hole,nature;coastal,matara,3000,58,67,25.9,0.173,0.827,0.786,0.804,0.812,33.13954424827962,High,0.0500675329414539,1.0,1.0,0.5,0.86,0.8006666666666667,0.6686045575172038,0.659632825396938,fits your budget; matches your preferred crowd level; good sustainability alignment,0.9523809523809523,0.3313954424827962
U040,D062,Adam's Peak,religious;nature,ratnapura,5000,62,65,27.5,0.372,0.628,0.871,0.691,0.841,28.97799071688546,High,0.0458852181638555,1.0,1.0,0.5,0.86,0.8009999999999998,0.7102200928311454,0.655939452039664,fits your budget; matches your preferred crowd level; good sustainability alignment,0.8571428571428571,0.2897799071688546
U040,D031,Nine Arches Bridge,heritage;nature,badulla,3000,66,68,30.8,0.032,0.968,0.802,0.612,0.665,29.1955,High,0.052409721979464,1.0,1.0,0.5,0.86,0.6930000000000001,0.708045,0.6538046804948661,fits your budget; matches your preferred crowd level; good sustainability alignment,1.0,0.29195499999999996
U040,D061,Belilena Cave,heritage;nature,kegalle,3000,61,68,29.9,0.335,0.665,0.64,0.57,0.777,29.927790314401623,High,0.0494418148943752,1.0,1.0,0.5,0.86,0.6623333333333333,0.7007220968559837,0.6496298918997264,fits your budget; matches your preferred crowd level; good sustainability alignment,1.0,0.29927790314401626
U040,D068,Ratnapura Gem Museum Area,culture;heritage,ratnapura,4000,56,62,29.8,0.086,0.914,0.684,0.714,0.727,26.34284318555008,High,0.0,1.0,1.0,0.5,0.86,0.7083333333333334,0.7365715681444992,0.629376197454844,fits your budget; matches your preferred crowd level; good sustainability alignment,0.7142857142857143,0.2634284318555008
U041,D083,Hummanaya Blow Hole,nature;coastal,matara,3000,58,67,25.9,0.173,0.827,0.786,0.804,0.812,33.13954424827962,High,0.2189560400094616,1.0,0.0,0.6948,0.9,0.8006666666666667,0.6686045575172038,0.5253349521639399,fits your budget; good sustainability alignment,0.9523809523809523,0.3313954424827962
U041,D009,Wilpattu National Park,wildlife;nature,puttalam,16000,63,68,27.6,0.173,0.827,0.665,0.761,0.79,30.689920967190705,High,0.2422969089226855,1.0,0.0,0.6268,0.9,0.7386666666666667,0.693100790328093,0.5217759334137427,fits your budget; good sustainability alignment,1.0,0.30689920967190704
U041,D064,Udawalawe National Park,wildlife;nature,ratnapura,15000,64,66,29.9,0.244,0.756,0.811,0.753,0.705,27.03333333333333,High,0.2387659596552772,1.0,0.0,0.5064000000000001,0.9,0.7563333333333334,0.7296666666666667,0.5076862518185813,fits your budget; good sustainability alignment,0.9047619047619048,0.2703333333333333
U041,D017,Udawattakele Forest Reserve,nature,kandy,3000,72,67,26.1,0.296,0.704,0.944,0.891,0.749,28.01564619883041,High,0.1261488459563539,1.0,0.0,0.6376,0.9,0.8613333333333334,0.7198435380116959,0.5050417693420542,fits your budget; good sustainability alignment,0.9523809523809523,0.28015646198830413
U041,D031,Nine Arches Bridge,heritage;nature,badulla,3000,66,68,30.8,0.032,0.968,0.802,0.612,0.665,29.1955,High,0.1206494411945267,1.0,0.0,0.5551999999999999,0.9,0.6930000000000001,0.708045,0.4803846102986317,fits your budget; good sustainability alignment,1.0,0.29195499999999996
U041,D022,Horton Plains National Park,nature;wildlife,nuwara eliya,7000,65,64,26.4,0.371,0.629,0.787,0.626,0.935,29.71699206349207,High,0.1069042798177177,1.0,0.0,0.5956000000000001,0.9,0.7826666666666666,0.7028300793650792,0.4801704310655405,fits your budget; good sustainability alignment,0.8095238095238095,0.2971699206349207
U041,D062,Adam's Peak,religious;nature,ratnapura,5000,62,65,27.5,0.372,0.628,0.871,0.691,0.841,28.97799071688546,High,0.0797734267132992,1.0,0.0,0.5512,0.9,0.8009999999999998,0.7102200928311454,0.47353150417702494,fits your budget; good sustainability alignment,0.8571428571428571,0.2897799071688546
U041,D063,Sinharaja Forest Reserve,nature;wildlife,ratnapura,8000,69,67,29.4,0.261,0.739,0.836,0.586,0.664,27.5105,High,0.1126412269399109,1.0,0.0,0.5196000000000001,0.9,0.6953333333333332,0.7248950000000001,0.47351743768735866,fits your budget; good sustainability alignment,0.9523809523809523,0.275105
U041,D061,Belilena Cave,heritage;nature,kegalle,3000,61,68,29.9,0.335,0.665,0.64,0.57,0.777,29.927790314401623,High,0.0859567232079939,1.0,0.0,0.4700000000000001,0.9,0.6623333333333333,0.7007220968559837,0.459758618978131,fits your budget; good sustainability alignment,1.0,0.29927790314401626
U041,D068,Ratnapura Gem Museum Area,culture;heritage,ratnapura,4000,56,62,29.8,0.086,0.914,0.684,0.714,0.727,26.34284318555008,High,0.0,1.0,0.0,0.5735999999999999,0.9,0.7083333333333334,0.7365715681444992,0.44073619745484405,fits your budget; good sustainability alignment,0.7142857142857143,0.2634284318555008
U042,D017,Udawattakele Forest Reserve,nature,kandy,3000,72,67,26.1,0.296,0.704,0.944,0.891,0.749,28.01564619883041,High,0.0,1.0,0.0,0.8056000000000001,0.94,0.8613333333333334,0.7198435380116959,0.4943045578529658,fits your budget; suitable weather conditions; good sustainability alignment,0.9523809523809523,0.28015646198830413
U042,D009,Wilpattu National Park,wildlife;nature,puttalam,16000,63,68,27.6,0.173,0.827,0.665,0.761,0.79,30.689920967190705,High,0.0,1.0,0.0,0.9148,0.94,0.7386666666666667,0.693100790328093,0.4940017061830713,fits your budget; suitable weather conditions; good sustainability alignment,1.0,0.30689920967190704
U042,D083,Hummanaya Blow Hole,nature;coastal,matara,3000,58,67,25.9,0.173,0.827,0.786,0.804,0.812,33.13954424827962,High,0.0,1.0,0.0,0.8467999999999999,0.94,0.8006666666666667,0.6686045575172038,0.48979594216157446,fits your budget; suitable weather conditions; good sustainability alignment,0.9523809523809523,0.3313954424827962
U042,D031,Nine Arches Bridge,heritage;nature,badulla,3000,66,68,30.8,0.032,0.968,0.802,0.612,0.665,29.1955,High,0.0,1.0,0.0,0.8752,0.94,0.6930000000000001,0.708045,0.4862222500000001,fits your budget; suitable weather conditions; good sustainability alignment,1.0,0.29195499999999996
U042,D062,Adam's Peak,religious;nature,ratnapura,5000,62,65,27.5,0.372,0.628,0.871,0.691,0.841,28.97799071688546,High,0.0,1.0,0.0,0.8312,0.94,0.8009999999999998,0.7102200928311454,0.4855881474987001,fits your budget; suitable weather conditions; good sustainability alignment,0.8571428571428571,0.2897799071688546
U042,D064,Udawalawe National Park,wildlife;nature,ratnapura,15000,64,66,29.9,0.244,0.756,0.811,0.753,0.705,27.03333333333333,High,0.0,1.0,0.0,0.8264,0.94,0.7563333333333334,0.7296666666666667,0.4839947619047619,fits your budget; suitable weather conditions; good sustainability alignment,0.9047619047619048,0.2703333333333333
U042,D063,Sinharaja Forest Reserve,nature;wildlife,ratnapura,8000,69,67,29.4,0.261,0.739,0.836,0.586,0.664,27.5105,High,0.0,1.0,0.0,0.8396000000000001,0.94,0.6953333333333332,0.7248950000000001,0.481357130952381,fits your budget; suitable weather conditions; good sustainability alignment,0.9523809523809523,0.275105
U042,D068,Ratnapura Gem Museum Area,culture;heritage,ratnapura,4000,56,62,29.8,0.086,0.914,0.684,0.714,0.727,26.34284318555008,High,0.0,1.0,0.0,0.8936,0.94,0.7083333333333334,0.7365715681444992,0.476736197454844,fits your budget; suitable weather conditions; good sustainability alignment,0.7142857142857143,0.2634284318555008
U042,D022,Horton Plains National Park,nature;wildlife,nuwara eliya,7000,65,64,26.4,0.371,0.629,0.787,0.626,0.935,29.71699206349207,High,0.0,1.0,0.0,0.7876,0.94,0.7826666666666666,0.7028300793650792,0.4766443611111111,fits your budget; suitable weather conditions; good sustainability alignment,0.8095238095238095,0.2971699206349207
U042,D061,Belilena Cave,heritage;nature,kegalle,3000,61,68,29.9,0.335,0.665,0.64,0.57,0.777,29.927790314401623,High,0.0,1.0,0.0,0.79,0.94,0.6623333333333333,0.7007220968559837,0.47426943817613254,fits your budget; suitable weather conditions; good sustainability alignment,1.0,0.29927790314401626
U043,D031,Nine Arches Bridge,heritage;nature,badulla,3000,66,68,30.8,0.032,0.968,0.802,0.612,0.665,29.1955,High,0.1401977866386803,1.0,0.0,0.968,0.7,0.6930000000000001,0.708045,0.50655169665967,fits your budget; suitable weather conditions; good sustainability alignment,1.0,0.29195499999999996
U043,D061,Belilena Cave,heritage;nature,kegalle,3000,61,68,29.9,0.335,0.665,0.64,0.57,0.777,29.927790314401623,High,0.2304557361337483,1.0,0.0,0.665,0.7,0.6623333333333333,0.7007220968559837,0.49538337220956963,fits your budget; good sustainability alignment,1.0,0.29927790314401626
U043,D068,Ratnapura Gem Museum Area,culture;heritage,ratnapura,4000,56,62,29.8,0.086,0.914,0.684,0.714,0.727,26.34284318555008,High,0.1342398101748814,1.0,0.0,0.914,0.7,0.7083333333333334,0.7365715681444992,0.4883361499985644,fits your budget; suitable weather conditions; good sustainability alignment,0.7142857142857143,0.2634284318555008
U043,D083,Hummanaya Blow Hole,nature;coastal,matara,3000,58,67,25.9,0.173,0.827,0.786,0.804,0.812,33.13954424827962,High,0.0,1.0,0.0,0.827,0.7,0.8006666666666667,0.6686045575172038,0.46381594216157446,fits your budget; suitable weather conditions; good sustainability alignment,0.9523809523809523,0.3313954424827962
U043,D017,Udawattakele Forest Reserve,nature,kandy,3000,72,67,26.1,0.296,0.704,0.944,0.891,0.749,28.01564619883041,High,0.0,1.0,0.0,0.704,0.7,0.8613333333333334,0.7198435380116959,0.46014455785296576,fits your budget; suitable weather conditions; good sustainability alignment,0.9523809523809523,0.28015646198830413
U043,D035,Diyaluma Falls,nature;adventure,badulla,5000,67,62,25.3,0.167,0.833,0.829,0.573,0.88,28.68648672161173,High,0.0,1.0,0.0,0.833,0.7,0.7606666666666667,0.7131351327838826,0.45073770902014654,fits your budget; suitable weather conditions; good sustainability alignment,0.7142857142857143,0.2868648672161173
U043,D062,Adam's Peak,religious;nature,ratnapura,5000,62,65,27.5,0.372,0.628,0.871,0.691,0.841,28.97799071688546,High,0.0,1.0,0.0,0.628,0.7,0.8009999999999998,0.7102200928311454,0.44126814749870014,fits your budget; good sustainability alignment,0.8571428571428571,0.2897799071688546
U043,D063,Sinharaja Forest Reserve,nature;wildlife,ratnapura,8000,69,67,29.4,0.261,0.739,0.836,0.586,0.664,27.5105,High,0.0,0.625,0.0,0.739,0.7,0.6953333333333332,0.7248950000000001,0.391047130952381,suitable weather conditions; good sustainability alignment,0.9523809523809523,0.275105
U043,D009,Wilpattu National Park,wildlife;nature,puttalam,16000,63,68,27.6,0.173,0.827,0.665,0.761,0.79,30.689920967190705,High,0.0,0.3125,0.0,0.827,0.7,0.7386666666666667,0.693100790328093,0.3580967061830713,suitable weather conditions; good sustainability alignment,1.0,0.30689920967190704
U043,D064,Udawalawe National Park,wildlife;nature,ratnapura,15000,64,66,29.9,0.244,0.756,0.811,0.753,0.705,27.03333333333333,High,0.0,0.3333333333333333,0.0,0.756,0.7,0.7563333333333334,0.7296666666666667,0.3529547619047619,suitable weather conditions; good sustainability alignment,0.9047619047619048,0.2703333333333333
U044,D022,Horton Plains National Park,nature;wildlife,nuwara eliya,7000,65,64,26.4,0.371,0.629,0.787,0.626,0.935,29.71699206349207,High,0.2670297455215619,1.0,0.0,0.8145,0.74,0.7826666666666666,0.7028300793650792,0.5260917974915016,fits your budget; suitable weather conditions; good sustainability alignment,0.8095238095238095,0.2971699206349207
U044,D017,Udawattakele Forest Reserve,nature,kandy,3000,72,67,26.1,0.296,0.704,0.944,0.891,0.749,28.01564619883041,High,0.0841544964724678,1.0,0.0,0.852,0.74,0.8613333333333334,0.7198435380116959,0.4999831819710827,fits your budget; suitable weather conditions; good sustainability alignment,0.9523809523809523,0.28015646198830413
U044,D063,Sinharaja Forest Reserve,nature;wildlife,ratnapura,8000,69,67,29.4,0.261,0.739,0.836,0.586,0.664,27.5105,High,0.1353815285842942,1.0,0.0,0.8694999999999999,0.74,0.6953333333333332,0.7248950000000001,0.4981925130984545,fits your budget; suitable weather conditions; good sustainability alignment,0.9523809523809523,0.275105
U044,D031,Nine Arches Bridge,heritage;nature,badulla,3000,66,68,30.8,0.032,0.968,0.802,0.612,0.665,29.1955,High,0.015965172878375,1.0,0.0,0.984,0.74,0.6930000000000001,0.708045,0.4810935432195938,fits your budget; suitable weather conditions; good sustainability alignment,1.0,0.29195499999999996
U044,D083,Hummanaya Blow Hole,nature;coastal,matara,3000,58,67,25.9,0.173,0.827,0.786,0.804,0.812,33.13954424827962,High,0.0152516897402595,1.0,0.0,0.9135,0.74,0.8006666666666667,0.6686045575172038,0.4802788645966394,fits your budget; suitable weather conditions; good sustainability alignment,0.9523809523809523,0.3313954424827962
U044,D062,Adam's Peak,religious;nature,ratnapura,5000,62,65,27.5,0.372,0.628,0.871,0.691,0.841,28.97799071688546,High,0.0,1.0,0.0,0.8140000000000001,0.74,0.8009999999999998,0.7102200928311454,0.46386814749870015,fits your budget; suitable weather conditions; good sustainability alignment,0.8571428571428571,0.2897799071688546
U044,D064,Udawalawe National Park,wildlife;nature,ratnapura,15000,64,66,29.9,0.244,0.756,0.811,0.753,0.705,27.03333333333333,High,0.2582147813435834,0.5333333333333333,0.0,0.878,0.74,0.7563333333333334,0.7296666666666667,0.46370845724065773,suitable weather conditions; good sustainability alignment,0.9047619047619048,0.2703333333333333
U044,D068,Ratnapura Gem Museum Area,culture;heritage,ratnapura,4000,56,62,29.8,0.086,0.914,0.684,0.714,0.727,26.34284318555008,High,0.0,1.0,0.0,0.957,0.74,0.7083333333333334,0.7365715681444992,0.463076197454844,fits your budget; suitable weather conditions; good sustainability alignment,0.7142857142857143,0.2634284318555008
U044,D061,Belilena Cave,heritage;nature,kegalle,3000,61,68,29.9,0.335,0.665,0.64,0.57,0.777,29.927790314401623,High,0.0,1.0,0.0,0.8325,0.74,0.6623333333333333,0.7007220968559837,0.4585194381761325,fits your budget; suitable weather conditions; good sustainability alignment,1.0,0.29927790314401626
U044,D009,Wilpattu National Park,wildlife;nature,puttalam,16000,63,68,27.6,0.173,0.827,0.665,0.761,0.79,30.689920967190705,High,0.1532931102342323,0.5,0.0,0.9135,0.74,0.7386666666666667,0.693100790328093,0.4371949837416294,suitable weather conditions; good sustainability alignment,1.0,0.30689920967190704
U045,D035,Diyaluma Falls,nature;adventure,badulla,5000,67,62,25.3,0.167,0.833,0.829,0.573,0.88,28.68648672161173,High,0.3407457309433117,1.0,1.0,0.5,0.78,0.7606666666666667,0.7131351327838826,0.7106241417559744,fits your budget; matches your preferred crowd level; good sustainability alignment,0.7142857142857143,0.2868648672161173
U045,D062,Adam's Peak,religious;nature,ratnapura,5000,62,65,27.5,0.372,0.628,0.871,0.691,0.841,28.97799071688546,High,0.1789620072787928,1.0,1.0,0.5,0.78,0.8009999999999998,0.7102200928311454,0.6812086493183983,fits your budget; matches your preferred crowd level; good sustainability alignment,0.8571428571428571,0.2897799071688546
U045,D017,Udawattakele Forest Reserve,nature,kandy,3000,72,67,26.1,0.296,0.704,0.944,0.891,0.749,28.01564619883041,High,0.1085519333420897,1.0,1.0,0.5,0.78,0.8613333333333334,0.7198435380116959,0.6748825411884881,fits your budget; matches your preferred crowd level; good sustainability alignment,0.9523809523809523,0.28015646198830413
U045,D063,Sinharaja Forest Reserve,nature;wildlife,ratnapura,8000,69,67,29.4,0.261,0.739,0.836,0.586,0.664,27.5105,High,0.0969285360135832,1.0,1.0,0.5,0.78,0.6953333333333332,0.7248950000000001,0.6556292649557768,fits your budget; matches your preferred crowd level; good sustainability alignment,0.9523809523809523,0.275105
U045,D022,Horton Plains National Park,nature;wildlife,nuwara eliya,7000,65,64,26.4,0.371,0.629,0.787,0.626,0.935,29.71699206349207,High,0.0919918542954573,1.0,1.0,0.5,0.78,0.7826666666666666,0.7028300793650792,0.6548823246849755,fits your budget; matches your preferred crowd level; good sustainability alignment,0.8095238095238095,0.2971699206349207
U045,D061,Belilena Cave,heritage;nature,kegalle,3000,61,68,29.9,0.335,0.665,0.64,0.57,0.777,29.927790314401623,High,0.0948930219509947,1.0,1.0,0.5,0.78,0.6623333333333333,0.7007220968559837,0.6529926936638812,fits your budget; matches your preferred crowd level; good sustainability alignment,1.0,0.29927790314401626
U045,D031,Nine Arches Bridge,heritage;nature,badulla,3000,66,68,30.8,0.032,0.968,0.802,0.612,0.665,29.1955,High,0.0,1.0,1.0,0.5,0.78,0.6930000000000001,0.708045,0.63270225,fits your budget; matches your preferred crowd level; good sustainability alignment,1.0,0.29195499999999996
U045,D068,Ratnapura Gem Museum Area,culture;heritage,ratnapura,4000,56,62,29.8,0.086,0.914,0.684,0.714,0.727,26.34284318555008,High,0.0,1.0,1.0,0.5,0.78,0.7083333333333334,0.7365715681444992,0.621376197454844,fits your budget; matches your preferred crowd level; good sustainability alignment,0.7142857142857143,0.2634284318555008
U045,D009,Wilpattu National Park,wildlife;nature,puttalam,16000,63,68,27.6,0.173,0.827,0.665,0.761,0.79,30.689920967190705,High,0.1063376379079423,0.6875,1.0,0.5,0.78,0.7386666666666667,0.693100790328093,0.616231115660057,matches your preferred crowd level; good sustainability alignment,1.0,0.30689920967190704
U045,D064,Udawalawe National Park,wildlife;nature,ratnapura,15000,64,66,29.9,0.244,0.756,0.811,0.753,0.705,27.03333333333333,High,0.0,0.7333333333333333,1.0,0.5,0.78,0.7563333333333334,0.7296666666666667,0.5953547619047619,matches your preferred crowd level; good sustainability alignment,0.9047619047619048,0.2703333333333333
U046,D068,Ratnapura Gem Museum Area,culture;heritage,ratnapura,4000,56,62,29.8,0.086,0.914,0.684,0.714,0.727,26.34284318555008,High,0.1427924433903865,1.0,0.0,0.5735999999999999,0.8200000000000001,0.7083333333333334,0.7365715681444992,0.46843430830244065,fits your budget; good sustainability alignment,0.7142857142857143,0.2634284318555008
U046,D017,Udawattakele Forest Reserve,nature,kandy,3000,72,67,26.1,0.296,0.704,0.944,0.891,0.749,28.01564619883041,High,0.0,1.0,0.0,0.6376,0.8200000000000001,0.8613333333333334,0.7198435380116959,0.4655045578529658,fits your budget; good sustainability alignment,0.9523809523809523,0.28015646198830413
U046,D083,Hummanaya Blow Hole,nature;coastal,matara,3000,58,67,25.9,0.173,0.827,0.786,0.804,0.812,33.13954424827962,High,0.0,1.0,0.0,0.6948,0.8200000000000001,0.8006666666666667,0.6686045575172038,0.4625959421615745,fits your budget; good sustainability alignment,0.9523809523809523,0.3313954424827962
U046,D062,Adam's Peak,religious;nature,ratnapura,5000,62,65,27.5,0.372,0.628,0.871,0.691,0.841,28.97799071688546,High,0.0,1.0,0.0,0.5512,0.8200000000000001,0.8009999999999998,0.7102200928311454,0.4455881474987002,fits your budget; good sustainability alignment,0.8571428571428571,0.2897799071688546
U046,D022,Horton Plains National Park,nature;wildlife,nuwara eliya,7000,65,64,26.4,0.371,0.629,0.787,0.626,0.935,29.71699206349207,High,0.0,1.0,0.0,0.5956000000000001,0.8200000000000001,0.7826666666666666,0.7028300793650792,0.44544436111111113,fits your budget; good sustainability alignment,0.8095238095238095,0.2971699206349207
U046,D031,Nine Arches Bridge,heritage;nature,badulla,3000,66,68,30.8,0.032,0.968,0.802,0.612,0.665,29.1955,High,0.0,1.0,0.0,0.5551999999999999,0.8200000000000001,0.6930000000000001,0.708045,0.44222225000000004,fits your budget; good sustainability alignment,1.0,0.29195499999999996
U046,D063,Sinharaja Forest Reserve,nature;wildlife,ratnapura,8000,69,67,29.4,0.261,0.739,0.836,0.586,0.664,27.5105,High,0.0,1.0,0.0,0.5196000000000001,0.8200000000000001,0.6953333333333332,0.7248950000000001,0.43735713095238093,fits your budget; good sustainability alignment,0.9523809523809523,0.275105
U046,D009,Wilpattu National Park,wildlife;nature,puttalam,16000,63,68,27.6,0.173,0.827,0.665,0.761,0.79,30.689920967190705,High,0.0,0.875,0.0,0.6268,0.8200000000000001,0.7386666666666667,0.693100790328093,0.43445170618307133,fits your budget; good sustainability alignment,1.0,0.30689920967190704
U046,D061,Belilena Cave,heritage;nature,kegalle,3000,61,68,29.9,0.335,0.665,0.64,0.57,0.777,29.927790314401623,High,0.0,1.0,0.0,0.4700000000000001,0.8200000000000001,0.6623333333333333,0.7007220968559837,0.4302694381761325,fits your budget; good sustainability alignment,1.0,0.29927790314401626
U046,D064,Udawalawe National Park,wildlife;nature,ratnapura,15000,64,66,29.9,0.244,0.756,0.811,0.753,0.705,27.03333333333333,High,0.0,0.9333333333333332,0.0,0.5064000000000001,0.8200000000000001,0.7563333333333334,0.7296666666666667,0.4299947619047619,fits your budget; good sustainability alignment,0.9047619047619048,0.2703333333333333
U047,D017,Udawattakele Forest Reserve,nature,kandy,3000,72,67,26.1,0.296,0.704,0.944,0.891,0.749,28.01564619883041,High,0.30662945501026,1.0,0.0,0.8056000000000001,0.86,0.8613333333333334,0.7198435380116959,0.5629619216055307,fits your budget; suitable weather conditions; good sustainability alignment,0.9523809523809523,0.28015646198830413
U047,D035,Diyaluma Falls,nature;adventure,badulla,5000,67,62,25.3,0.167,0.833,0.829,0.573,0.88,28.68648672161173,High,0.3276340313439955,1.0,0.0,0.8251999999999999,0.86,0.7606666666666667,0.7131351327838826,0.5478662168561453,fits your budget; suitable weather conditions; good sustainability alignment,0.7142857142857143,0.2868648672161173
U047,D062,Adam's Peak,religious;nature,ratnapura,5000,62,65,27.5,0.372,0.628,0.871,0.691,0.841,28.97799071688546,High,0.1272007392647745,1.0,0.0,0.8312,0.86,0.8009999999999998,0.7102200928311454,0.5093883323148938,fits your budget; suitable weather conditions; good sustainability alignment,0.8571428571428571,0.2897799071688546
U047,D063,Sinharaja Forest Reserve,nature;wildlife,ratnapura,8000,69,67,29.4,0.261,0.739,0.836,0.586,0.664,27.5105,High,0.1356440498899448,1.0,0.0,0.8396000000000001,0.86,0.6953333333333332,0.7248950000000001,0.5072681434248673,fits your budget; suitable weather conditions; good sustainability alignment,0.9523809523809523,0.275105
U047,D009,Wilpattu National Park,wildlife;nature,puttalam,16000,63,68,27.6,0.173,0.827,0.665,0.761,0.79,30.689920967190705,High,0.0677124154912543,1.0,0.0,0.9148,0.86,0.7386666666666667,0.693100790328093,0.5029298100558849,fits your budget; suitable weather conditions; good sustainability alignment,1.0,0.30689920967190704
U047,D022,Horton Plains National Park,nature;wildlife,nuwara eliya,7000,65,64,26.4,0.371,0.629,0.787,0.626,0.935,29.71699206349207,High,0.1287355425627486,1.0,0.0,0.7876,0.86,0.7826666666666666,0.7028300793650792,0.5008282467517983,fits your budget; suitable weather conditions; good sustainability alignment,0.8095238095238095,0.2971699206349207
U047,D031,Nine Arches Bridge,heritage;nature,badulla,3000,66,68,30.8,0.032,0.968,0.802,0.612,0.665,29.1955,High,0.0640520488856208,1.0,0.0,0.8752,0.86,0.6930000000000001,0.708045,0.49423526222140524,fits your budget; suitable weather conditions; good sustainability alignment,1.0,0.29195499999999996
U047,D064,Udawalawe National Park,wildlife;nature,ratnapura,15000,64,66,29.9,0.244,0.756,0.811,0.753,0.705,27.03333333333333,High,0.0667256546409556,1.0,0.0,0.8264,0.86,0.7563333333333334,0.7296666666666667,0.4926761755650008,fits your budget; suitable weather conditions; good sustainability alignment,0.9047619047619048,0.2703333333333333
U047,D061,Belilena Cave,heritage;nature,kegalle,3000,61,68,29.9,0.335,0.665,0.64,0.57,0.777,29.927790314401623,High,0.0604248491501104,1.0,0.0,0.79,0.86,0.6623333333333333,0.7007220968559837,0.48137565046366015,fits your budget; suitable weather conditions; good sustainability alignment,1.0,0.29927790314401626
U047,D068,Ratnapura Gem Museum Area,culture;heritage,ratnapura,4000,56,62,29.8,0.086,0.914,0.684,0.714,0.727,26.34284318555008,High,0.0,1.0,0.0,0.8936,0.86,0.7083333333333334,0.7365715681444992,0.468736197454844,fits your budget; suitable weather conditions; good sustainability alignment,0.7142857142857143,0.2634284318555008
U048,D083,Hummanaya Blow Hole,nature;coastal,matara,3000,58,67,25.9,0.173,0.827,0.786,0.804,0.812,33.13954424827962,High,0.0498362004389624,1.0,0.0,0.827,0.9,0.8006666666666667,0.6686045575172038,0.4962749922713151,fits your budget; suitable weather conditions; good sustainability alignment,0.9523809523809523,0.3313954424827962
U048,D064,Udawalawe National Park,wildlife;nature,ratnapura,15000,64,66,29.9,0.244,0.756,0.811,0.753,0.705,27.03333333333333,High,0.092355940172217,1.0,0.0,0.756,0.9,0.7563333333333334,0.7296666666666667,0.49604374694781617,fits your budget; suitable weather conditions; good sustainability alignment,0.9047619047619048,0.2703333333333333
U048,D009,Wilpattu National Park,wildlife;nature,puttalam,16000,63,68,27.6,0.173,0.827,0.665,0.761,0.79,30.689920967190705,High,0.0551487746960082,1.0,0.0,0.827,0.9,0.7386666666666667,0.693100790328093,0.49500889985707336,fits your budget; suitable weather conditions; good sustainability alignment,1.0,0.30689920967190704
U048,D031,Nine Arches Bridge,heritage;nature,badulla,3000,66,68,30.8,0.032,0.968,0.802,0.612,0.665,29.1955,High,0.0,1.0,0.0,0.968,0.9,0.6930000000000001,0.708045,0.49150225000000003,fits your budget; suitable weather conditions; good sustainability alignment,1.0,0.29195499999999996
U048,D017,Udawattakele Forest Reserve,nature,kandy,3000,72,67,26.1,0.296,0.704,0.944,0.891,0.749,28.01564619883041,High,0.0,1.0,0.0,0.704,0.9,0.8613333333333334,0.7198435380116959,0.4801445578529658,fits your budget; suitable weather conditions; good sustainability alignment,0.9523809523809523,0.28015646198830413
U048,D068,Ratnapura Gem Museum Area,culture;heritage,ratnapura,4000,56,62,29.8,0.086,0.914,0.684,0.714,0.727,26.34284318555008,High,0.0,1.0,0.0,0.914,0.9,0.7083333333333334,0.7365715681444992,0.47477619745484406,fits your budget; suitable weather conditions; good sustainability alignment,0.7142857142857143,0.2634284318555008
U048,D062,Adam's Peak,religious;nature,ratnapura,5000,62,65,27.5,0.372,0.628,0.871,0.691,0.841,28.97799071688546,High,0.0456732096680979,1.0,0.0,0.628,0.9,0.8009999999999998,0.7102200928311454,0.47268644991572467,fits your budget; good sustainability alignment,0.8571428571428571,0.2897799071688546
U048,D061,Belilena Cave,heritage;nature,kegalle,3000,61,68,29.9,0.335,0.665,0.64,0.57,0.777,29.927790314401623,High,0.0492133734654633,1.0,0.0,0.665,0.9,0.6623333333333333,0.7007220968559837,0.4700727815424983,fits your budget; good sustainability alignment,1.0,0.29927790314401626
U048,D063,Sinharaja Forest Reserve,nature;wildlife,ratnapura,8000,69,67,29.4,0.261,0.739,0.836,0.586,0.664,27.5105,High,0.0,1.0,0.0,0.739,0.9,0.6953333333333332,0.7248950000000001,0.46729713095238096,fits your budget; suitable weather conditions; good sustainability alignment,0.9523809523809523,0.275105
U048,D022,Horton Plains National Park,nature;wildlife,nuwara eliya,7000,65,64,26.4,0.371,0.629,0.787,0.626,0.935,29.71699206349207,High,0.0,1.0,0.0,0.629,0.9,0.7826666666666666,0.7028300793650792,0.4567843611111111,fits your budget; good sustainability alignment,0.8095238095238095,0.2971699206349207
U049,D031,Nine Arches Bridge,heritage;nature,badulla,3000,66,68,30.8,0.032,0.968,0.802,0.612,0.665,29.1955,High,0.1201290764900024,1.0,0.0,0.984,0.94,0.6930000000000001,0.708045,0.5271345191225006,fits your budget; suitable weather conditions; good sustainability alignment,1.0,0.29195499999999996
U049,D068,Ratnapura Gem Museum Area,culture;heritage,ratnapura,4000,56,62,29.8,0.086,0.914,0.684,0.714,0.727,26.34284318555008,High,0.1636683450935432,1.0,0.0,0.957,0.94,0.7083333333333334,0.7365715681444992,0.5239932837282297,fits your budget; suitable weather conditions; good sustainability alignment,0.7142857142857143,0.2634284318555008
U049,D061,Belilena Cave,heritage;nature,kegalle,3000,61,68,29.9,0.335,0.665,0.64,0.57,0.777,29.927790314401623,High,0.1133262940333515,1.0,0.0,0.8325,0.94,0.6623333333333333,0.7007220968559837,0.5068510116844703,fits your budget; suitable weather conditions; good sustainability alignment,1.0,0.29927790314401626
U049,D017,Udawattakele Forest Reserve,nature,kandy,3000,72,67,26.1,0.296,0.704,0.944,0.891,0.749,28.01564619883041,High,0.0,1.0,0.0,0.852,0.94,0.8613333333333334,0.7198435380116959,0.49894455785296576,fits your budget; suitable weather conditions; good sustainability alignment,0.9523809523809523,0.28015646198830413
U049,D083,Hummanaya Blow Hole,nature;coastal,matara,3000,58,67,25.9,0.173,0.827,0.786,0.804,0.812,33.13954424827962,High,0.0,1.0,0.0,0.9135,0.94,0.8006666666666667,0.6686045575172038,0.4964659421615745,fits your budget; suitable weather conditions; good sustainability alignment,0.9523809523809523,0.3313954424827962
U049,D062,Adam's Peak,religious;nature,ratnapura,5000,62,65,27.5,0.372,0.628,0.871,0.691,0.841,28.97799071688546,High,0.0,1.0,0.0,0.8140000000000001,0.94,0.8009999999999998,0.7102200928311454,0.48386814749870016,fits your budget; suitable weather conditions; good sustainability alignment,0.8571428571428571,0.2897799071688546
U049,D035,Diyaluma Falls,nature;adventure,badulla,5000,67,62,25.3,0.167,0.833,0.829,0.573,0.88,28.68648672161173,High,0.0,1.0,0.0,0.9165,0.94,0.7606666666666667,0.7131351327838826,0.4830877090201465,fits your budget; suitable weather conditions; good sustainability alignment,0.7142857142857143,0.2868648672161173
U049,D063,Sinharaja Forest Reserve,nature;wildlife,ratnapura,8000,69,67,29.4,0.261,0.739,0.836,0.586,0.664,27.5105,High,0.0,0.625,0.0,0.8694999999999999,0.94,0.6953333333333332,0.7248950000000001,0.42809713095238094,suitable weather conditions; good sustainability alignment,0.9523809523809523,0.275105
U049,D009,Wilpattu National Park,wildlife;nature,puttalam,16000,63,68,27.6,0.173,0.827,0.665,0.761,0.79,30.689920967190705,High,0.0,0.3125,0.0,0.9135,0.94,0.7386666666666667,0.693100790328093,0.39074670618307134,suitable weather conditions; good sustainability alignment,1.0,0.30689920967190704
U049,D064,Udawalawe National Park,wildlife;nature,ratnapura,15000,64,66,29.9,0.244,0.756,0.811,0.753,0.705,27.03333333333333,High,0.0,0.3333333333333333,0.0,0.878,0.94,0.7563333333333334,0.7296666666666667,0.3891547619047619,suitable weather conditions; good sustainability alignment,0.9047619047619048,0.2703333333333333
U050,D064,Udawalawe National Park,wildlife;nature,ratnapura,15000,64,66,29.9,0.244,0.756,0.811,0.753,0.705,27.03333333333333,High,0.5392512103455046,0.5333333333333333,1.0,0.5,0.7,0.7563333333333334,0.7296666666666667,0.692167564491138,matches your preferred crowd level; good sustainability alignment,0.9047619047619048,0.2703333333333333
U050,D009,Wilpattu National Park,wildlife;nature,puttalam,16000,63,68,27.6,0.173,0.827,0.665,0.761,0.79,30.689920967190705,High,0.5472258339847684,0.5,1.0,0.5,0.7,0.7386666666666667,0.693100790328093,0.6903281646792635,matches your preferred crowd level; good sustainability alignment,1.0,0.30689920967190704
U050,D017,Udawattakele Forest Reserve,nature,kandy,3000,72,67,26.1,0.296,0.704,0.944,0.891,0.749,28.01564619883041,High,0.1561397231176412,1.0,1.0,0.5,0.7,0.8613333333333334,0.7198435380116959,0.678779488632376,fits your budget; matches your preferred crowd level; good sustainability alignment,0.9523809523809523,0.28015646198830413
U050,D063,Sinharaja Forest Reserve,nature;wildlife,ratnapura,8000,69,67,29.4,0.261,0.739,0.836,0.586,0.664,27.5105,High,0.2184832686662854,1.0,1.0,0.5,0.7,0.6953333333333332,0.7248950000000001,0.6780179481189524,fits your budget; matches your preferred crowd level; good sustainability alignment,0.9523809523809523,0.275105
U050,D022,Horton Plains National Park,nature;wildlife,nuwara eliya,7000,65,64,26.4,0.371,0.629,0.787,0.626,0.935,29.71699206349207,High,0.207355664737654,1.0,1.0,0.5,0.7,0.7826666666666666,0.7028300793650792,0.6757232772955246,fits your budget; matches your preferred crowd level; good sustainability alignment,0.8095238095238095,0.2971699206349207
U050,D083,Hummanaya Blow Hole,nature;coastal,matara,3000,58,67,25.9,0.173,0.827,0.786,0.804,0.812,33.13954424827962,High,0.0617602659019648,1.0,1.0,0.5,0.7,0.8006666666666667,0.6686045575172038,0.6465560086370657,fits your budget; matches your preferred crowd level; good sustainability alignment,0.9523809523809523,0.3313954424827962
U050,D062,Adam's Peak,religious;nature,ratnapura,5000,62,65,27.5,0.372,0.628,0.871,0.691,0.841,28.97799071688546,High,0.056601216562501,1.0,1.0,0.5,0.7,0.8009999999999998,0.7102200928311454,0.6426184516393254,fits your budget; matches your preferred crowd level; good sustainability alignment,0.8571428571428571,0.2897799071688546
U050,D031,Nine Arches Bridge,heritage;nature,badulla,3000,66,68,30.8,0.032,0.968,0.802,0.612,0.665,29.1955,High,0.064649447958315,1.0,1.0,0.5,0.7,0.6930000000000001,0.708045,0.6408646119895788,fits your budget; matches your preferred crowd level; good sustainability alignment,1.0,0.29195499999999996
U050,D061,Belilena Cave,heritage;nature,kegalle,3000,61,68,29.9,0.335,0.665,0.64,0.57,0.777,29.927790314401623,High,0.0609884181456069,1.0,1.0,0.5,0.7,0.6623333333333333,0.7007220968559837,0.6365165427125343,fits your budget; matches your preferred crowd level; good sustainability alignment,1.0,0.29927790314401626
U050,D068,Ratnapura Gem Museum Area,culture;heritage,ratnapura,4000,56,62,29.8,0.086,0.914,0.684,0.714,0.727,26.34284318555008,High,0.0,1.0,1.0,0.5,0.7,0.7083333333333334,0.7365715681444992,0.613376197454844,fits your budget; matches your preferred crowd level; good sustainability alignment,0.7142857142857143,0.2634284318555008
